nome_estacao,codigo,municipio,estacao,latitude,longitude,regiao,rpga,01_06_17,02_06_17,03_06_17,04_06_17,05_06_17,06_06_17,07_06_17,08_06_17,09_06_17,10_06_17,11_06_17,12_06_17,13_06_17,14_06_17,15_06_17,16_06_17,17_06_17,18_06_17,19_06_17,20_06_17,21_06_17,22_06_17,23_06_17,24_06_17,25_06_17,26_06_17,27_06_17,28_06_17,29_06_17,30_06_17,total
Itaberaba,A408,Itaberaba,Itaberaba - A408,-12.524062,-40.299714,Chapada Diamantina,RPGA do Rio Paraguaçu,0.0,0.0,0.0,1.2,5.6,1.2,2.0,0.2,2.0,0.0,0.0,0.0,0.0,0.0,1.0,1.4,0.0,0.0,0.0,0.0,0.0,0.0,6.0,2.4,0.0,1.0,3.2,0.6,4.8,0.0,32.6
Macajuba,A412,Macajuba,Macajuba - A412,-12.131694,-40.354222,Chapada Diamantina,RPGA do Rio Paraguaçu,0.0,0.0,0.0,0.0,0.2,0.4,0.0,0.2,0.0,0.4,2.2,1.8,0.0,0.2,0.4,0.2,0.0,0.0,0.0,0.0,0.0,0.0,0.0,0.0,0.0,0.0,0.0,0.0,0.0,0.0,6.01
Itaberaba,83244,Itaberaba,Itaberaba - 83244,-12.516667,-40.283333,Chapada Diamantina,RPGA do Rio Paraguaçu,0.0,0.0,0.0,1.2,4.6,0.9,1.5,0.0,1.6,0.0,0.0,0.0,0.0,0.0,0.7,0.9,0.0,0.0,0.0,0.0,0.0,0.0,4.5,1.9,0.0,0.5,1.6,0.3,3.7,0.0,23.9
Lençóis,83242,Lençóis,Lençóis - 83242,-12.5575,-41.388889,Chapada Diamantina,RPGA do Rio Paraguaçu,0.0,0.0,0.0,1.7,4.9,1.1,0.2,2.6,0.3,0.0,0.0,0.0,0.0,0.0,0.0,4.4,0.3,0.0,0.0,0.0,0.0,2.4,0.2,0.3,0.0,0.1,3.1,0.5,4.6,0.0,26.71
Morro do Chapéu,83184,Morro do Chapéu,Morro do Chapéu - 83184,-11.216667,-41.216667,Chapada Diamantina,RPGA do Rio Salitre,0.0,0.0,0.0,0.0,11.2,0.0,0.0,0.0,0.0,0.0,0.0,0.0,0.0,0.0,1.0,3.2,2.4,0.0,0.0,0.0,0.0,0.0,2.7,1.0,0.0,0.5,0.0,0.4,2.0,0.0,24.4
Piatã,A430,Piatã,Piatã - A430,-13.155681,-41.774125,Chapada Diamantina,RPGA do Rio de Contas,0.0,0.0,0.0,0.0,0.2,0.0,0.2,0.4,0.2,0.0,0.0,0.0,0.0,0.0,0.0,0.4,0.0,0.0,0.0,0.0,0.0,0.0,0.2,0.2,0.0,0.4,0.4,0.6,0.6,0.0,3.8
Lençóis,A425,Lençóis,Lençóis - A425,-12.557854,-41.388808,Chapada Diamantina,RPGA do Rio Paraguaçu,0.0,0.0,0.0,1.8,5.2,1.2,0.2,3.2,0.0,0.0,0.0,0.0,0.0,0.0,0.0,4.8,0.2,0.0,0.0,0.0,0.0,2.4,0.2,0.4,0.0,0.0,3.2,0.6,4.8,0.0,28.2
Itaetê,,Itaetê,Itaetê,-12.991944,-40.960833,Chapada Diamantina,RPGA do Rio Paraguaçu,0.0,0.0,0.0,2.6,10.4,5.0,0.4,3.2,0.0,0.0,0.0,0.0,0.0,0.0,0.0,1.6,0.0,0.0,0.0,0.0,0.0,0.0,0.2,0.6,0.0,0.0,2.0,0.0,2.4,1.0,29.4
Boa Vista Tupim,PG-PR-17,Boa Vista Tupim,Boa Vista Tupim - PG-PR-17,-12.65622,-40.589813,Chapada Diamantina,RPGA do Rio Paraguaçu,0.0,0.0,0.0,0.5,4.75,0.25,1.0,0.25,1.25,0.0,0.0,0.0,0.0,0.0,0.0,0.5,0.0,0.0,0.0,0.0,0.0,0.0,0.0,0.0,0.0,0.0,0.0,1.75,0.5,0.0,10.75
Ruy Barbosa,PG-PR-18,Ruy Barbosa,Ruy Barbosa - PG-PR-18,-12.285653,-40.513698,Chapada Diamantina,RPGA do Rio Paraguaçu,0.0,0.0,0.0,0.75,2.5,0.75,0.5,0.0,0.0,0.0,0.0,0.0,0.0,0.0,0.0,1.0,0.5,0.0,0.0,0.0,0.0,0.0,2.0,0.25,0.0,0.25,1.5,0.25,1.0,0.0,11.25
Wagner,PG-PR-22,Wagner,Wagner - PG-PR-22,-12.289538,-41.161774,Chapada Diamantina,RPGA do Rio Paraguaçu,0.0,0.0,0.0,0.75,1.5,1.0,0.0,0.75,0.0,0.0,0.0,0.0,0.0,0.0,0.0,0.0,0.0,0.0,0.0,0.0,0.0,0.0,0.0,0.0,0.0,0.0,0.0,0.0,0.75,0.0,4.75
Guiné,PG-PR-24,Mucugê,Mucugê (Guiné) - PG-PR-24,-12.771772,-41.540679,Chapada Diamantina,RPGA do Rio Paraguaçu,0.0,0.0,0.0,0.0,1.75,0.5,0.0,1.5,0.0,0.0,0.0,0.0,0.0,0.0,0.0,1.75,0.75,0.0,0.0,0.0,0.0,0.0,0.5,0.25,0.0,0.0,0.5,0.5,2.0,0.0,10.0
Cascavel,PG-PR-27,Mucugê,Mucugê (Cascavel) - PG-PR-27,-13.285954,-41.287619,Chapada Diamantina,RPGA do Rio Paraguaçu,0.0,0.0,0.0,0.25,0.0,2.5,1.25,2.0,0.25,0.0,0.0,0.0,0.0,0.0,0.0,3.0,0.25,0.0,0.0,0.0,0.0,0.0,0.5,1.0,0.0,0.25,0.0,1.0,4.75,0.0,17.0
Mulungu do Morro,,Mulungu do Morro,Mulungu do Morro,-11.980363,-41.619012,Chapada Diamantina,RPGA do Rio Paraguaçu,0.0,0.0,0.0,0.4,2.2,0.4,0.0,0.0,0.0,0.0,0.0,0.0,0.0,0.0,0.0,1.0,0.0,0.0,0.0,0.0,0.0,0.0,0.0,0.0,0.0,0.0,0.0,0.2,0.0,0.2,4.4
Barro Alto,,Barro Alto,Barro Alto,-11.769188,-41.909464,Chapada Diamantina,RPGA dos Rios Verde e Jacaré,0.0,0.0,0.0,0.0,1.0,0.6,0.0,0.0,0.0,0.0,0.0,0.0,0.0,0.0,0.0,0.0,0.2,0.0,0.0,0.0,0.0,0.0,0.0,0.0,0.0,0.0,0.0,0.0,0.0,0.0,1.8
Canarana,,Canarana,Canarana,-11.69541,-41.78921,Chapada Diamantina,RPGA dos Rios Verde e Jacaré,0.0,0.0,0.0,0.0,3.8,0.4,0.0,0.0,0.0,0.0,0.0,0.0,0.0,0.0,0.0,0.0,0.0,0.0,0.0,0.0,0.0,0.0,0.0,0.0,0.0,0.0,0.0,0.0,0.2,0.0,4.4
Barra dos Mendes,,Barra dos Mendes,Barra dos Mendes,-11.805077,-42.05708,Chapada Diamantina,RPGA dos Rios Verde e Jacaré,0.0,0.0,0.0,0.0,0.0,4.8,0.2,0.0,0.0,0.0,0.0,0.0,0.0,0.0,0.0,1.2,0.0,0.0,0.0,0.0,0.0,0.0,0.0,0.0,0.0,0.0,0.0,0.0,0.0,0.0,6.2
Olho D'Água do Francisco,,Olho D'Água do Francisco,Olho D'Água do Francisco,-12.307034,-42.079028,Chapada Diamantina,RPGA dos Rios Verde e Jacaré,0.0,0.0,0.0,0.0,0.6,1.2,0.2,0.6,0.2,0.0,0.0,0.0,0.0,0.0,0.0,5.0,0.0,0.0,0.0,0.0,0.0,0.0,0.0,0.0,0.0,0.2,0.2,0.2,1.0,0.0,9.4
Ibiaporã,PG-CL-01,Mundo Novo,Mundo Novo (Ibiaporã) - PG-CL-01,-12.05379,-40.83722,Chapada Diamantina,RPGA do Rio Paraguaçu,0.25,0.0,0.0,0.25,6.25,3.25,1.5,0.25,0.0,0.0,0.0,0.0,0.0,0.0,0.0,0.75,1.0,0.0,0.0,0.75,0.0,0.0,2.25,1.5,0.0,0.5,1.25,3.5,5.75,0.0,29.0
Marcionílio Souza,PG-CL-03,Marcionílio Souza,Marcionílio Souza - PG-CL-03,-13.00021,-40.537783,Chapada Diamantina,RPGA do Rio Paraguaçu,0.0,0.0,0.0,0.75,1.75,4.75,0.25,1.5,2.0,0.0,0.0,0.0,0.0,0.0,0.0,0.0,0.0,0.0,0.0,0.0,0.0,0.0,0.0,0.25,0.0,0.0,0.25,0.5,8.75,0.25,21.0
Iraquara,PG-PR-02,Iraquara,Iraquara - PG-PR-02,-12.255093,-41.61679,Chapada Diamantina,RPGA do Rio Paraguaçu,0.0,0.0,0.0,0.25,1.25,0.5,0.25,0.0,0.0,0.0,0.0,0.0,0.0,0.0,0.0,2.25,0.75,0.0,0.0,0.0,0.0,0.0,0.0,0.0,0.0,0.0,0.0,0.5,0.0,0.0,5.75
Tapiramutá,PG-PR-09,Tapiramutá,Tapiramutá - PG-PR-09,-11.838502,-40.791761,Chapada Diamantina,RPGA do Rio Paraguaçu,0.0,0.0,0.0,0.0,6.75,2.0,0.0,0.25,0.0,0.0,0.0,0.0,0.0,0.25,2.0,5.0,2.75,0.25,0.0,0.25,0.0,0.25,6.5,6.25,0.0,0.5,4.25,2.75,6.0,0.0,46.0
Ventura,PG-PR-10,Morro do Chapéu,Morro do Chapéu (Ventura) - PG-PR-10,-11.650911,-40.951765,Chapada Diamantina,RPGA do Rio Paraguaçu,0.0,0.0,0.0,0.0,6.25,0.0,0.0,0.0,0.0,0.0,0.0,0.0,0.0,0.0,0.25,0.75,1.0,0.0,0.0,0.0,0.0,1.0,1.5,2.25,0.0,0.25,0.5,0.25,1.75,0.25,16.0
Bonito,PG-PR-11,Bonito,Bonito - PG-PR-11,-11.98993,-41.25429,Chapada Diamantina,RPGA do Rio Paraguaçu,0.0,0.0,0.0,1.75,7.75,2.0,0.75,0.5,0.0,0.0,0.0,0.0,0.0,0.0,0.0,4.75,0.25,0.5,0.0,1.75,0.0,0.0,2.75,4.0,0.0,0.5,2.0,2.25,5.5,0.25,37.25
Piatã,CO-CL-04,Piatã,Piatã - CO-CL-04,-13.164166,-41.770833,Chapada Diamantina,RPGA do Rio de Contas,0.0,0.0,0.0,1.25,1.75,1.0,0.0,5.25,0.0,0.0,0.0,0.0,0.0,0.0,0.0,6.5,0.25,0.0,0.0,0.0,0.0,0.0,2.75,3.25,0.0,3.25,2.75,7.0,9.0,0.0,44.0
PC Ponte Rio Capivari,51326200,Itaberaba,Itaberaba (PC Ponte Rio Capivari) - 51326200,-12.51429,-39.93422,Chapada Diamantina,RPGA do Rio Paraguaçu,0.0,0.0,0.0,6.8,0.0,0.0,0.0,0.0,0.0,0.0,0.0,0.0,0.0,0.0,0.0,0.0,0.0,0.0,0.0,0.0,0.0,0.0,0.0,0.0,0.0,0.0,0.0,0.0,0.0,0.0,6.8
Cipó,83192,Cipó,Cipó - 83192,-11.083333,-38.516667,Nordeste,RPGA do Rio Itapicuru,1.0,0.0,0.0,1.3,1.1,0.0,0.8,2.2,0.0,0.0,0.0,0.0,3.0,7.8,0.0,3.7,6.4,9.0,6.7,1.1,12.0,4.8,3.4,4.8,2.8,3.6,0.6,1.3,0.0,3.9,81.3
Jacobina,83186,Jacobina,Jacobina - 83186,-11.172778,-40.534167,Nordeste,RPGA do Rio Itapicuru,0.0,0.0,0.0,0.9,3.2,0.0,0.0,0.0,0.0,0.0,0.0,0.0,0.0,2.6,0.0,0.1,0.0,3.1,2.4,0.0,0.0,0.0,0.7,0.2,0.0,0.2,0.0,0.0,0.5,0.0,13.9
Monte Santo,83090,Monte Santo,Monte Santo - 83090,-10.4425,-39.331111,Nordeste,RPGA do Rio Itapicuru,0.0,0.9,0.0,2.0,1.6,0.0,0.9,0.0,0.0,0.0,0.0,0.0,2.3,1.4,0.0,1.0,0.8,6.1,7.8,0.0,7.4,0.9,1.4,5.4,0.4,1.9,0.0,0.8,0.0,2.5,45.5
Serrinha,83190,Serrinha,Serrinha - 83190,-11.633333,-38.966667,Nordeste,RPGA do Recôncavo Norte,2.1,0.0,0.0,1.8,1.5,0.0,0.8,0.1,0.2,0.0,0.0,0.0,0.0,0.5,0.0,0.7,0.0,13.9,5.9,0.6,5.9,2.7,0.2,2.3,0.0,2.5,0.8,1.1,0.0,8.4,52.0
Uauá,A435,Uauá,Uauá - A435,-9.833617,-39.495631,Nordeste,RPGA do Rio Vaza-Barris,1.0,0.0,0.2,3.2,0.0,0.0,1.8,0.0,0.0,0.0,0.0,0.0,0.6,15.2,0.0,0.0,1.6,2.0,8.0,0.0,1.4,0.2,0.4,2.2,0.0,2.0,0.0,0.0,0.0,0.4,40.2
Queimadas,A436,Queimadas,Queimadas - A436,-10.984645,-39.617009,Nordeste,RPGA do Rio Itapicuru,0.0,0.0,0.0,0.0,3.6,0.0,0.0,0.0,0.0,0.0,0.0,0.0,0.0,1.2,0.0,2.6,0.4,24.8,4.8,0.0,9.8,0.0,0.2,0.6,0.0,1.0,0.0,0.8,0.0,0.8,50.6
Serrinha,A441,Serrinha,Serrinha - A441,-11.664586,-39.022946,Nordeste,RPGA do Rio Paraguaçu,1.0,0.0,0.2,3.6,3.0,0.2,0.4,0.0,0.6,0.0,0.0,0.0,0.0,0.4,0.0,1.0,0.0,12.4,6.2,0.4,4.4,2.2,0.2,5.8,0.0,2.4,2.4,2.6,0.2,5.8,55.4
Senhor do Bonfim,A428,Senhor do Bonfim,Senhor do Bonfim - A428,-10.443072,-40.148244,Nordeste,RPGA do Rio Itapicuru,0.0,0.0,0.0,1.4,1.0,0.2,0.0,0.0,0.0,0.0,0.0,0.0,0.0,2.6,0.0,1.4,1.2,9.6,5.8,0.4,2.4,0.0,1.2,0.8,0.0,8.6,0.0,0.6,0.0,1.4,38.6
Pedras Altas,50430000,Capim Grosso,Capim Grosso (Pedras Altas) - 50430000,-11.18288,-40.04725,Nordeste,RPGA do Rio Itapicuru,0.0,0.0,0.0,0.0,0.8,0.0,0.0,0.0,0.0,0.0,0.0,0.0,0.0,1.6,0.0,0.0,0.0,15.4,1.4,0.0,0.0,0.0,0.8,0.0,0.2,3.2,0.0,1.8,1.8,0.0,27.0
Ponto Novo,50380000,Ponto Novo,Ponto Novo - 50380000,-10.845,-40.1128,Nordeste,RPGA do Rio Itapicuru,0.0,0.0,0.0,0.4,0.4,0.0,0.0,0.0,0.0,0.0,0.0,0.0,0.0,0.0,0.2,0.0,0.0,15.2,3.0,0.2,0.0,0.0,0.4,0.4,0.2,3.8,0.0,1.8,0.4,0.8,27.2
Ipirá,PG-CL-02,Ipirá,Ipirá - PG-CL-02,-12.14986,-39.76454,Nordeste,RPGA do Rio Paraguaçu,0.0,0.0,0.0,0.25,10.25,1.25,0.0,0.0,0.0,0.0,0.0,0.0,0.0,0.0,0.0,5.75,0.5,3.0,5.25,0.0,0.0,0.0,5.25,2.0,0.0,3.75,4.0,2.0,2.75,1.25,47.25
Serrinha,RN-CL-02,Serrinha,Serrinha - RN-CL-02,-11.648333,-38.982777,Nordeste,RPGA do Recôncavo Norte,0.25,0.0,0.0,0.0,2.0,0.0,0.0,0.0,0.0,0.0,0.0,0.0,0.0,0.25,0.0,0.5,0.0,9.25,5.0,0.0,0.5,0.5,0.0,14.75,0.0,0.75,2.25,0.0,0.0,4.25,40.25
Valente,PG-PR-04,Valente,Valente - PG-PR-04,-11.40119,-39.458099,Nordeste,RPGA do Rio Paraguaçu,0.0,0.0,0.0,7.0,0.75,5.0,6.75,8.25,0.25,0.0,0.0,0.0,0.0,0.0,0.0,6.75,3.75,0.0,0.0,0.25,0.0,0.0,2.5,0.75,0.5,2.0,6.0,7.0,2.25,0.5,60.25
Pé de Serra,PG-PR-06,Pé de Serra,Pé de Serra - PG-PR-06,-11.833423,-39.623663,Nordeste,RPGA do Rio Paraguaçu,0.0,0.0,0.0,0.75,2.75,0.0,0.0,0.0,0.0,0.0,0.0,0.0,0.0,0.25,0.0,1.0,0.0,5.0,1.25,0.0,0.25,1.25,1.0,0.5,0.0,0.75,1.0,0.25,0.25,0.0,16.25
Centro,293010501A,Senhor do Bonfim,Senhor do Bonfim (Centro) - 293010501A,-10.464,-40.19,Nordeste,RPGA do Rio Itapicuru,0.0,0.0,0.0,1.8,1.6,0.0,0.0,0.0,0.0,0.0,0.0,0.0,1.0,2.6,0.2,2.4,1.2,11.8,4.8,0.2,2.8,0.2,0.6,0.4,0.0,3.8,0.0,0.0,0.2,1.2,36.81
Itapeipu,IT-PR-34,Jacobina,Jacobina (Itapeipu) - IT-PR-34,-11.315629,-40.356742,Nordeste,RPGA do Rio Itapicuru,0.0,0.0,0.0,0.0,0.0,0.0,0.0,0.0,0.0,0.0,0.0,0.0,0.0,0.5,0.0,0.0,0.5,8.0,2.0,0.0,0.0,0.0,2.75,0.0,0.0,3.0,1.0,0.25,1.0,0.25,19.25
Caém,IT-PR-35,Caém,Caém - IT-PR-35,-11.093399,-40.437579,Nordeste,RPGA do Rio Itapicuru,0.0,0.0,0.0,0.0,1.0,0.0,0.0,0.0,0.75,0.0,0.0,0.0,0.0,2.25,0.0,0.0,0.0,10.75,1.5,0.0,0.0,1.25,2.0,1.0,0.0,2.0,0.25,0.0,0.25,0.0,23.0
Tombador Araújo,IT-PR-36,Jacobina,Jacobina (Tombador Araújo) - IT-PR-36,-11.168677,-40.670642,Nordeste,RPGA do Rio Itapicuru,0.0,0.0,0.0,0.0,1.5,0.25,0.0,0.0,0.0,0.0,0.0,0.0,0.0,3.5,0.0,0.25,0.75,0.75,0.25,0.0,0.75,0.0,1.0,0.0,0.0,1.0,0.25,0.0,0.75,0.0,11.0
Pedra Vermelha,IT-PR-24,Monte Santo,Monte Santo (Pedra Vermelha) - IT-PR-24,-10.454497,-39.559488,Nordeste,RPGA do Rio Itapicuru,0.0,0.25,0.0,1.0,2.25,0.0,0.0,0.0,0.0,0.0,0.0,0.0,0.5,3.25,0.0,0.0,0.0,3.75,6.25,0.0,10.25,1.75,0.5,1.0,0.0,2.75,0.0,0.0,0.0,1.0,34.5
Quijingue,IT-PR-25,Quijingue,Quijingue - IT-PR-25,-10.783951,-39.20809,Nordeste,RPGA do Rio Itapicuru,0.75,0.75,1.0,1.25,1.75,0.0,0.0,0.0,0.0,0.0,0.0,0.0,0.5,0.75,0.0,0.5,0.25,4.25,4.75,0.0,1.75,0.0,0.75,7.5,2.25,2.5,0.0,0.0,0.0,2.5,33.75
Curral Falso,IT-PR-01,Ribeira do Pombal,Ribeira do Pombal (Curral Falso) - IT-PR-01,-10.697843,-38.5714,Nordeste,RPGA do Rio Itapicuru,0.5,0.0,0.0,2.25,1.5,0.0,1.5,0.25,0.0,0.0,0.0,0.0,2.0,5.5,0.0,1.0,20.0,9.25,1.75,0.5,2.0,1.75,1.25,2.75,5.5,9.75,0.25,0.75,0.0,6.25,76.25
Olindina,IT-PR-11,Olindina,Olindina - IT-PR-11,-11.343693,-38.318892,Nordeste,RPGA do Rio Itapicuru,0.5,0.0,0.0,2.0,0.5,0.0,0.0,3.25,0.0,0.0,0.0,0.0,2.0,1.25,0.0,3.5,2.75,1.0,1.25,0.25,0.25,1.0,1.0,1.5,2.5,4.5,0.75,0.0,0.0,3.0,32.75
Itapicuru,IT-PR-12,Itapicuru,Itapicuru - IT-PR-12,-11.321193,-38.225003,Nordeste,RPGA do Rio Itapicuru,0.0,0.0,0.0,2.0,0.0,0.0,0.0,2.0,0.25,0.0,0.0,1.0,2.75,3.75,0.0,5.0,6.75,3.25,1.5,1.5,6.0,0.0,0.5,6.0,1.75,1.75,1.0,0.0,0.25,6.25,53.25
Jeremoabo,A450,Jeremoabo,Jeremoabo - A450,-10.0807,-38.3459,Nordeste,RPGA do Rio Vaza-Barris,9.8,0.8,0.2,0.6,0.0,0.0,5.6,0.8,1.8,0.2,0.0,0.0,1.8,8.6,0.0,2.8,5.4,1.8,7.0,2.8,4.4,4.8,1.6,7.8,8.4,4.0,1.0,0.0,0.0,5.4,87.4
Itaberaba,291840701A,Juazeiro,Juazeiro (Itaberaba) - 291840701A,-9.44837,-40.48517,Norte,RPGA dos Rios Macururé e Curaçá,0.2,0.2,0.0,0.0,0.0,0.0,0.0,0.0,0.0,0.0,0.0,0.0,0.0,0.0,0.0,0.0,0.0,4.8,0.0,0.0,0.2,0.0,0.0,0.0,0.0,0.2,0.0,0.2,0.0,0.0,5.81
Malhada da Areia,291840702A,Juazeiro,Juazeiro (Malhada da Areia) - 291840702A,-9.44181,-40.51381,Norte,RPGA dos Rios Macururé e Curaçá,0.6,0.0,0.0,0.0,0.0,0.0,0.0,0.0,0.0,0.0,0.0,0.0,0.0,0.0,0.0,0.0,0.0,4.0,0.0,0.0,0.0,0.0,0.0,0.0,0.0,0.4,0.0,0.0,0.0,0.0,5.0
Maria Gorete,291840703A,Juazeiro,Juazeiro (Maria Gorete) - 291840703A,-9.42014,-40.49909,Norte,RPGA dos Rios Macururé e Curaçá,0.0,0.0,0.0,1.0,0.0,0.0,0.0,0.0,0.0,0.0,0.0,0.0,0.0,0.0,0.0,0.0,0.0,5.2,0.2,0.0,0.0,0.0,0.0,0.0,0.0,0.0,0.0,0.0,0.0,0.0,6.4
João Paulo II,291840704A,Juazeiro,Juazeiro (João Paulo II) - 291840704A,-9.47067,-40.49805,Norte,RPGA dos Rios Macururé e Curaçá,0.0,0.0,0.0,0.0,0.0,0.0,0.0,0.0,0.0,0.0,0.0,0.0,0.0,0.0,0.0,0.0,0.0,1.4,0.2,0.0,0.0,0.0,0.0,0.0,0.0,0.8,0.2,0.2,0.0,0.0,2.81
Lapão,291915701A,Lapão,Lapão - 291915701A,-11.38,-41.83,Norte,RPGA dos Rios Verde e Jacaré,0.0,0.0,0.0,0.0,0.4,0.2,0.0,0.0,0.0,0.0,0.0,0.0,0.0,0.0,0.0,0.0,0.0,0.0,0.0,0.0,0.0,0.0,0.0,0.0,0.0,0.0,0.0,0.0,0.0,0.0,0.61
Irecê,83182,Irecê,Irecê - 83182,-11.3,-41.866667,Norte,RPGA dos Rios Verde e Jacaré,0.0,0.0,0.0,0.0,1.2,0.0,0.0,0.0,0.0,0.0,0.0,0.0,0.0,0.0,0.0,0.0,0.0,0.0,0.0,0.0,0.0,0.0,0.0,0.0,0.0,0.0,0.0,0.0,0.0,0.0,1.2
Remanso,82979,Remanso,Remanso - 82979,-9.633333,-42.1,Norte,RPGA do Lago de Sobradinho,0.0,0.0,0.0,0.0,0.0,0.0,0.0,0.0,0.0,0.0,0.0,0.0,0.0,0.0,0.0,0.0,0.0,4.7,0.0,0.0,0.0,0.0,0.0,0.0,0.0,0.0,0.0,0.0,0.0,0.0,4.7
Delfino,A443,Umburanas,Umburanas (Delfino) - A443,-10.45492,-41.206996,Norte,RPGA do Rio Salitre,0.0,0.0,0.0,0.0,0.6,0.0,0.0,0.0,0.0,0.0,0.0,0.0,0.0,0.0,0.0,0.0,0.0,1.6,0.2,0.0,0.0,0.6,0.4,0.0,0.0,1.0,0.0,0.8,0.0,0.0,5.2
Remanso,A423,Remanso,Remanso - A423,-9.625693,-42.077214,Norte,RPGA do Lago de Sobradinho,0.0,0.0,0.0,0.0,0.0,0.0,0.0,0.0,0.0,0.0,0.0,0.0,0.0,0.0,0.0,0.0,0.0,4.8,0.0,0.0,0.0,0.0,0.0,0.0,0.0,0.0,0.0,0.0,0.0,0.0,4.8
Irecê,A424,Irecê,Irecê - A424,-11.328998,-41.864504,Norte,RPGA dos Rios Verde e Jacaré,0.0,0.0,0.0,0.0,1.2,0.0,0.0,0.0,0.0,0.0,0.0,0.0,0.0,0.0,0.0,0.0,0.0,0.0,0.0,0.0,0.0,0.0,0.0,0.0,0.0,0.0,0.0,0.0,0.0,0.0,1.2
Casa Nova,Faz. Santa Felicidade,Casa Nova,Casa Nova - Faz. Santa Felicidade,-9.333333,-40.8,Norte,RPGA do Lago de Sobradinho,0.0,0.0,0.0,0.0,0.0,0.0,0.0,0.0,0.0,0.0,0.0,0.0,0.0,0.0,0.0,0.0,2.0,1.5,0.0,0.0,0.0,0.0,0.0,0.0,0.0,0.0,0.0,0.0,0.0,0.0,3.5
Juazeiro,Fazenda Brasil Uvas,Juazeiro,Juazeiro - Fazenda Brasil Uvas,-9.316666,-40.183333,Norte,RPGA dos Rios Macururé e Curaçá,0.0,0.5,0.0,0.0,0.0,0.0,0.0,0.0,0.0,0.0,0.0,0.0,0.0,0.0,0.0,0.0,0.0,1.8,0.8,2.5,0.8,0.0,0.0,0.0,0.0,0.0,0.0,0.0,0.0,0.0,6.4
Juazeiro,Massaroca,Juazeiro,Juazeiro - Massaroca,-9.8,-40.233333,Norte,RPGA dos Rios Macururé e Curaçá,0.0,0.6,0.4,0.0,0.1,0.0,0.0,0.0,0.0,0.0,0.0,0.0,0.0,0.6,0.0,0.0,0.0,2.4,0.0,0.0,1.2,0.0,0.0,1.0,0.2,0.0,0.5,0.0,0.0,0.0,7.0
Jaguarari,Pilar,Jaguarari,Jaguarari - Pilar,-9.85,-39.933333,Norte,RPGA dos Rios Macururé e Curaçá,0.1,0.2,0.0,0.1,0.1,0.0,0.0,0.2,0.0,0.0,0.0,0.0,0.0,2.0,0.0,0.0,0.0,1.7,0.7,1.7,3.4,0.1,0.5,0.6,0.6,0.0,1.8,0.0,0.0,0.0,13.8
Juazeiro,Santa Helena,Juazeiro,Juazeiro - Santa Helena,-9.566666,-40.3,Norte,RPGA dos Rios Macururé e Curaçá,0.2,0.3,0.0,0.0,0.0,0.0,0.0,0.1,0.0,0.0,0.0,0.0,0.0,0.8,0.1,0.0,0.0,0.0,2.2,0.0,0.0,1.2,0.0,0.0,0.0,0.0,0.3,0.0,0.0,0.0,5.2
Juazeiro,Salitre,Juazeiro,Juazeiro - Salitre,-9.5,-40.633333,Norte,RPGA dos Rios Macururé e Curaçá,0.0,0.0,0.0,0.0,0.0,0.0,0.0,0.0,0.0,0.0,0.0,0.0,0.0,0.0,0.0,0.0,0.2,0.0,0.0,0.1,0.0,0.0,0.0,0.0,0.0,0.0,0.0,0.0,0.0,0.0,0.31
Ibitibá,,Ibitibá,Ibitibá,-11.551736,-41.968187,Norte,RPGA dos Rios Verde e Jacaré,0.0,0.0,0.0,0.0,6.4,0.0,0.0,0.0,0.0,0.0,0.0,0.0,0.0,0.0,0.0,0.0,0.0,0.0,0.0,0.0,0.0,0.0,0.0,0.0,0.0,0.0,0.0,0.0,0.0,0.0,6.4
Jussara,Arrecife,Jussara,Jussara - Arrecife,-11.065335,-41.974853,Norte,RPGA dos Rios Verde e Jacaré,0.0,0.0,0.0,0.0,0.2,0.0,0.0,0.0,0.0,0.0,0.0,0.0,0.0,0.0,0.0,0.0,0.2,0.0,0.0,0.0,0.0,0.0,0.0,0.0,0.0,0.0,0.0,0.0,0.0,0.0,0.4
Ibipeba,,Ibipeba,Ibipeba,-11.673962,-42.010413,Norte,RPGA dos Rios Verde e Jacaré,0.0,0.0,0.0,0.0,1.8,0.2,0.0,0.0,0.0,0.0,0.0,0.0,0.0,0.0,0.0,0.0,0.0,0.0,0.0,0.0,0.0,0.0,0.0,0.0,0.0,0.0,0.0,0.0,0.0,0.0,2.0
Central,,Central,Central,-11.135391,-42.093468,Norte,RPGA dos Rios Verde e Jacaré,0.0,0.0,0.0,0.0,1.0,0.0,0.0,0.0,0.0,0.0,0.0,0.0,0.0,0.0,0.0,0.0,0.0,0.0,0.0,0.0,0.0,0.0,0.0,0.0,0.0,0.0,0.0,0.0,0.0,0.0,1.0
Juazeiro,48020000,Juazeiro,Juazeiro - 48020000,-9.4064,-40.5036,Norte,RPGA dos Rios Macururé e Curaçá,0.0,0.0,0.0,0.0,0.0,0.0,0.0,0.0,0.0,0.0,0.0,0.0,0.0,0.0,0.0,0.0,0.0,3.4,0.0,0.0,0.0,0.0,0.0,0.0,0.0,0.0,0.0,0.0,0.0,0.0,3.4
Uibai,,Uibai,Uibai,-11.294784,-42.14208,Norte,RPGA dos Rios Verde e Jacaré,0.0,0.0,0.0,0.0,0.2,0.0,0.0,0.0,0.0,0.0,0.0,0.0,0.0,0.0,0.0,0.0,0.0,0.0,0.0,0.0,0.0,0.0,0.0,0.0,0.0,0.0,0.0,0.0,0.0,0.0,0.2
Irecê,VJ-CL-01,Irecê,Irecê - VJ-CL-01,-11.289166,-41.894166,Norte,RPGA dos Rios Verde e Jacaré,0.0,0.0,0.0,0.0,0.0,0.0,0.0,0.0,0.0,0.0,0.0,0.0,0.0,0.0,0.0,0.0,0.0,0.0,0.0,0.0,0.0,0.0,0.0,0.0,0.0,0.0,0.0,0.0,0.0,0.0,0.0
Juazeiro,Mandacaru,Juazeiro,Juazeiro - Mandacaru,-9.4,-40.433333,Norte,RPGA dos Rios Macururé e Curaçá,0.0,0.0,0.0,0.0,0.0,0.0,0.0,0.0,0.0,0.0,0.0,0.0,0.0,0.0,0.0,0.0,0.25,0.0,0.0,0.5,0.25,0.0,0.0,0.0,0.0,0.0,0.0,0.0,0.0,0.0,1.0
Mirangaba,IT-PR-29,Mirangaba,Mirangaba - IT-PR-29,-10.954784,-40.574527,Norte,RPGA do Rio Itapicuru,0.0,0.0,0.0,0.0,0.0,0.0,0.0,0.0,0.0,0.0,0.0,0.0,0.0,0.0,0.0,0.0,0.0,0.0,0.0,0.0,0.0,0.0,0.0,0.0,0.0,0.0,0.0,0.0,0.0,0.0,0.0
Olho D'Água,,Olho D'Água,Olho D'Água,-10.700331,-40.601468,Norte,RPGA do Rio Salitre,0.0,0.0,0.0,0.0,0.0,0.0,0.0,0.0,0.0,0.0,0.0,0.0,0.0,0.4,0.2,0.0,0.8,7.0,1.6,0.0,0.6,0.0,0.2,1.0,0.0,0.6,0.0,0.0,0.0,0.0,12.4
Taquarendi,,Taquarendi,Taquarendi,-10.893669,-40.687028,Norte,RPGA do Rio Salitre,0.0,0.0,0.0,0.0,0.0,0.0,0.0,0.0,0.0,0.0,0.0,0.0,0.0,0.0,0.0,0.0,0.0,1.2,0.2,0.0,0.0,0.0,0.0,0.0,0.0,1.2,0.2,0.0,0.2,0.0,3.0
Correntina,A416,Correntina,Correntina - A416,-13.332386,-44.617376,Oeste,"RPGA do Rio Corrente e Riachos do Ramalho, Serra Dourada e Brejo Velho",0.0,0.0,0.0,0.0,0.0,0.0,0.0,0.0,0.0,0.0,0.0,0.0,0.0,0.0,0.0,0.0,0.0,0.0,0.0,0.0,0.0,0.0,0.0,0.0,0.0,0.0,0.0,0.0,0.0,0.0,0.0
Barreiras,83236,Barreiras,Barreiras - 83236,-12.155556,-45.007778,Oeste,RPGA do Rio Grande,0.0,0.0,0.0,0.0,0.0,0.0,0.0,0.0,0.0,0.0,0.0,0.0,0.0,0.0,0.0,0.0,0.0,0.0,0.0,0.0,0.0,0.0,0.0,0.0,0.0,0.0,0.0,0.0,0.0,0.0,0.0
Form. Rio Preto,46550000,Barreiras,Barreiras (Form. Rio Preto) - 46550000,-11.154444,-45.009166,Oeste,RPGA do Rio Grande,0.0,0.0,0.0,0.0,0.0,0.0,0.0,0.0,0.0,0.0,0.0,0.0,0.0,0.0,0.0,0.0,0.0,0.0,0.0,0.0,0.0,0.0,0.0,0.0,0.0,0.0,0.0,0.0,0.0,0.0,0.0
Arrojado,45770000,Correntina,Correntina (Arrojado) - 45770000,-13.4528,-44.5689,Oeste,"RPGA do Rio Corrente e Riachos do Ramalho, Serra Dourada e Brejo Velho",0.0,0.0,0.0,0.0,0.0,0.0,0.0,0.0,0.0,0.0,0.0,0.0,0.0,0.0,0.0,0.0,0.0,0.0,0.0,0.0,0.0,0.0,0.0,0.0,0.0,0.0,0.0,0.0,0.0,0.0,0.0
Correntina,45590000,Correntina,Correntina - 45590000,-13.3406,-44.6386,Oeste,"RPGA do Rio Corrente e Riachos do Ramalho, Serra Dourada e Brejo Velho",0.0,0.0,0.0,0.0,0.0,0.0,0.0,0.0,0.0,0.0,0.0,0.0,0.0,0.0,0.0,0.0,0.0,0.0,0.0,0.0,0.0,0.0,0.0,0.0,0.0,0.0,0.0,0.0,0.0,0.0,0.0
Mocambo,45740001,Correntina,Correntina (Mocambo) - 45740001,-13.28572,-44.56284,Oeste,"RPGA do Rio Corrente e Riachos do Ramalho, Serra Dourada e Brejo Velho",0.0,0.0,0.0,0.0,0.0,0.0,0.0,0.0,0.0,0.0,0.0,0.0,0.0,0.0,0.0,0.0,0.0,0.0,0.0,0.0,0.0,0.0,0.0,0.0,0.0,0.0,0.0,0.0,0.0,0.0,0.0
PCH Pres. Goulart-J,45600000,Correntina,Correntina (PCH Pres. Goulart-J) - 45600000,-13.3344,-44.6208,Oeste,"RPGA do Rio Corrente e Riachos do Ramalho, Serra Dourada e Brejo Velho",0.0,0.0,0.0,0.0,0.0,0.0,0.0,0.0,0.0,0.0,0.0,0.0,0.0,0.0,0.0,0.0,0.0,0.0,0.0,0.0,0.0,0.0,0.0,3.0,0.0,0.0,0.0,0.0,0.0,0.0,3.0
PCH Pres. Goulart-M1,45588000,Correntina,Correntina (PCH Pres. Goulart-M1) - 45588000,-13.3408,-44.6414,Oeste,"RPGA do Rio Corrente e Riachos do Ramalho, Serra Dourada e Brejo Velho",0.0,0.0,0.0,0.0,0.0,0.0,0.0,0.0,0.0,0.0,0.0,0.0,0.0,0.0,0.0,0.0,0.0,0.0,0.0,0.0,0.0,0.0,0.0,3.0,0.0,0.0,0.0,0.0,0.0,0.0,3.0
PCH Sítio Grande-J,46453500,São Desidério,São Desidério (PCH Sítio Grande-J) - 46453500,-12.4286,-45.1528,Oeste,RPGA do Rio Grande,0.0,0.0,0.0,0.0,0.0,0.0,0.0,0.0,0.0,0.0,0.0,0.0,0.0,0.0,0.0,0.0,0.0,0.0,0.0,0.0,0.0,0.0,7.5,0.0,0.0,0.0,0.0,0.0,0.0,0.0,7.5
Barreiras,A402,Barreiras,Barreiras - A402,-12.124715,-45.027049,Oeste,RPGA do Rio Grande,0.0,0.0,0.0,0.0,0.0,0.0,0.0,0.0,0.0,0.0,0.0,0.0,0.0,0.0,0.0,0.0,0.0,0.0,0.0,0.0,0.0,0.0,0.0,0.0,0.0,0.0,0.0,0.0,0.0,0.0,0.0
Luís Eduardo Magalhães,A404,Luís Eduardo Magalhães,Luís Eduardo Magalhães - A404,-12.152394,-45.829745,Oeste,RPGA do Rio Grande,0.0,0.0,0.0,0.0,0.0,0.8,0.0,0.0,0.0,0.0,0.0,0.0,0.0,0.0,0.0,0.0,0.0,0.0,0.0,0.0,0.0,0.0,0.0,0.0,0.0,0.0,0.0,0.0,0.0,0.0,0.8
São Desidério,R. Velha - GR-CL-01,São Desidério,São Desidério - R. Velha - GR-CL-01,-12.898055,-46.157222,Oeste,RPGA do Rio Grande,0.0,0.5,0.0,0.0,0.2,0.1,0.0,0.4,0.1,0.0,0.0,0.0,0.0,0.0,0.5,0.0,0.0,0.5,0.0,0.0,0.0,0.0,0.4,0.0,0.0,0.2,0.2,0.0,0.0,0.0,3.1
J. Zoológico,A401,Salvador,Salvador (J. Zoológico) - A401,-13.005515,-38.50576,Recôncavo,RPGA do Recôncavo Norte,0.0,3.4,1.4,5.8,11.4,1.0,1.4,0.0,2.2,6.8,0.0,0.6,2.0,0.0,0.8,2.8,1.0,2.0,7.2,2.0,3.6,1.4,6.4,3.8,8.8,2.6,8.6,1.4,3.4,20.6,112.4
Cruz das Almas,A406,Cruz das Almas,Cruz das Almas - A406,-12.675422,-39.08958,Recôncavo,RPGA do Rio Paraguaçu,0.2,0.0,0.2,9.0,12.8,1.6,3.0,1.2,0.0,0.4,0.2,3.0,0.0,0.4,1.6,5.6,0.6,39.2,2.4,0.8,3.6,1.2,7.0,1.4,5.0,7.4,10.4,16.2,1.4,0.4,136.21
Rio Ipitanga,291920704H,Lauro de Freitas,Lauro de Freitas (Rio Ipitanga) - 291920704H,-12.888539,-38.321162,Recôncavo,RPGA do Recôncavo Norte,0.8,1.8,0.4,2.4,4.8,4.4,0.2,1.8,0.0,1.2,0.0,0.0,0.0,1.4,0.2,0.2,2.4,3.0,3.6,13.8,0.6,4.2,20.4,8.8,7.6,2.6,8.6,0.2,0.8,14.6,110.8
Hidro,290570101H,Camaçari,Camaçari (Hidro) - 290570101H,-12.714036,-38.33905,Recôncavo,RPGA do Recôncavo Norte,0.6,0.2,1.4,3.2,10.6,3.6,1.6,2.6,0.2,1.5,0.0,0.0,0.0,4.0,0.6,9.6,0.6,8.0,18.4,14.6,11.8,7.8,3.4,6.0,16.0,9.4,5.2,3.8,0.2,19.4,164.3
Valença,293290307H,Valença,Valença - 293290307H,-13.3664,-39.0767,Recôncavo,RPGA do Recôncavo Sul,0.0,0.0,0.0,20.4,2.8,11.2,9.6,6.4,0.6,0.6,0.0,14.2,0.0,0.8,2.2,2.6,3.6,15.8,0.0,0.4,0.2,5.6,17.0,12.6,3.8,8.2,27.6,19.8,26.0,0.4,212.4
Feira de Santana,A413,Feira de Santana,Feira de Santana - A413,-12.1962,-38.967384,Recôncavo,RPGA do Recôncavo Norte,0.0,0.0,0.0,5.6,11.4,0.6,0.4,0.0,0.0,0.0,0.0,0.0,0.0,0.0,0.4,1.4,0.2,5.4,0.2,2.0,1.0,0.0,2.2,0.6,0.6,0.8,9.2,3.6,0.2,2.2,48.01
Periperi,292740820A,Salvador,Salvador (Periperi) - 292740820A,-12.867344,-38.458111,Recôncavo,RPGA do Recôncavo Norte,3.6,1.4,2.0,6.6,8.6,6.4,1.6,2.0,0.0,0.0,0.2,0.0,0.4,2.6,9.8,2.2,1.8,8.6,5.6,6.6,6.2,10.6,23.6,7.2,16.0,12.2,9.0,10.8,3.2,13.4,182.21
Mussurunga,292740821A,Salvador,Salvador (Mussurunga) - 292740821A,-12.907733,-38.440111,Recôncavo,RPGA do Recôncavo Norte,2.6,3.2,2.0,6.0,12.8,6.0,2.2,0.0,0.0,0.0,8.8,0.2,0.0,1.8,4.2,0.0,0.0,3.6,10.6,1.6,4.0,3.2,18.0,5.6,4.8,7.2,7.8,5.4,6.4,17.2,145.2
Fazenda Coutos,292740822A,Salvador,Salvador (Fazenda Coutos) - 292740822A,-12.849955,-38.461778,Recôncavo,RPGA do Recôncavo Norte,1.0,1.0,3.0,3.2,10.2,7.0,1.2,1.6,0.8,0.0,1.2,0.2,0.0,4.2,3.8,0.6,1.6,6.6,6.8,8.0,4.8,8.0,20.2,9.2,11.8,7.8,13.8,7.8,2.6,18.2,166.2
Itapuã,292740819A,Salvador,Salvador (Itapuã) - 292740819A,-12.947736,-38.370136,Recôncavo,RPGA do Recôncavo Norte,19.4,0.2,0.6,1.2,10.0,6.6,3.0,0.0,2.2,0.0,4.2,0.4,0.2,0.8,2.0,0.2,0.0,0.2,3.2,1.4,3.0,5.2,21.6,4.0,3.8,3.0,2.0,1.4,2.4,20.6,122.81
Alagoinhas,83249,Alagoinhas,Alagoinhas - 83249,-12.148333,-38.425556,Recôncavo,RPGA do Recôncavo Norte,2.3,0.0,0.4,6.0,18.4,0.6,0.5,0.2,0.0,0.0,0.0,0.0,0.0,2.4,3.0,0.4,1.4,9.9,6.2,3.0,0.3,3.6,3.6,12.4,1.6,6.0,10.5,10.5,1.5,12.8,117.5
Tancredo Neves,292740823A,Salvador,Salvador (Tancredo Neves) - 292740823A,-12.945347,-38.453472,Recôncavo,RPGA do Recôncavo Norte,2.2,0.0,0.2,1.0,9.6,2.6,6.4,0.6,1.4,1.0,1.6,0.2,0.0,0.2,3.4,2.6,0.6,5.2,8.2,2.2,17.4,3.0,22.2,6.8,6.4,6.4,4.4,0.2,1.0,6.6,123.61
Cruz das Almas,83222,Cruz das Almas,Cruz das Almas - 83222,-12.666667,-39.083333,Recôncavo,RPGA do Rio Paraguaçu,0.0,0.0,0.0,9.2,14.2,1.4,3.2,0.8,0.0,0.4,0.0,3.1,0.0,0.0,1.2,5.0,0.2,39.0,2.4,0.7,3.6,0.7,7.0,1.3,6.2,7.0,8.6,19.4,1.0,0.2,135.8
Amargosa,A434,Amargosa,Amargosa - A434,-13.009468,-39.616881,Recôncavo,RPGA do Recôncavo Sul,0.0,0.0,0.0,6.8,5.8,12.0,4.4,6.2,0.0,0.0,0.0,0.0,0.0,0.6,0.8,3.4,0.2,0.0,0.0,0.0,0.0,0.0,4.8,7.6,0.0,1.2,11.6,14.0,2.6,0.2,82.2
Mata de São João,ETA - Embasa,Mata de São João,Mata de São João - ETA - Embasa,-12.394946,-37.934649,Recôncavo,RPGA do Recôncavo Norte,0.8,0.2,0.0,1.2,0.8,0.0,0.4,0.0,0.0,0.0,0.0,0.0,0.0,1.1,0.0,0.1,0.0,1.9,52.4,0.3,10.0,0.0,0.0,0.7,4.1,0.0,4.0,5.2,5.2,10.4,98.8
Candeias,EMBASA,Candeias,Candeias - EMBASA,-12.663561,-38.533,Recôncavo,RPGA do Recôncavo Norte,0.0,0.0,0.0,0.0,11.5,10.0,5.0,0.2,0.2,0.0,0.0,0.0,0.0,0.0,0.0,1.5,0.0,1.5,15.0,0.6,40.0,0.1,4.25,7.4,3.6,11.6,0.2,0.5,1.5,4.9,119.55
Joanes II,322,Simões Filho,Simões Filho (Joanes II) - 322,-12.674147,-38.376254,Recôncavo,RPGA do Recôncavo Norte,0.9,0.0,0.0,2.0,14.0,0.3,1.9,1.1,0.0,0.3,0.0,0.0,0.0,1.5,0.2,8.2,0.0,12.1,23.9,10.1,20.5,3.2,8.3,2.3,12.7,3.8,5.4,5.0,2.0,9.6,149.3
Santa Helena,323,Camaçari,Camaçari (Santa Helena) - 323,-12.56202,-38.1606,Recôncavo,RPGA do Recôncavo Norte,0.6,0.0,0.0,4.6,15.2,2.5,0.1,3.3,1.8,2.2,0.4,0.0,2.3,5.8,0.2,3.2,0.3,3.5,11.5,4.7,20.8,2.5,6.9,14.5,1.2,21.5,6.7,10.6,2.9,13.5,163.3
Ondina,83229,Salvador,Salvador (Ondina) - 83229,-13.005278,-38.505833,Recôncavo,RPGA do Recôncavo Norte,0.1,3.2,1.4,5.5,10.7,0.8,1.2,0.0,2.0,6.8,0.0,0.6,2.0,0.0,0.5,2.4,0.8,1.5,6.7,1.5,3.6,1.4,5.8,3.5,9.0,2.2,8.1,1.2,3.6,19.6,105.7
Itatim,PG-PR-14,Itatim,Itatim - PG-PR-14,-12.720391,-39.700059,Recôncavo,RPGA do Rio Paraguaçu,0.0,0.0,0.0,0.25,5.0,1.5,1.0,2.25,0.0,0.0,0.0,0.0,0.0,0.0,0.0,1.0,0.25,0.0,0.0,0.0,0.0,0.0,2.5,1.25,0.0,0.0,2.25,3.0,2.75,0.0,23.0
Centro,292740802A,Salvador,Salvador (Centro) - 292740802A,-12.97821,-38.515945,Recôncavo,RPGA do Recôncavo Norte,0.0,1.2,1.2,3.7,11.2,1.0,0.0,0.0,1.0,1.2,0.0,0.8,2.0,0.0,1.2,3.5,3.2,1.4,8.7,2.2,4.1,3.7,13.2,1.4,3.5,1.8,4.3,5.1,1.4,28.7,110.7
São tomé de Paripe,292740806A,Salvador,Salvador (São tomé de Paripe) - 292740806A,-12.795508,-38.489389,Recôncavo,RPGA do Recôncavo Norte,0.0,0.4,0.0,2.6,5.9,4.7,1.0,5.8,1.6,1.0,0.0,0.0,0.0,0.8,1.8,0.2,0.2,6.7,8.3,11.4,8.3,3.0,14.0,7.2,5.8,7.0,5.0,3.4,1.2,2.2,109.51
Federação,292740803A,Salvador,Salvador (Federação) - 292740803A,-13.000791,-38.511056,Recôncavo,RPGA do Recôncavo Norte,0.0,1.2,1.0,2.9,9.3,0.8,1.2,0.2,1.4,3.9,0.0,0.2,1.4,0.0,0.4,2.6,1.0,1.6,6.3,2.2,2.8,0.8,5.9,1.8,6.5,1.8,7.9,1.0,2.8,21.9,90.8
Cabula,292740810A,Salvador,Salvador (Cabula) - 292740810A,-12.961347,-38.460778,Recôncavo,RPGA do Recôncavo Norte,3.9,0.4,1.2,4.5,11.6,3.2,1.2,0.0,0.4,0.0,0.4,0.6,0.0,0.0,1.8,3.4,0.8,4.3,9.5,3.9,12.2,1.8,28.5,3.9,6.9,5.5,7.1,1.0,2.6,5.9,126.5
Nova Esperança,292740818A,Salvador,Salvador (Nova Esperança) - 292740818A,-12.861,-38.368,Recôncavo,RPGA do Recôncavo Norte,0.0,1.0,0.4,1.8,12.4,9.7,1.4,0.6,0.0,0.2,0.0,2.0,0.6,1.2,4.5,2.0,0.6,3.9,6.3,15.5,9.3,7.7,12.2,6.7,7.1,1.0,10.1,0.6,0.4,28.5,147.7
Caminho das Árvores,292740815A,Salvador,Salvador (Caminho das Árvores) - 292740815A,-12.97718,-38.453834,Recôncavo,RPGA do Recôncavo Norte,1.2,0.0,0.0,8.9,26.4,0.6,1.0,0.0,0.2,0.0,0.0,0.6,1.2,0.0,3.6,1.4,0.6,0.6,8.5,1.4,6.7,0.8,23.8,2.6,12.4,6.3,9.7,0.6,2.4,10.2,131.71
Alto do Peru,292740812A,Salvador,Salvador (Alto do Peru) - 292740812A,-12.939122,-38.486334,Recôncavo,RPGA do Recôncavo Norte,1.4,0.2,0.6,2.0,12.4,1.8,2.8,1.6,1.8,5.1,0.4,0.0,0.0,0.0,2.6,1.0,1.8,2.2,8.9,3.2,14.4,0.6,16.8,3.6,13.5,0.8,9.4,1.2,1.2,2.0,113.3
CAB,292740811A,Salvador,Salvador (CAB) - 292740811A,-12.943354,-38.421264,Recôncavo,RPGA do Recôncavo Norte,3.4,0.4,2.0,2.6,5.2,5.0,3.6,4.2,0.4,0.2,3.0,2.2,0.4,0.2,5.5,1.2,4.6,5.3,4.6,1.2,10.4,1.0,15.8,6.6,13.8,4.4,7.7,0.0,1.6,9.6,126.1
Cosme de Farias,292740816A,Salvador,Salvador (Cosme de Farias) - 292740816A,-12.979402,-38.4855,Recôncavo,RPGA do Recôncavo Norte,0.0,3.5,1.0,4.7,14.8,0.6,3.0,0.0,5.8,3.9,0.0,2.4,0.4,0.2,4.0,2.4,5.0,4.3,7.7,2.4,6.5,4.7,25.3,4.2,10.2,6.1,2.8,4.7,0.0,17.1,147.7
São Caetano,292740814A,Salvador,Salvador (São Caetano) - 292740814A,-12.939678,-38.474667,Recôncavo,RPGA do Recôncavo Norte,0.4,0.0,0.0,1.2,11.4,4.7,3.3,1.2,0.2,4.2,1.4,0.0,0.0,0.2,3.1,1.6,2.2,2.8,7.9,1.0,15.2,4.4,19.3,6.1,10.1,7.5,8.9,3.4,0.4,6.5,128.61
Pirajá,292740801A,Salvador,Salvador (Pirajá) - 292740801A,-12.8994,-38.458833,Recôncavo,RPGA do Recôncavo Norte,5.7,1.0,5.5,4.7,21.3,5.0,1.2,0.0,0.0,1.8,0.0,0.0,0.2,0.8,6.5,5.3,1.6,3.8,7.1,3.4,9.3,5.9,15.4,17.6,17.5,3.0,9.1,3.2,0.4,14.2,170.5
Rio Sena,292740805A,Salvador,Salvador (Rio Sena) - 292740805A,-12.891344,-38.470778,Recôncavo,RPGA do Recôncavo Norte,6.1,1.2,5.3,10.6,22.7,3.0,1.6,0.4,0.0,1.4,0.0,1.8,1.6,0.4,3.1,9.2,0.6,4.9,7.9,3.0,8.1,5.5,13.0,15.2,18.1,4.9,6.9,3.0,1.4,12.0,172.9
Valéria,292740817A,Salvador,Salvador (Valéria) - 292740817A,-12.8644,-38.438276,Recôncavo,RPGA do Recôncavo Norte,0.4,1.4,2.0,2.9,8.7,7.3,0.2,1.2,0.0,0.0,0.4,0.0,0.0,4.3,2.4,0.4,3.4,6.9,10.3,7.9,4.0,3.4,21.7,10.8,6.7,7.7,15.8,9.1,3.2,23.0,165.5
Santa Terezinha,290650105A,Candeias,Candeias (Santa Terezinha) - 290650105A,-12.647172,-38.539112,Recôncavo,RPGA do Recôncavo Norte,2.2,0.0,0.0,1.4,8.5,2.8,1.0,0.6,0.4,0.0,0.0,0.0,0.0,0.4,0.0,1.6,0.2,12.0,6.1,7.1,6.5,2.0,9.1,17.8,3.0,1.4,6.3,5.3,0.4,12.6,108.7
Centro,290650101A,Candeias,Candeias (Centro) - 290650101A,-12.670229,-38.544112,Recôncavo,RPGA do Recôncavo Norte,0.0,0.0,0.4,0.4,14.9,3.4,1.0,3.0,0.0,0.0,0.0,0.0,0.0,0.2,0.6,3.0,1.2,9.7,8.3,3.8,8.7,1.0,6.3,12.8,2.0,6.5,3.4,0.8,1.2,10.5,103.1
Sarandi,290650104A,Candeias,Candeias (Sarandi) - 290650104A,-12.671341,-38.531056,Recôncavo,RPGA do Recôncavo Norte,0.0,0.0,0.2,0.0,13.4,3.8,1.2,0.2,0.0,0.0,0.0,0.0,0.0,0.0,0.0,0.0,0.6,8.1,7.7,4.7,6.9,1.2,5.7,15.6,2.6,4.2,3.6,1.8,0.4,12.6,94.5
Areia Branca,291920706A,Lauro de Freitas,Lauro de Freitas (Areia Branca) - 291920706A,-12.841,-38.337,Recôncavo,RPGA do Recôncavo Norte,3.0,0.0,0.4,0.0,12.0,7.7,5.2,1.4,5.9,0.0,0.0,0.0,0.8,6.5,1.6,0.0,1.2,5.3,13.2,16.1,2.8,2.6,12.2,3.4,7.3,2.2,5.9,0.6,0.0,35.8,153.11
Itinga,291920703A,Lauro de Freitas,Lauro de Freitas (Itinga) - 291920703A,-12.892,-38.336,Recôncavo,RPGA do Recôncavo Norte,0.0,2.2,0.6,0.8,8.1,6.1,0.6,2.8,0.0,1.6,0.0,0.2,0.0,2.2,3.7,0.2,0.2,3.6,5.1,7.1,9.3,7.9,15.5,5.5,5.9,0.8,9.5,5.3,2.0,16.3,123.11
Portão,291920701A,Lauro de Freitas,Lauro de Freitas (Portão) - 291920701A,-12.87,-38.305,Recôncavo,RPGA do Recôncavo Norte,0.2,0.6,0.0,0.0,11.5,10.9,0.0,2.0,0.4,1.2,0.0,0.0,0.2,6.1,1.0,0.0,1.4,2.8,18.8,9.3,3.9,2.4,10.2,3.0,8.7,3.4,6.3,0.8,0.0,37.8,142.9
Rua 02 de Julho,291920705A,Lauro de Freitas,Lauro de Freitas (Rua 02 de Julho) - 291920705A,-12.839,-38.35,Recôncavo,RPGA do Recôncavo Norte,0.4,0.2,0.8,0.6,10.3,8.2,4.1,1.2,1.2,0.0,0.0,0.0,0.4,5.1,1.2,1.0,2.4,5.1,7.7,15.4,4.6,2.2,9.8,7.3,5.1,1.6,6.5,1.6,1.0,30.7,135.7
Muritiba,PG-PR-12,Muritiba,Muritiba - PG-PR-12,-12.617895,-39.005591,Recôncavo,RPGA do Rio Paraguaçu,0.0,0.0,0.5,3.0,15.5,0.5,2.5,1.25,0.0,0.0,0.0,0.25,0.0,0.25,2.75,5.5,0.5,42.5,2.75,1.5,0.25,4.25,8.0,5.75,3.5,10.0,9.75,9.5,2.5,0.5,133.25
Dois de Julho,291120401A,Gandú,Gandú (Dois de Julho) - 291120401A,-13.741357,-39.48303,Recôncavo,RPGA do Recôncavo Sul,0.0,0.0,0.0,4.0,7.7,11.3,4.4,10.1,0.2,0.0,0.0,0.4,1.6,0.0,0.4,7.3,2.2,0.0,0.0,0.0,0.2,0.6,11.7,3.2,1.2,2.8,6.7,15.4,9.9,0.6,101.91
Centro,292060101A,Maragogipe,Maragogipe (Centro) - 292060101A,-12.78,-38.917,Recôncavo,RPGA do Rio Paraguaçu,0.0,0.0,0.0,7.5,11.7,6.0,2.2,4.3,0.2,0.0,0.0,12.2,0.0,0.0,1.2,5.3,1.0,26.1,2.8,5.6,5.9,7.5,13.6,5.6,4.0,13.0,13.4,19.2,2.2,3.2,173.7
Centro,292250801A,Nazaré,Nazaré (Centro) - 292250801A,-13.032,-39.015,Recôncavo,RPGA do Recôncavo Sul,0.2,0.0,0.4,6.3,16.5,5.4,5.3,1.6,0.2,0.2,0.0,17.8,0.2,0.8,4.8,10.7,1.8,6.4,2.0,1.0,0.2,2.4,15.1,8.9,6.8,13.2,20.7,26.5,10.6,1.4,187.4
Rua São Roque,293290301A,Valença,Valença (Rua São Roque) - 293290301A,-13.363,-39.078,Recôncavo,RPGA do Recôncavo Sul,0.0,0.2,0.0,18.7,4.5,12.6,11.7,4.8,0.8,0.4,0.0,14.4,0.2,1.6,3.0,3.2,3.2,16.0,0.2,0.6,0.2,5.9,18.0,14.6,3.4,7.5,30.6,21.0,26.8,0.6,224.71
PC Fazenda Jurema,51346050,Rafael Jambeiro,Rafael Jambeiro (PC Fazenda Jurema) - 51346050,-12.4881,-39.6981,Recôncavo,RPGA do Rio Paraguaçu,0.0,0.0,0.0,0.6,5.3,3.3,3.4,0.8,0.0,0.0,0.0,0.6,0.0,0.6,2.6,3.2,0.3,0.6,0.0,0.0,0.0,0.3,4.8,1.8,0.0,1.4,6.4,6.3,0.8,0.3,43.4
PC Argoim,51351000,Rafael Jambeiro,Rafael Jambeiro (PC Argoim) - 51351000,-12.5867,-39.5217,Recôncavo,RPGA do Rio Paraguaçu,0.0,0.0,0.0,1.0,8.8,2.8,0.8,0.0,0.0,0.0,0.0,0.0,0.3,0.3,0.9,1.4,1.3,1.9,0.0,0.0,0.0,0.0,5.0,1.2,0.0,1.9,4.3,4.5,1.7,0.0,38.11
PC Rio Paratigi,51370000,Santo Estevão,Santo Estevão (PC Rio Paratigi) - 51370000,-12.51503,-39.38272,Recôncavo,RPGA do Rio Paraguaçu,0.0,0.0,0.0,1.9,8.5,0.0,1.8,0.3,0.0,0.0,0.0,0.0,0.0,0.0,0.8,1.7,0.3,9.8,1.7,0.0,0.3,0.3,4.3,1.7,1.6,0.9,2.8,7.2,2.4,0.0,48.31
Feira de Santana,PC Rio Branco,Feira de Santana,Feira de Santana - PC Rio Branco,-12.2331,-39.0461,Recôncavo,RPGA do Rio Paraguaçu,0.0,0.0,0.0,2.6,8.4,5.5,0.3,0.6,0.3,0.0,0.0,0.0,3.0,0.0,0.3,2.8,0.3,7.4,2.3,0.3,2.7,3.1,2.8,0.8,1.7,2.4,8.9,4.3,0.3,2.5,63.6
Abaeté,RN-PR-01,Salvador,Salvador (Abaeté) - RN-PR-01,-12.945407,-38.361404,Recôncavo,RPGA do Recôncavo Norte,21.5,0.2,1.5,60.0,5.6,4.8,1.7,0.2,1.0,0.0,3.5,0.0,0.0,0.4,2.3,0.0,1.2,6.6,4.6,0.5,4.0,3.5,14.5,18.2,1.8,4.7,0.9,1.0,3.7,18.1,186.0
Espinheira,,Espinheira,Espinheira,-14.283478,-41.75792,Sudoeste,RPGA do Rio de Contas,0.0,0.0,0.0,0.0,0.0,0.0,0.0,0.0,0.0,0.0,0.0,0.0,0.0,0.0,0.0,0.0,0.0,0.0,0.0,0.0,0.0,0.0,0.0,0.0,0.0,0.25,0.0,0.0,6.5,0.0,6.75
Itiruçu,A407,Itiruçu,Itiruçu - A407,-13.52629,-40.12055,Sudoeste,RPGA do Recôncavo Sul,0.0,0.2,0.0,5.2,2.0,7.6,2.2,4.4,0.2,0.0,0.2,0.0,0.4,0.4,0.4,4.0,3.6,0.2,0.2,0.4,0.2,0.0,5.6,5.0,2.6,3.2,3.6,6.2,7.6,0.8,66.4
Hidro,291640103H,Itapetinga,Itapetinga (Hidro) - 291640103H,-15.243383,-40.234307,Sudoeste,RPGA do Rio Pardo,0.0,0.0,0.0,0.2,2.0,0.0,0.0,0.6,0.2,0.0,0.0,0.0,0.0,0.0,0.0,0.0,1.8,0.2,0.0,0.0,0.0,0.8,7.4,6.6,0.4,18.0,7.4,4.4,5.8,1.0,56.8
Vitória da Conquista,A414,Vitória da Conquista,Vitória da Conquista - A414,-14.886428,-40.80133,Sudoeste,RPGA do Rio Pardo,0.0,0.2,0.2,0.8,2.2,1.6,0.0,0.0,0.0,0.2,0.0,0.2,0.0,0.2,0.2,1.6,3.0,0.2,0.2,0.0,0.0,0.4,7.4,5.6,2.2,1.6,2.8,3.6,6.8,1.2,42.41
Ituaçu,83292,Ituaçu,Ituaçu - 83292,-13.812778,-41.3,Sudoeste,RPGA do Rio de Contas,0.0,0.0,0.0,0.0,0.0,0.0,0.0,0.0,0.0,0.0,0.0,0.0,0.0,0.0,0.0,0.0,0.4,0.0,0.0,0.0,0.0,0.0,0.0,0.0,0.0,0.0,1.2,0.0,3.0,0.0,4.6
Vitória da Conquista,83344,Vitória da Conquista,Vitória da Conquista - 83344,-14.883333,-40.8,Sudoeste,RPGA do Rio Pardo,0.0,0.0,0.0,1.1,2.2,1.4,0.0,0.0,0.0,0.0,0.0,0.0,0.0,0.0,0.0,1.8,3.0,0.3,0.0,0.0,0.0,0.3,7.3,5.3,2.1,1.2,2.8,3.5,6.2,1.0,39.51
Brumado,A433,Brumado,Brumado - A433,-14.181886,-41.672281,Sudoeste,RPGA do Rio de Contas,0.0,0.0,0.0,0.0,0.0,0.0,0.0,0.0,0.2,0.0,0.0,0.0,0.0,0.0,0.0,0.0,0.0,0.0,0.0,0.0,0.0,0.0,0.0,0.0,0.0,0.2,0.0,0.0,16.2,0.0,16.6
Ipiaú,A445,Ipiaú,Ipiaú - A445,-14.171304,-39.692502,Sudoeste,RPGA do Rio de Contas,0.0,0.0,0.0,11.2,1.2,9.4,5.2,3.6,1.6,0.2,0.0,0.2,0.4,0.2,0.0,5.6,5.0,0.2,0.2,2.6,0.0,2.8,12.0,5.0,2.0,2.6,11.6,14.6,5.8,1.0,104.2
Itapetinga,A446,Itapetinga,Itapetinga - A446,-15.24462,-40.22955,Sudoeste,RPGA do Rio Pardo,0.0,0.0,0.0,0.4,2.0,0.2,0.0,1.0,0.2,0.2,0.0,0.0,0.0,0.0,0.2,0.2,1.8,0.2,0.2,0.2,0.0,0.8,5.6,6.0,0.2,15.2,6.6,4.0,5.0,0.6,50.8
Anagé,CO-CL-01,Anagé,Anagé - CO-CL-01,-14.618055,-41.149722,Sudoeste,RPGA do Rio de Contas,0.0,0.0,0.0,0.0,0.0,0.0,0.0,0.25,0.0,0.0,0.0,0.0,0.0,0.0,0.0,0.0,0.0,0.0,0.0,0.0,0.0,0.0,0.0,0.0,0.0,0.0,0.0,0.25,0.0,0.0,0.5
Planaltino,PG-PR-03,Planaltino,Planaltino - PG-PR-03,-13.259292,-40.373976,Sudoeste,RPGA do Recôncavo Sul,0.0,0.0,0.0,3.25,1.25,4.25,0.25,1.5,0.25,0.0,0.0,0.0,0.0,0.0,0.0,0.0,0.0,0.0,0.0,0.0,0.0,0.0,0.75,1.0,0.0,0.0,0.25,0.5,5.75,0.25,19.25
Centro,293330701A,Vitória da Conquista,Vitória da Conquista (Centro) - 293330701A,-14.852,-40.839,Sudoeste,RPGA do Rio Pardo,0.0,0.0,0.0,0.0,0.8,1.2,0.0,0.0,0.0,0.0,0.0,0.0,0.0,0.0,0.0,1.2,1.0,0.0,0.0,0.0,0.0,0.0,4.0,3.4,1.0,0.8,1.4,2.6,3.8,0.8,22.01
Clerolândia,291640101A,Itapetinga,Itapetinga (Clerolândia) - 291640101A,-15.243,-40.221,Sudoeste,RPGA do Rio Pardo,0.0,0.0,0.0,0.4,1.4,0.0,0.0,0.8,0.0,0.0,0.0,0.0,0.0,0.0,0.0,0.0,1.2,0.4,0.0,0.0,0.0,0.8,4.4,6.3,0.0,12.4,4.3,3.0,3.6,0.6,39.6
Recreio,293330702A,Vitória da Conquista,Vitória da Conquista (Recreio) - 293330702A,-14.861,-40.841,Sudoeste,RPGA do Rio Pardo,0.0,0.0,0.0,0.0,1.4,0.4,0.0,0.0,0.0,0.0,0.0,0.0,0.0,0.0,0.0,0.4,1.0,0.0,0.0,0.0,0.0,0.0,5.2,3.2,1.0,1.6,1.6,2.2,3.8,0.6,22.41
Patagônia,293330704A,Vitória da Conquista,Vitória da Conquista (Patagônia) - 293330704A,-14.87,-40.863,Sudoeste,RPGA do Rio Pardo,0.0,0.0,0.0,0.2,1.0,0.8,0.0,0.0,0.0,0.0,0.0,0.0,0.0,0.0,0.0,0.4,1.0,0.0,0.0,0.0,0.0,0.0,4.8,1.8,1.4,2.0,2.8,2.0,3.8,0.4,22.4
Barcelar,293330705A,Vitória da Conquista,Vitória da Conquista (Barcelar) - 293330705A,-14.838,-40.856,Sudoeste,RPGA do Rio Pardo,0.0,0.0,0.0,0.0,1.6,1.2,0.2,0.0,0.0,0.0,0.0,0.0,0.0,0.0,0.0,2.0,1.0,0.0,0.0,0.0,0.0,0.0,4.6,3.8,1.0,1.6,2.2,2.8,4.3,0.8,27.1
Lomantão,293330703A,Vitória da Conquista,Vitória da Conquista (Lomantão) - 293330703A,-14.87,-40.827,Sudoeste,RPGA do Rio Pardo,0.0,0.0,0.0,0.0,1.6,0.8,0.0,0.0,0.0,0.0,0.0,0.0,0.0,0.0,0.0,0.4,1.4,0.0,0.0,0.0,0.0,0.0,4.8,3.0,1.2,1.0,1.2,2.2,3.8,0.6,22.0
Jaguaquara,RS-CL-01,Jaguaquara,Jaguaquara - RS-CL-01,-13.573055,-39.940833,Sudoeste,RPGA do Recôncavo Sul,0.0,0.0,0.0,6.5,3.0,11.75,3.5,5.25,0.0,0.0,0.0,0.0,0.0,0.25,0.5,4.0,1.75,0.0,0.0,0.0,0.0,0.0,8.0,8.75,0.75,2.5,6.0,8.5,9.25,2.25,82.5
Jequié,CO-CL-03,Jequié,Jequié - CO-CL-03,-13.873055,-40.071944,Sudoeste,RPGA do Rio de Contas,0.0,0.0,0.0,2.0,0.25,2.75,6.5,4.0,0.0,0.0,0.0,0.0,0.0,0.25,0.0,2.5,0.5,0.0,0.0,0.0,0.0,0.0,1.75,2.5,1.75,0.75,5.25,7.25,0.25,0.25,38.5
Caravelas,A405,Caravelas,Caravelas - A405,-17.739413,-39.258617,Sul,"RPGA dos Rios Peruípe, Itanhém e Jucuruçu",0.0,0.2,6.6,4.0,0.0,0.2,0.2,1.4,0.2,0.0,1.6,0.0,0.6,0.0,0.2,6.6,23.6,0.0,0.2,0.0,1.8,10.6,0.2,20.4,33.8,4.8,0.8,2.2,0.2,5.4,125.8
PCH Colino II M,55355600,Vereda,Vereda (PCH Colino II M) - 55355600,-17.07126,-40.15474,Sul,"RPGA dos Rios Peruípe, Itanhém e Jucuruçu",0.0,0.3,1.5,11.6,0.0,0.3,0.3,0.3,4.8,0.3,4.4,3.0,0.3,0.9,0.3,0.3,3.9,7.1,0.3,0.3,0.0,13.2,27.5,15.8,23.6,9.8,7.1,12.8,4.4,2.9,157.31
Itamaraju,A455,Itamaraju,Itamaraju - A455,-17.17103,-39.58819,Sul,"RPGA dos Rios Peruípe, Itanhém e Jucuruçu",0.0,0.0,1.0,11.2,0.8,0.2,0.2,3.0,1.2,0.0,13.2,5.4,0.6,1.0,0.2,5.8,2.2,0.2,0.2,0.0,0.0,7.2,28.8,13.0,22.0,17.2,3.8,12.0,12.4,0.0,162.8
Rio Cachoeira,291480202H,Itabuna,Itabuna (Rio Cachoeira) - 291480202H,-14.800574,-39.278891,Sul,RPGA do Leste,0.2,0.0,0.0,0.8,9.2,2.6,1.6,8.0,0.0,0.0,0.0,0.0,0.4,0.2,0.4,21.0,2.2,0.0,0.0,0.4,0.4,5.0,9.0,9.8,5.8,6.6,2.6,27.4,11.4,0.8,125.8
Santa Cruz Cabrália,292770505H,Santa Cruz Cabrália,Santa Cruz Cabrália - 292770505H,-16.2835,-39.0237,Sul,"RPGA dos Rios dos Frades, Buranhém e Santo Antônio",0.0,0.0,0.0,50.8,0.2,0.0,0.0,6.2,0.0,0.0,0.0,0.0,2.0,0.2,0.6,5.4,2.6,0.4,0.0,0.0,7.4,2.6,32.8,9.2,9.8,6.8,5.2,49.0,0.2,0.0,191.4
Itajuípe,,Itajuípe,Itajuípe,-14.6744,-39.3769,Sul,RPGA do Leste,0.0,0.0,0.0,0.2,6.8,3.8,2.0,1.4,3.0,0.0,0.0,0.0,2.2,0.0,0.2,17.6,1.8,0.0,0.0,1.4,0.4,0.0,18.8,11.2,4.8,2.6,7.8,15.4,14.8,0.6,116.8
Canavieiras,83398,Canavieiras,Canavieiras - 83398,-15.666667,-38.95,Sul,RPGA do Rio Pardo,0.0,0.0,0.0,1.0,33.4,0.0,0.0,11.8,2.7,0.0,0.0,2.4,6.6,1.2,1.3,3.4,8.9,0.0,0.0,2.3,1.9,0.6,11.2,8.6,19.0,9.2,13.6,63.4,0.0,0.0,202.5
Caravelas,83498,Caravelas,Caravelas - 83498,-17.739167,-39.258333,Sul,"RPGA dos Rios Peruípe, Itanhém e Jucuruçu",0.0,0.0,5.3,3.3,0.0,0.0,0.0,1.0,0.0,0.0,1.3,0.0,0.4,0.0,0.0,5.7,23.9,0.0,0.0,0.0,1.6,9.4,0.3,17.8,29.1,3.4,0.6,2.0,0.0,5.0,110.1
Guaratinga,83446,Guaratinga,Guaratinga - 83446,-16.58,-39.78,Sul,"RPGA dos Rios dos Frades, Buranhém e Santo Antônio",0.0,0.0,0.0,0.0,7.7,0.0,0.0,0.6,6.6,0.0,0.0,0.0,0.8,0.5,0.0,0.0,0.0,0.0,0.0,0.0,0.0,0.0,23.4,8.4,0.6,4.3,1.2,26.0,5.0,1.6,86.7
Porto Seguro,A427,Porto Seguro,Porto Seguro - A427,-16.388977,-39.182389,Sul,"RPGA dos Rios dos Frades, Buranhém e Santo Antônio",0.0,0.0,0.4,8.2,5.4,0.2,0.0,3.6,0.6,0.2,0.0,0.2,2.6,0.2,0.2,4.6,3.4,0.2,0.0,0.0,0.6,9.4,27.4,13.0,23.6,26.4,13.6,37.4,9.4,1.8,192.61
CPLAC,LE-CL-01,Ilhéus,Ilhéus (CPLAC) - LE-CL-01,-14.80184,-39.181444,Sul,RPGA do Leste,0.0,0.0,0.0,0.0,12.25,1.5,3.25,2.5,1.25,0.0,0.0,0.0,0.0,0.0,0.0,20.75,2.25,0.0,0.0,1.0,0.5,6.75,21.5,19.25,4.0,5.75,6.25,26.75,14.5,2.25,152.25
Centro,290560201A,Camacan,Camacan (Centro) - 290560201A,-15.422225,-39.494984,Sul,RPGA do Rio Pardo,0.0,0.0,0.0,5.1,13.9,0.2,0.0,3.4,8.7,0.2,0.0,0.0,0.4,0.4,0.6,0.2,11.1,2.4,0.0,0.0,0.0,2.2,14.2,8.1,0.6,11.6,21.4,36.7,15.6,0.2,157.2
Teixeira de Freitas,PJ-CL-01,Teixeira de Freitas,Teixeira de Freitas - PJ-CL-01,-17.575555,-39.732777,Sul,"RPGA dos Rios Peruípe, Itanhém e Jucuruçu",0.0,0.0,0.5,0.5,0.0,0.0,0.0,0.0,1.0,0.0,0.0,0.0,0.0,1.0,0.0,5.25,9.5,0.0,0.0,0.0,0.0,0.0,9.25,18.0,22.75,5.5,2.25,4.25,5.75,0.5,86.0
Itabuna,Fazenda Barra,Itabuna,Itabuna - Fazenda Barra,-14.8997,-39.3686,Sul,RPGA do Leste,0.0,0.0,0.0,3.8,12.8,0.2,0.2,1.0,2.0,0.2,0.0,0.0,3.6,0.0,1.2,5.0,1.8,0.0,0.2,0.0,0.0,0.0,8.2,12.4,7.6,12.6,4.6,11.2,9.0,2.0,99.6
Centro,290340901A,Belmonte,Belmonte (Centro) - 290340901A,-15.859179,-38.878025,Sul,RPGA do Rio Jequitinhonha,0.0,0.0,2.4,1.4,15.6,0.2,0.2,2.0,0.4,0.0,0.0,2.4,3.9,1.0,0.4,13.2,0.2,0.0,0.0,0.0,3.6,4.4,3.6,13.0,8.3,22.6,3.4,5.9,0.2,3.2,111.51
São João do Panelinha,290560202A,Camacan,Camacan (São João do Panelinha) - 290560202A,-15.375278,-39.489984,Sul,RPGA do Rio Pardo,0.0,0.0,0.0,0.8,14.5,0.0,0.0,2.8,6.5,0.2,0.0,0.0,1.0,0.0,1.0,4.0,13.0,3.2,0.2,0.0,0.2,2.6,12.7,10.7,1.6,12.5,15.0,46.3,8.1,1.0,157.9
Centro,290560203A,Camacan,Camacan (Centro) - 290560203A,-15.416389,-39.493873,Sul,RPGA do Rio Pardo,0.0,0.0,0.0,2.6,9.7,0.4,0.0,3.6,6.9,0.2,0.0,0.0,3.0,0.0,0.2,0.2,10.1,3.4,0.2,0.0,0.2,1.6,10.5,6.3,0.2,11.1,18.5,29.0,15.2,0.2,133.3
Malhado,291360602A,Ilhéus,Ilhéus (Malhado) - 291360602A,-14.789158,-39.048858,Sul,RPGA do Leste,0.0,0.0,0.0,1.4,9.5,0.4,0.2,4.0,0.8,0.0,0.0,0.4,1.8,0.2,0.0,22.4,4.4,0.0,0.0,0.8,0.0,1.6,16.2,8.5,19.1,8.7,15.2,10.1,6.9,5.9,138.5
São Caetano,291480202A,Itabuna,Itabuna (São Caetano) - 291480202A,-14.80638,-39.27803,Sul,RPGA do Leste,0.0,0.0,0.0,2.8,9.1,2.8,1.2,3.4,0.2,0.0,0.0,0.0,1.0,0.0,0.4,22.0,2.0,0.0,0.0,1.0,0.6,7.5,12.1,10.9,6.3,8.1,4.4,25.9,10.5,1.6,133.8
Nova Ferradas,291480203A,Itabuna,Itabuna (Nova Ferradas) - 291480203A,-14.857213,-39.346922,Sul,RPGA do Leste,0.0,0.0,0.0,0.0,11.2,0.4,2.2,1.8,5.2,0.0,0.0,0.0,4.6,0.0,0.2,6.1,0.2,0.0,0.0,0.4,0.6,0.4,8.3,8.1,2.8,7.1,4.6,12.6,12.8,0.4,90.0
Planalto I,292110401A,Medeiros Neto,Medeiros Neto (Planalto I) - 292110401A,-17.365,-40.223,Sul,"RPGA dos Rios Peruípe, Itanhém e Jucuruçu",0.0,0.0,0.0,2.0,0.0,0.0,0.0,0.0,0.4,0.0,0.0,0.0,0.0,0.4,0.0,0.0,3.8,4.7,0.2,0.0,0.0,3.4,5.8,4.0,18.2,3.2,0.8,3.2,10.9,1.4,62.4
Posto da Mata,292300103A,Nova Viçosa,Nova Viçosa (Posto da Mata) - 292300103A,-17.896,-39.37,Sul,"RPGA dos Rios Peruípe, Itanhém e Jucuruçu",0.0,0.0,0.0,0.8,0.0,0.0,0.0,0.0,0.0,0.0,0.6,0.0,0.2,0.0,0.0,2.4,0.8,0.0,0.0,0.0,0.0,17.3,2.4,9.1,21.6,15.5,5.7,2.0,4.7,0.0,83.11
Areião,292530301A,Porto Seguro,Porto Seguro (Areião) - 292530301A,-16.441,-39.076,Sul,"RPGA dos Rios dos Frades, Buranhém e Santo Antônio",0.2,0.0,0.0,7.9,2.8,0.0,0.0,3.8,0.0,0.0,0.4,1.6,8.3,0.0,1.0,5.5,5.7,0.0,0.0,0.0,14.2,7.1,25.5,23.4,9.5,17.5,7.0,18.8,4.9,0.2,165.3
Paraguai,292530302A,Porto Seguro,Porto Seguro (Paraguai) - 292530302A,-16.41,-39.08,Sul,"RPGA dos Rios dos Frades, Buranhém e Santo Antônio",0.0,0.0,0.0,6.5,0.0,0.0,0.0,2.6,0.0,0.0,0.0,0.6,0.2,0.0,0.8,15.0,2.4,0.0,0.0,0.0,7.3,4.9,13.8,30.7,35.4,27.7,1.8,18.3,3.0,0.0,171.0
Trancoso,292530303A,Porto Seguro,Porto Seguro (Trancoso) - 292530303A,-16.595,-39.109,Sul,"RPGA dos Rios dos Frades, Buranhém e Santo Antônio",0.0,0.0,1.0,2.4,0.6,0.0,0.0,4.7,1.6,0.0,0.0,0.0,3.0,0.2,0.0,0.0,1.2,0.0,0.0,0.0,2.0,12.4,11.4,6.1,54.3,20.7,6.6,16.0,2.4,0.2,146.8
BR367km4,292770501A,Santa Cruz Cabrália,Santa Cruz Cabrália (BR367km4) - 292770501A,-16.321,-39.023,Sul,"RPGA dos Rios dos Frades, Buranhém e Santo Antônio",0.2,0.0,0.0,13.0,0.0,0.0,0.0,6.3,0.0,0.0,0.0,0.6,0.2,0.6,2.6,3.4,0.0,0.0,0.0,0.0,4.9,3.4,22.4,24.7,19.4,5.7,8.0,14.0,3.4,0.2,133.0
Estádio Municipal,291530401A,Itagimirim,Itagimirim (Estádio Municipal) - 291530401A,-16.089181,-39.615546,Sul,RPGA do Rio Jequitinhonha,0.0,0.0,0.0,4.2,6.5,0.0,0.2,1.6,3.4,0.2,0.0,0.0,0.0,0.0,0.0,0.2,0.8,0.0,0.0,0.0,0.0,0.8,16.0,12.5,4.0,7.2,0.6,22.6,2.2,1.2,84.21
Macaúbas,A454,Macaúbas,Macaúbas - A454,-13.0389,-42.6172,São Francisco,RPGA dos Rios Paramirim e Santo Onofre,0.0,0.0,0.0,0.0,0.0,0.0,0.0,0.0,0.0,0.0,0.0,0.0,0.0,0.0,0.0,0.0,0.0,0.0,0.0,0.0,0.0,0.0,0.0,0.0,0.0,0.0,0.0,0.0,0.0,0.0,0.0
Bom Jesus da Lapa,A418,Bom Jesus da Lapa,Bom Jesus da Lapa - A418,-13.251094,-43.405365,São Francisco,RPGA do Rio Carnaíba de Dentro,0.0,0.0,0.0,0.0,0.0,0.0,0.0,0.0,0.0,0.0,0.0,0.0,0.0,0.0,0.0,0.0,0.0,0.0,0.0,0.0,0.0,0.0,0.0,0.0,0.0,0.0,0.0,0.0,0.0,0.0,0.0
Pilão Arcado,A449,Pilão Arcado,Pilão Arcado - A449,-10.003519,-42.474785,São Francisco,RPGA do Lago de Sobradinho,0.0,0.0,0.0,0.0,0.0,0.0,0.0,0.0,0.0,0.0,0.0,0.0,0.0,0.0,0.0,0.0,0.0,0.0,0.0,0.0,0.0,0.0,0.0,0.0,0.0,0.0,0.0,0.0,0.0,0.0,0.0
Barra,83179,Barra,Barra - 83179,-11.083333,-43.166667,São Francisco,RPGA do Rio Grande,0.0,0.0,0.0,0.0,0.0,0.0,0.0,0.0,0.0,0.0,0.0,0.0,0.0,0.0,0.0,0.0,0.0,0.0,0.0,0.0,0.0,0.0,0.0,0.0,0.0,0.0,0.0,0.0,0.0,0.0,0.0
Bom Jesus da Lapa,83288,Bom Jesus da Lapa,Bom Jesus da Lapa - 83288,-13.251389,-43.405278,São Francisco,RPGA do Rio Carnaíba de Dentro,0.0,0.0,0.0,0.0,0.0,0.0,0.0,0.0,0.0,0.0,0.0,0.0,0.0,0.0,0.0,0.0,0.0,0.0,0.0,0.0,0.0,0.0,0.0,0.0,0.0,0.0,0.0,0.0,0.0,0.0,0.0
Caetité,83339,Caetité,Caetité - 83339,-14.066667,-42.483333,São Francisco,RPGA do Rio de Contas,0.0,0.0,0.0,0.0,0.0,0.0,0.4,0.0,0.0,0.0,0.0,0.0,0.0,0.0,0.0,1.6,0.0,0.0,0.0,0.0,0.0,0.0,0.0,1.4,0.0,2.8,0.4,0.0,3.6,0.0,10.2
Carinhanha,83408,Carinhanha,Carinhanha - 83408,-14.283333,-43.766667,São Francisco,"RPGA do Rio Corrente e Riachos do Ramalho, Serra Dourada e Brejo Velho",0.0,0.0,0.0,0.0,0.0,0.0,0.0,0.0,0.0,0.0,0.0,0.0,0.0,0.0,0.0,0.0,0.0,0.0,0.0,0.0,0.0,0.0,0.0,0.0,0.0,0.0,0.0,0.0,0.0,0.0,0.0
Santa Rita de Cássia,83076,Santa Rita de Cássia,Santa Rita de Cássia - 83076,-11.016667,-44.516667,São Francisco,RPGA do Rio Grande,0.0,0.0,0.0,0.0,0.0,0.0,0.0,0.0,0.0,0.0,0.0,0.0,0.0,0.0,0.0,0.0,0.0,0.0,0.0,0.0,0.0,0.0,0.0,0.4,0.0,0.0,0.0,0.0,0.0,0.0,0.4
Guanambí,A426,Guanambí,Guanambí - A426,-14.208123,-42.749647,São Francisco,RPGA do Rio Carnaíba de Dentro,0.0,0.0,0.0,0.0,0.0,0.0,0.0,0.0,0.0,0.0,0.0,0.0,0.0,0.0,0.0,0.0,0.0,0.0,0.0,0.0,0.0,0.0,0.0,0.0,0.0,0.0,0.0,0.0,0.0,0.0,0.0
Buritirama,A432,Buritirama,Buritirama - A432,-10.722925,-43.651203,São Francisco,RPGA do Rio Grande,0.0,0.0,0.0,0.0,0.2,0.0,0.0,0.0,0.0,0.0,0.0,0.0,0.0,0.0,0.0,0.0,0.0,0.0,0.0,0.0,0.0,0.0,0.0,0.0,0.0,0.0,0.0,0.0,0.0,0.0,0.2
Barra,A429,Barra,Barra - A429,-11.084858,-43.138998,São Francisco,RPGA do Rio Grande,0.0,0.0,0.0,0.0,0.0,0.0,0.0,0.0,0.0,0.0,0.0,0.0,0.0,0.0,0.0,0.0,0.0,0.0,0.0,0.0,0.0,0.0,0.0,0.0,0.0,0.0,0.0,0.0,0.0,0.0,0.0
Ibotirama,A439,Ibotirama,Ibotirama - A439,-12.19306,-43.21342,São Francisco,RPGA dos Rios Paramirim e Santo Onofre,0.0,0.0,0.0,0.0,0.0,0.0,0.0,0.0,0.0,0.0,0.0,0.0,0.0,0.0,0.0,0.0,0.0,0.0,0.0,0.0,0.0,0.0,0.0,0.0,0.0,0.0,0.0,0.0,0.0,0.0,0.0
Gentio do Ouro,,Gentio do Ouro,Gentio do Ouro,-11.42951,-42.513484,São Francisco,RPGA dos Rios Verde e Jacaré,0.0,0.0,0.0,0.0,0.8,0.2,0.0,0.0,0.0,0.0,0.0,0.0,0.0,0.4,0.0,1.6,0.0,0.0,0.0,0.0,0.0,0.0,0.0,0.0,0.0,0.0,0.0,0.0,0.0,0.0,3.0
Faz. Macambira,46675000,Cotegipe,Cotegipe (Faz. Macambira) - 46675000,-11.6106,-44.1567,São Francisco,RPGA do Rio Grande,0.0,0.0,0.0,0.0,0.0,0.0,0.0,0.0,0.0,0.0,0.0,0.0,0.0,0.0,0.0,0.0,0.0,0.0,0.0,0.0,0.0,0.0,0.0,0.0,0.0,0.0,0.0,0.0,0.0,0.0,0.0
Fazenda Caraíbas,,Fazenda Caraíbas,Fazenda Caraíbas,-12.571486,-42.074028,São Francisco,RPGA dos Rios Paramirim e Santo Onofre,0.0,0.0,0.0,0.0,0.4,0.2,0.4,1.2,0.0,0.2,0.0,0.0,0.0,0.0,0.0,0.4,0.8,0.2,0.0,0.0,0.0,0.0,0.0,0.0,0.0,0.0,0.0,0.0,0.2,0.0,4.01
