nome_estacao,codigo,municipio,estacao,latitude,longitude,regiao,rpga,01_11_17,02_11_17,03_11_17,04_11_17,05_11_17,06_11_17,07_11_17,08_11_17,09_11_17,10_11_17,11_11_17,12_11_17,13_11_17,14_11_17,15_11_17,16_11_17,17_11_17,18_11_17,19_11_17,20_11_17,21_11_17,22_11_17,23_11_17,24_11_17,25_11_17,26_11_17,27_11_17,28_11_17,29_11_17,30_11_17,total
Itaberaba,A408,Itaberaba,Itaberaba - A408,-12.524062,-40.299714,Chapada Diamantina,RPGA do Rio Paraguaçu,0.0,0.0,8.6,0.8,4.6,0.0,0.0,0.0,2.0,0.0,0.0,0.0,0.0,19.2,2.0,6.8,3.0,0.0,0.0,0.0,0.0,0.0,0.0,0.0,7.8,0.0,0.0,0.0,0.0,0.0,54.8
Macajuba,A412,Macajuba,Macajuba - A412,-12.131694,-40.354222,Chapada Diamantina,RPGA do Rio Paraguaçu,0.0,4.0,0.6,1.4,0.0,0.0,0.0,0.0,0.0,0.0,0.0,0.0,0.0,33.8,7.6,9.8,10.8,0.0,0.0,0.0,0.0,0.0,0.0,0.0,8.4,8.0,0.0,0.0,0.0,0.0,84.4
Itaberaba,83244,Itaberaba,Itaberaba - 83244,-12.516667,-40.283333,Chapada Diamantina,RPGA do Rio Paraguaçu,0.0,0.0,9.6,0.6,4.1,0.0,0.0,0.0,1.9,0.0,0.0,0.0,0.0,17.7,2.0,5.3,4.0,0.0,0.0,0.1,0.0,0.0,0.0,0.0,7.3,1.0,0.0,0.0,0.0,0.0,53.6
Lençóis,83242,Lençóis,Lençóis - 83242,-12.5575,-41.388889,Chapada Diamantina,RPGA do Rio Paraguaçu,0.7,45.1,19.6,3.5,0.5,1.1,0.5,4.2,0.6,0.0,0.0,0.0,8.7,47.6,13.9,3.0,8.5,0.0,0.0,0.0,0.5,0.0,0.0,0.0,0.2,2.8,0.0,0.0,0.0,0.0,161.0
Morro do Chapéu,83184,Morro do Chapéu,Morro do Chapéu - 83184,-11.216667,-41.216667,Chapada Diamantina,RPGA do Rio Salitre,0.0,27.4,0.6,1.4,0.4,0.0,0.0,8.2,0.4,0.0,0.0,0.0,0.4,44.4,10.4,1.6,0.0,0.0,0.0,0.0,0.0,0.0,0.0,0.0,0.0,0.0,0.0,0.0,0.0,0.0,95.2
Lençóis,A425,Lençóis,Lençóis - A425,-12.557854,-41.388808,Chapada Diamantina,RPGA do Rio Paraguaçu,0.8,42.4,23.4,3.8,0.6,1.2,0.4,4.6,0.8,0.0,0.0,0.0,8.8,46.8,12.6,3.2,8.6,0.0,0.0,0.0,0.6,0.0,0.0,0.0,0.2,3.0,0.0,0.0,0.0,0.0,161.8
Itaetê,,Itaetê,Itaetê,-12.991944,-40.960833,Chapada Diamantina,RPGA do Rio Paraguaçu,0.0,71.6,7.2,0.2,0.0,0.0,0.8,0.0,0.0,0.0,0.0,0.0,5.0,18.8,18.8,1.2,2.0,0.0,0.0,0.0,0.0,0.0,0.0,0.0,0.0,0.2,0.0,0.0,0.0,0.0,125.8
Boa Vista Tupim,PG-PR-17,Boa Vista Tupim,Boa Vista Tupim - PG-PR-17,-12.65622,-40.589813,Chapada Diamantina,RPGA do Rio Paraguaçu,0.0,8.0,0.0,0.0,0.0,0.0,0.0,0.0,0.0,0.0,0.0,0.25,0.0,11.5,3.0,7.5,30.75,0.0,0.0,0.0,0.0,0.0,0.0,0.0,0.25,0.5,0.0,0.0,0.0,0.0,61.75
Wagner,PG-PR-22,Wagner,Wagner - PG-PR-22,-12.289538,-41.161774,Chapada Diamantina,RPGA do Rio Paraguaçu,0.0,23.75,0.0,0.0,0.0,0.0,0.75,0.5,0.0,0.0,0.0,0.0,8.5,26.5,7.5,3.25,5.25,0.0,0.0,0.0,0.0,0.0,0.0,0.0,1.0,0.25,0.0,0.0,0.0,0.0,77.25
Guiné,PG-PR-24,Mucugê,Mucugê (Guiné) - PG-PR-24,-12.771772,-41.540679,Chapada Diamantina,RPGA do Rio Paraguaçu,0.0,11.25,1.25,0.25,0.0,0.0,0.0,4.5,0.25,0.25,0.0,0.0,20.25,24.0,6.0,1.25,0.0,0.0,0.0,0.0,0.0,0.0,0.0,0.0,0.0,0.5,0.0,0.0,0.0,0.0,69.75
Cascavel,PG-PR-27,Mucugê,Mucugê (Cascavel) - PG-PR-27,-13.285954,-41.287619,Chapada Diamantina,RPGA do Rio Paraguaçu,0.0,22.5,3.0,1.0,0.0,0.0,0.5,5.75,2.25,1.0,0.0,0.0,4.0,3.5,2.25,1.25,0.5,0.0,0.0,0.0,0.0,0.0,0.0,0.0,0.0,1.25,0.0,0.0,0.0,0.0,48.75
Ibiaporã,PG-CL-01,Mundo Novo,Mundo Novo (Ibiaporã) - PG-CL-01,-12.05379,-40.83722,Chapada Diamantina,RPGA do Rio Paraguaçu,0.0,36.75,0.5,2.25,0.25,0.0,5.5,1.25,0.0,0.25,0.0,0.0,0.0,60.8,13.0,8.25,3.25,0.0,0.0,0.0,0.5,0.0,0.0,0.0,3.3,0.3,0.0,0.0,0.0,0.25,136.41
Marcionílio Souza,PG-CL-03,Marcionílio Souza,Marcionílio Souza - PG-CL-03,-13.00021,-40.537783,Chapada Diamantina,RPGA do Rio Paraguaçu,0.25,9.0,9.75,0.25,0.0,0.0,1.0,1.25,0.0,0.0,0.0,0.0,2.25,6.8,12.25,3.25,11.75,0.0,0.0,0.0,0.0,0.0,0.0,0.0,0.0,1.8,0.0,0.0,0.0,0.0,59.6
Ventura,PG-PR-10,Morro do Chapéu,Morro do Chapéu (Ventura) - PG-PR-10,-11.650911,-40.951765,Chapada Diamantina,RPGA do Rio Paraguaçu,0.0,10.5,0.0,0.0,0.0,0.0,0.0,0.5,0.0,0.0,0.0,0.0,0.0,55.0,7.5,1.75,0.0,0.0,0.0,0.0,0.0,0.0,0.0,0.0,0.0,0.0,0.0,0.0,0.0,0.0,75.25
Bonito,PG-PR-11,Bonito,Bonito - PG-PR-11,-11.98993,-41.25429,Chapada Diamantina,RPGA do Rio Paraguaçu,1.25,17.75,16.25,7.0,1.0,0.25,2.0,2.25,0.75,0.0,0.0,1.5,9.5,45.5,10.25,8.5,3.25,0.0,0.0,0.0,0.0,0.0,0.0,0.0,8.75,0.0,0.25,0.0,0.0,0.0,136.0
Piatã,CO-CL-04,Piatã,Piatã - CO-CL-04,-13.164166,-41.770833,Chapada Diamantina,RPGA do Rio de Contas,6.9,15.8,3.0,0.1,0.2,3.2,16.1,5.9,2.8,0.9,0.8,11.3,74.2,7.9,1.8,1.6,0.0,0.0,0.2,0.2,0.4,0.0,0.0,0.3,1.3,3.5,0.0,0.2,2.8,6.4,167.8
PC Ponte Rio Capivari,51326200,Itaberaba,Itaberaba (PC Ponte Rio Capivari) - 51326200,-12.51429,-39.93422,Chapada Diamantina,RPGA do Rio Paraguaçu,0.0,0.0,0.0,0.0,0.0,0.0,0.0,0.0,0.0,0.0,0.0,0.0,0.0,7.6,3.0,6.9,0.3,0.0,0.0,0.0,0.0,0.0,0.0,11.8,1.1,0.0,0.0,0.0,0.0,0.0,30.71
Curaçá,A448,Curaçá,Curaçá - A448,-9.0013,-39.9124,Nordeste,RPGA dos Rios Macururé e Curaçá,0.0,0.0,0.0,0.0,0.0,0.0,0.0,0.0,0.2,0.0,0.0,0.0,0.0,0.0,2.8,0.0,0.0,0.0,0.0,0.0,0.0,0.0,0.0,0.0,0.2,0.0,0.0,0.0,0.0,0.0,3.2
Cipó,83192,Cipó,Cipó - 83192,-11.083333,-38.516667,Nordeste,RPGA do Rio Itapicuru,0.0,0.0,3.6,8.6,0.0,0.0,0.0,0.0,0.0,0.0,0.0,0.0,0.0,0.0,0.0,3.6,0.0,0.0,0.0,0.0,0.0,0.0,0.0,0.0,0.0,1.0,0.0,0.0,0.0,0.0,16.8
Jacobina,83186,Jacobina,Jacobina - 83186,-11.172778,-40.534167,Nordeste,RPGA do Rio Itapicuru,0.0,17.6,0.0,4.7,0.0,0.0,0.0,0.0,0.0,0.0,0.0,0.0,0.0,15.4,58.0,4.7,0.0,0.0,0.0,0.0,0.0,0.0,0.0,0.0,3.1,0.2,0.0,0.0,0.0,0.0,103.7
Monte Santo,83090,Monte Santo,Monte Santo - 83090,-10.4425,-39.331111,Nordeste,RPGA do Rio Itapicuru,0.0,0.0,2.0,4.5,0.0,0.0,0.0,0.0,0.0,0.0,0.0,0.0,0.0,0.0,0.6,0.3,0.0,0.0,0.0,0.0,0.0,0.0,0.0,0.0,0.0,0.0,0.0,0.0,0.0,0.0,7.4
Serrinha,83190,Serrinha,Serrinha - 83190,-11.633333,-38.966667,Nordeste,RPGA do Recôncavo Norte,0.0,0.0,0.0,9.0,0.0,0.0,0.0,0.0,0.0,0.0,0.0,0.0,0.0,33.7,0.0,0.5,3.6,0.0,0.0,0.0,0.0,0.0,0.0,0.0,0.0,0.5,0.0,0.0,0.0,0.0,47.31
Conde,A431,Conde,Conde - A431,-12.03622,-37.68322,Nordeste,RPGA do Rio Itapicuru,0.0,0.0,93.6,0.4,1.8,0.0,0.0,0.0,0.2,1.0,0.0,0.0,0.0,0.0,0.0,2.4,0.0,0.0,0.0,0.0,0.0,0.0,0.0,0.0,0.4,0.4,0.0,0.0,0.0,0.0,100.21
Uauá,A435,Uauá,Uauá - A435,-9.833617,-39.495631,Nordeste,RPGA do Rio Vaza-Barris,0.0,0.0,0.0,0.0,0.0,0.0,0.0,0.0,0.0,0.0,0.0,0.0,0.0,5.8,0.0,0.0,0.0,0.0,0.0,0.0,0.0,0.0,0.0,0.0,0.0,0.0,0.0,0.0,0.0,0.0,5.8
Euclides da Cunha,A442,Euclides da Cunha,Euclides da Cunha - A442,-10.537233,-38.996605,Nordeste,RPGA do Rio Itapicuru,0.0,0.0,1.2,11.6,0.0,0.0,0.0,0.0,0.0,0.0,0.0,0.0,0.0,0.2,0.0,1.4,0.0,0.0,0.0,0.0,0.0,0.0,0.0,0.0,0.0,0.0,0.0,0.0,0.0,0.0,14.4
Queimadas,A436,Queimadas,Queimadas - A436,-10.984645,-39.617009,Nordeste,RPGA do Rio Itapicuru,0.0,0.2,0.0,3.4,0.0,0.0,0.0,0.0,0.0,0.0,0.0,0.0,0.0,0.2,0.0,3.2,0.0,0.0,0.0,0.0,0.0,0.0,0.0,0.0,0.0,4.2,0.0,0.0,0.0,0.0,11.2
Jacobina,A440,Jacobina,Jacobina - A440,-11.205136,-40.464979,Nordeste,RPGA do Rio Itapicuru,0.0,35.4,0.0,7.2,0.4,0.0,0.0,2.4,0.2,0.0,0.0,0.0,0.0,23.8,96.8,14.6,3.0,0.0,0.0,0.0,0.0,0.0,0.2,0.0,0.0,0.0,0.0,0.0,0.0,0.0,184.0
Serrinha,A441,Serrinha,Serrinha - A441,-11.664586,-39.022946,Nordeste,RPGA do Rio Paraguaçu,0.0,0.0,0.0,7.8,0.0,0.0,0.0,0.0,0.0,0.0,0.0,0.0,0.0,19.6,0.2,0.0,2.4,0.0,0.0,0.0,0.0,0.0,0.0,0.0,0.0,0.2,0.0,0.0,0.0,0.0,30.2
Senhor do Bonfim,A428,Senhor do Bonfim,Senhor do Bonfim - A428,-10.443072,-40.148244,Nordeste,RPGA do Rio Itapicuru,0.0,0.0,3.4,7.0,0.0,0.0,0.0,0.0,0.0,0.0,0.0,0.0,0.0,0.0,8.0,0.4,0.0,0.0,0.0,0.0,0.0,0.0,0.0,0.0,3.0,0.0,0.0,0.0,0.0,0.0,21.8
Pedras Altas,50430000,Capim Grosso,Capim Grosso (Pedras Altas) - 50430000,-11.18288,-40.04725,Nordeste,RPGA do Rio Itapicuru,0.0,42.6,0.0,18.0,0.2,0.0,0.0,0.0,0.0,0.0,0.0,0.0,0.0,8.4,12.0,18.8,0.0,0.0,0.0,0.0,0.0,0.0,0.0,0.0,0.2,0.0,0.0,0.0,0.0,0.0,100.2
Ponto Novo,50380000,Ponto Novo,Ponto Novo - 50380000,-10.845,-40.1128,Nordeste,RPGA do Rio Itapicuru,0.0,17.4,0.6,2.4,0.2,0.0,0.0,0.2,0.4,0.0,0.0,0.0,0.0,1.0,10.8,1.6,0.0,0.0,0.0,0.0,0.0,0.0,0.0,0.0,0.6,0.0,0.0,0.0,0.0,0.0,35.2
Ipirá,PG-CL-02,Ipirá,Ipirá - PG-CL-02,-12.14986,-39.76454,Nordeste,RPGA do Rio Paraguaçu,0.0,0.0,0.0,0.75,0.0,0.0,0.0,0.0,0.0,0.0,0.0,0.0,0.0,14.5,0.0,1.25,0.0,0.0,0.0,0.0,0.0,0.0,0.0,0.0,3.8,0.3,0.0,0.0,0.0,0.0,20.6
Serrinha,RN-CL-02,Serrinha,Serrinha - RN-CL-02,-11.648333,-38.982777,Nordeste,RPGA do Recôncavo Norte,0.0,0.0,1.0,7.5,0.0,0.0,0.0,0.0,0.0,0.0,0.0,0.0,0.0,17.0,0.25,0.25,1.5,0.0,0.0,0.0,0.0,0.0,0.0,0.0,0.0,0.0,0.0,0.0,0.0,0.0,27.5
Centro,293010501A,Senhor do Bonfim,Senhor do Bonfim (Centro) - 293010501A,-10.464,-40.19,Nordeste,RPGA do Rio Itapicuru,0.0,0.0,4.0,4.7,0.0,0.0,0.0,0.0,0.0,0.0,0.0,0.0,0.0,0.4,9.05,0.79,0.0,0.0,0.0,0.0,0.0,0.0,0.0,0.0,4.2,1.4,0.0,0.0,0.0,0.0,24.54
Riacho da Onça,IT-PR-15,Queimadas,Queimadas (Riacho da Onça) - IT-PR-15,-11.24424,-39.790055,Nordeste,RPGA do Rio Itapicuru,0.0,0.0,0.0,10.5,3.0,0.0,0.0,0.0,0.0,0.0,0.0,0.0,0.0,1.0,0.5,28.0,0.0,0.0,0.0,0.0,0.0,0.0,0.0,0.0,4.5,0.0,0.0,0.0,0.0,0.0,47.5
Jeremoabo,291810001C,Jeremoabo,Jeremoabo - 291810001C,-9.99707,-38.32543,Nordeste,RPGA do Rio Vaza-Barris,0.0,0.0,0.0,0.0,0.0,0.0,0.0,0.0,0.0,0.0,0.0,0.0,0.0,0.0,0.0,0.4,0.0,0.0,0.0,0.0,0.0,0.0,0.0,0.0,0.0,0.0,0.0,0.0,0.0,0.0,0.4
Aribicé,IT-PR-02,Euclides da Cunha,Euclides da Cunha (Aribicé) - IT-PR-02,-10.557835,-38.793352,Nordeste,RPGA do Rio Itapicuru,0.0,7.25,0.0,1.75,0.0,0.0,0.0,0.0,0.0,0.0,0.0,0.0,0.0,0.25,0.0,0.5,0.0,0.0,0.0,0.0,0.0,0.0,0.0,0.0,0.0,0.0,0.0,0.0,0.0,0.0,9.75
Ribeira do Pombal,IT-PR-04,Ribeira do Pombal,Ribeira do Pombal - IT-PR-04,-10.823399,-38.545844,Nordeste,RPGA do Rio Itapicuru,0.0,0.0,1.5,4.25,0.0,0.0,0.0,0.0,0.0,0.0,0.0,0.0,0.0,0.0,0.0,4.5,0.0,0.0,0.0,0.0,0.0,0.0,0.0,0.0,0.0,0.0,0.0,0.0,0.0,0.0,10.25
BR 116 E. Cunha / Tucano,IT-PR-05,Quijingue,Quijingue (BR 116 E. Cunha / Tucano) - IT-PR-05,-10.7105,-38.9227,Nordeste,RPGA do Rio Itapicuru,0.0,0.5,2.0,5.75,0.0,0.0,0.0,0.0,0.0,0.0,0.0,0.0,0.0,0.0,0.0,0.0,0.0,0.0,0.0,0.0,0.0,0.0,0.0,0.0,0.0,0.0,0.0,0.0,0.0,0.0,8.25
Crisópolis,IT-PR-08,Crisópolis,Crisópolis - IT-PR-08,-11.510923,-38.120832,Nordeste,RPGA do Rio Itapicuru,0.0,0.0,37.25,1.5,18.25,0.0,0.0,0.5,0.0,7.75,0.0,0.0,0.0,0.0,0.0,1.0,0.0,0.0,0.0,0.0,0.0,0.0,0.0,0.0,0.0,0.0,0.0,0.0,0.0,0.0,66.25
Olindina,IT-PR-11,Olindina,Olindina - IT-PR-11,-11.343693,-38.318892,Nordeste,RPGA do Rio Itapicuru,0.0,0.0,38.5,10.0,1.25,0.0,0.0,0.0,0.0,0.0,0.0,0.0,0.0,0.0,0.0,1.75,0.0,0.0,0.0,0.0,0.0,0.0,0.0,0.0,0.0,0.75,0.0,0.0,0.0,0.0,52.25
Itapicuru,IT-PR-12,Itapicuru,Itapicuru - IT-PR-12,-11.321193,-38.225003,Nordeste,RPGA do Rio Itapicuru,0.0,0.0,53.0,9.0,2.25,0.0,0.0,0.0,0.0,1.0,0.0,0.0,0.0,0.0,0.0,1.0,0.0,0.0,0.0,0.0,0.0,0.0,0.0,0.0,0.5,0.75,0.0,0.0,0.0,0.0,67.5
Itaberaba,291840701A,Juazeiro,Juazeiro (Itaberaba) - 291840701A,-9.44837,-40.48517,Norte,RPGA dos Rios Macururé e Curaçá,0.0,0.0,0.0,0.0,0.0,0.0,0.0,0.0,0.0,0.0,0.0,0.0,0.0,2.0,2.2,0.0,0.0,0.0,0.0,0.0,0.0,0.0,0.0,0.0,0.0,0.0,0.0,0.0,0.0,0.0,4.2
Malhada da Areia,291840702A,Juazeiro,Juazeiro (Malhada da Areia) - 291840702A,-9.44181,-40.51381,Norte,RPGA dos Rios Macururé e Curaçá,0.0,0.0,0.0,0.0,0.0,0.0,0.0,0.0,0.0,0.0,0.0,0.0,0.0,7.2,15.6,0.0,0.0,0.0,0.0,0.0,0.0,0.0,0.0,0.0,0.0,0.0,0.0,0.0,0.0,0.0,22.8
Maria Gorete,291840703A,Juazeiro,Juazeiro (Maria Gorete) - 291840703A,-9.42014,-40.49909,Norte,RPGA dos Rios Macururé e Curaçá,0.0,0.0,0.0,0.2,0.0,0.0,0.0,0.0,0.0,0.0,0.0,0.0,0.0,2.8,12.0,0.0,0.0,0.0,0.0,0.0,0.0,0.0,0.0,0.0,0.0,0.0,0.0,0.0,0.0,0.0,15.0
João Paulo II,291840704A,Juazeiro,Juazeiro (João Paulo II) - 291840704A,-9.47067,-40.49805,Norte,RPGA dos Rios Macururé e Curaçá,0.0,0.0,0.0,0.0,0.0,0.0,0.0,0.0,1.0,0.0,0.0,0.0,0.0,2.0,4.6,0.0,0.0,0.0,0.0,0.0,0.0,0.0,0.0,0.0,0.0,0.0,0.0,0.0,0.0,0.0,7.6
Lapão,291915701A,Lapão,Lapão - 291915701A,-11.38,-41.83,Norte,RPGA dos Rios Verde e Jacaré,0.0,0.4,3.6,0.0,0.0,0.0,13.8,0.2,0.2,0.0,0.0,0.2,9.0,22.4,11.2,2.8,0.2,0.0,0.0,0.0,0.0,0.0,0.0,0.0,0.0,0.0,0.0,0.0,0.0,0.0,64.0
Irecê,83182,Irecê,Irecê - 83182,-11.3,-41.866667,Norte,RPGA dos Rios Verde e Jacaré,0.0,0.7,0.0,1.6,0.0,0.0,5.9,0.0,0.0,0.0,0.0,0.3,18.6,26.2,13.6,2.1,0.0,0.0,0.0,0.0,0.0,0.0,0.0,0.0,0.0,0.0,0.0,0.0,0.0,0.0,69.0
Remanso,82979,Remanso,Remanso - 82979,-9.633333,-42.1,Norte,RPGA do Lago de Sobradinho,0.0,0.0,0.0,0.0,0.0,0.0,3.2,0.0,0.0,0.0,0.0,0.0,0.0,5.2,10.6,0.0,0.0,0.0,0.0,0.0,0.0,0.0,0.0,0.0,0.0,0.0,0.0,0.0,0.0,0.0,19.0
Delfino,A443,Umburanas,Umburanas (Delfino) - A443,-10.45492,-41.206996,Norte,RPGA do Rio Salitre,0.0,17.4,0.0,0.0,0.0,0.0,0.4,0.4,0.0,0.0,0.0,0.0,0.8,5.2,4.6,1.0,0.0,0.0,0.0,3.8,0.0,0.0,0.0,0.0,0.0,0.0,0.0,0.0,0.0,0.0,33.6
Remanso,A423,Remanso,Remanso - A423,-9.625693,-42.077214,Norte,RPGA do Lago de Sobradinho,0.0,0.2,0.0,0.0,0.0,0.0,3.6,0.0,0.0,0.0,0.0,0.0,0.0,8.4,13.0,0.0,0.0,0.0,0.0,0.0,0.0,0.0,0.0,0.0,0.0,0.0,0.0,0.0,0.0,0.0,25.21
Irecê,A424,Irecê,Irecê - A424,-11.328998,-41.864504,Norte,RPGA dos Rios Verde e Jacaré,0.0,0.6,0.0,0.2,0.0,0.0,7.0,0.0,0.0,0.0,0.0,1.2,19.6,27.0,10.8,2.8,0.0,0.0,0.0,0.0,0.0,0.0,0.0,0.0,0.0,0.0,0.0,0.0,0.0,0.0,69.2
Casa Nova,Faz. Santa Felicidade,Casa Nova,Casa Nova - Faz. Santa Felicidade,-9.333333,-40.8,Norte,RPGA do Lago de Sobradinho,0.0,0.0,0.0,0.0,0.0,0.0,0.0,0.0,0.0,0.0,0.0,0.0,0.0,1.3,0.0,0.0,0.0,0.0,0.0,0.0,0.0,0.0,0.0,0.0,0.0,0.0,0.0,0.0,0.0,0.0,1.3
Juazeiro,Fazenda Brasil Uvas,Juazeiro,Juazeiro - Fazenda Brasil Uvas,-9.316666,-40.183333,Norte,RPGA dos Rios Macururé e Curaçá,0.0,1.0,0.0,0.0,0.0,0.0,0.3,0.0,0.5,0.0,0.0,0.0,0.0,0.0,4.6,0.0,0.0,0.0,0.0,0.0,0.0,0.0,0.0,0.0,0.0,0.0,0.0,0.0,0.0,0.0,6.4
Juazeiro,Massaroca,Juazeiro,Juazeiro - Massaroca,-9.8,-40.233333,Norte,RPGA dos Rios Macururé e Curaçá,0.0,0.0,0.0,0.0,0.0,0.0,0.0,0.0,0.0,0.0,0.0,0.0,0.0,0.0,0.0,0.0,0.0,0.0,0.0,0.0,0.0,0.0,0.0,0.0,0.0,0.0,0.0,0.0,0.0,0.0,0.0
Jaguarari,Pilar,Jaguarari,Jaguarari - Pilar,-9.85,-39.933333,Norte,RPGA dos Rios Macururé e Curaçá,0.0,2.0,0.0,0.0,0.0,0.0,0.0,0.0,0.0,0.0,0.0,0.0,0.0,5.5,0.0,0.0,0.0,0.0,0.0,0.0,0.0,0.0,0.0,0.0,0.0,0.0,0.0,0.0,0.0,0.0,7.5
Juazeiro,Santa Helena,Juazeiro,Juazeiro - Santa Helena,-9.566666,-40.3,Norte,RPGA dos Rios Macururé e Curaçá,0.0,0.0,0.0,0.0,0.0,0.0,0.0,0.0,0.0,0.0,0.0,0.0,0.0,0.0,0.0,0.0,0.0,0.0,0.0,0.0,0.0,0.0,0.0,0.0,0.0,0.0,0.0,0.0,0.0,0.0,0.0
Juazeiro,Salitre,Juazeiro,Juazeiro - Salitre,-9.5,-40.633333,Norte,RPGA dos Rios Macururé e Curaçá,0.0,0.0,0.0,0.0,0.0,0.0,0.0,0.1,0.1,0.0,0.0,0.0,0.0,4.8,0.0,0.0,0.0,0.0,0.0,0.0,0.0,0.0,0.0,0.0,0.0,0.0,0.0,0.0,0.0,0.0,5.0
Juazeiro,48020000,Juazeiro,Juazeiro - 48020000,-9.4064,-40.5036,Norte,RPGA dos Rios Macururé e Curaçá,0.0,0.0,0.0,0.0,0.0,0.0,0.0,0.0,0.0,0.0,0.0,0.0,0.0,2.6,2.6,1.4,1.8,0.8,0.2,0.0,0.0,0.0,0.0,0.0,0.0,0.0,0.0,0.0,0.0,0.0,9.4
Irecê,VJ-CL-01,Irecê,Irecê - VJ-CL-01,-11.289166,-41.894166,Norte,RPGA dos Rios Verde e Jacaré,0.0,0.25,0.0,0.0,0.0,0.0,1.8,0.0,0.0,0.0,0.0,0.75,15.75,25.5,15.5,2.0,0.0,0.0,0.0,0.0,0.0,0.0,0.0,0.0,0.0,0.0,0.0,0.0,0.0,0.0,61.55
Juazeiro,Mandacaru,Juazeiro,Juazeiro - Mandacaru,-9.4,-40.433333,Norte,RPGA dos Rios Macururé e Curaçá,0.0,0.0,0.0,0.0,0.0,0.0,0.0,0.0,0.0,0.0,0.0,0.0,0.0,15.0,0.0,0.0,0.0,0.0,0.0,0.0,0.0,0.0,0.0,0.0,0.0,0.0,0.0,0.0,0.0,0.0,15.0
Fazenda Dona Izeta,GR-PR-15,Barreiras,Barreiras (Fazenda Dona Izeta) - GR-PR-15,-12.073399,-45.490807,Oeste,RPGA do Rio Grande,78.0,0.2,2.2,2.4,0.0,1.6,3.2,4.2,17.6,1.0,13.2,3.8,0.4,48.0,0.2,0.0,0.0,0.0,0.0,2.8,10.6,0.0,0.0,0.8,10.0,0.0,0.0,0.0,0.0,0.0,200.21
Fazenda Pró Café,GR-PR-19,Barreiras,Barreiras (Fazenda Pró Café) - GR-PR-19,-12.160625,-45.330802,Oeste,RPGA do Rio Grande,15.6,7.2,10.0,0.2,8.8,9.0,1.0,18.6,36.4,5.8,9.4,1.6,0.2,38.6,0.2,0.0,0.0,0.0,0.4,0.0,0.0,0.0,32.6,0.0,15.8,0.0,0.0,0.0,0.0,0.0,211.4
Formosa do Rio Preto,A452,Formosa do Rio Preto,Formosa do Rio Preto - A452,-11.052163,-45.200769,Oeste,RPGA do Rio Grande,35.6,0.0,2.8,0.0,0.0,3.4,0.8,7.8,26.8,0.0,0.0,0.0,0.0,12.4,0.8,0.8,0.0,0.0,0.0,0.0,0.2,0.0,0.0,5.8,8.4,0.0,0.0,0.0,0.0,2.0,107.6
Barreiras,83236,Barreiras,Barreiras - 83236,-12.155556,-45.007778,Oeste,RPGA do Rio Grande,8.7,1.0,2.4,10.7,0.0,0.0,0.0,0.0,0.0,0.0,12.3,0.0,0.0,50.8,0.0,0.0,0.0,0.0,0.0,0.0,0.0,0.0,0.0,0.0,0.0,0.0,0.0,0.0,0.0,1.2,87.1
Correntina,83286,Correntina,Correntina - 83286,-13.332222,-44.617222,Oeste,"RPGA do Rio Corrente e Riachos do Ramalho, Serra Dourada e Brejo Velho",4.7,44.0,1.4,0.0,0.0,0.0,23.4,5.1,7.4,0.0,0.8,0.0,3.4,38.3,0.0,0.0,0.0,5.4,2.4,0.0,1.8,0.0,0.0,0.0,0.0,0.0,0.0,0.0,0.0,3.4,141.51
Form. Rio Preto,46550000,Barreiras,Barreiras (Form. Rio Preto) - 46550000,-11.154444,-45.009166,Oeste,RPGA do Rio Grande,9.9,2.1,2.6,14.3,0.0,0.5,0.0,0.5,0.5,0.0,13.6,0.0,0.0,55.1,0.0,0.0,0.0,0.0,0.0,0.0,0.0,0.0,0.0,0.0,2.3,0.0,0.0,0.0,0.0,4.2,105.6
Arrojado,45770000,Correntina,Correntina (Arrojado) - 45770000,-13.4528,-44.5689,Oeste,"RPGA do Rio Corrente e Riachos do Ramalho, Serra Dourada e Brejo Velho",12.8,31.2,2.4,0.0,0.0,18.8,23.2,3.8,1.8,0.2,0.2,0.0,0.0,16.0,0.0,0.0,0.0,41.8,6.4,3.4,0.0,0.0,0.0,0.0,0.0,0.0,0.0,0.0,0.0,8.8,170.8
Correntina,45590000,Correntina,Correntina - 45590000,-13.3406,-44.6386,Oeste,"RPGA do Rio Corrente e Riachos do Ramalho, Serra Dourada e Brejo Velho",5.4,40.2,1.8,0.0,0.0,0.0,33.6,0.0,10.8,0.6,0.8,0.0,0.0,31.8,0.0,0.0,0.0,5.0,1.8,0.4,0.2,0.0,1.2,0.0,0.0,0.0,0.0,0.0,0.0,4.2,137.8
Fazenda Redenção,46543000,Barreiras,Barreiras (Fazenda Redenção) - 46543000,-12.1358,-45.1033,Oeste,RPGA do Rio Grande,5.0,0.0,0.6,15.0,1.2,0.4,0.0,43.0,14.6,0.2,5.0,0.2,0.0,42.8,0.0,0.0,0.0,0.0,0.0,0.0,0.0,0.0,0.0,0.0,0.0,0.0,0.0,0.0,0.0,2.4,130.4
Mocambo,45740001,Correntina,Correntina (Mocambo) - 45740001,-13.28572,-44.56284,Oeste,"RPGA do Rio Corrente e Riachos do Ramalho, Serra Dourada e Brejo Velho",45.4,14.0,1.0,0.2,0.0,0.0,13.6,0.0,4.2,0.0,2.0,0.0,4.4,52.2,0.2,0.0,0.0,2.6,0.2,0.0,0.0,0.2,0.0,0.0,6.2,0.0,0.0,0.0,0.0,6.6,153.0
PCH Pres. Goulart-J,45600000,Correntina,Correntina (PCH Pres. Goulart-J) - 45600000,-13.3344,-44.6208,Oeste,"RPGA do Rio Corrente e Riachos do Ramalho, Serra Dourada e Brejo Velho",3.8,53.8,0.8,0.0,0.0,0.0,34.8,4.1,9.7,0.0,0.8,0.0,3.0,45.0,0.0,0.0,0.0,4.8,2.6,0.0,1.5,0.0,0.0,0.0,0.3,0.0,0.0,3.8,0.0,6.3,175.11
PCH Pres. Goulart-M1,45588000,Correntina,Correntina (PCH Pres. Goulart-M1) - 45588000,-13.3408,-44.6414,Oeste,"RPGA do Rio Corrente e Riachos do Ramalho, Serra Dourada e Brejo Velho",5.5,49.4,0.6,0.0,0.0,0.0,47.5,3.8,13.5,1.4,1.3,0.0,0.0,29.5,0.0,0.0,0.0,7.9,1.6,0.3,0.0,0.0,1.8,0.0,0.0,0.0,0.0,3.0,0.0,6.4,173.51
PCH Sítio Grande-J,46453500,São Desidério,São Desidério (PCH Sítio Grande-J) - 46453500,-12.4286,-45.1528,Oeste,RPGA do Rio Grande,21.6,2.4,1.7,1.0,0.3,7.2,0.0,0.8,13.7,1.3,36.4,5.2,2.4,89.2,0.0,15.2,0.0,0.0,0.0,0.0,0.0,0.0,0.0,0.0,1.8,0.0,9.3,0.0,0.0,3.2,212.71
Barreiras,A402,Barreiras,Barreiras - A402,-12.124715,-45.027049,Oeste,RPGA do Rio Grande,21.0,4.0,1.2,9.2,0.0,0.2,0.0,5.0,0.4,0.0,11.6,0.0,0.0,37.8,0.0,0.0,0.0,0.0,0.0,0.0,0.0,0.0,0.0,3.4,1.2,0.0,0.0,0.0,0.0,2.2,97.21
Luís Eduardo Magalhães,A404,Luís Eduardo Magalhães,Luís Eduardo Magalhães - A404,-12.152394,-45.829745,Oeste,RPGA do Rio Grande,64.2,0.2,2.0,0.4,0.0,3.4,0.6,10.4,39.0,1.0,2.6,25.6,0.0,41.2,0.0,0.0,0.0,37.0,0.0,2.0,0.0,1.0,0.0,7.0,0.0,0.0,0.0,0.0,0.0,0.0,237.61
São Desidério,R. Velha - GR-CL-01,São Desidério,São Desidério - R. Velha - GR-CL-01,-12.898055,-46.157222,Oeste,RPGA do Rio Grande,39.25,0.0,0.0,0.0,0.0,0.0,0.0,17.75,4.0,6.5,9.25,21.25,0.0,54.8,0.0,0.5,0.0,7.5,14.0,3.5,2.0,4.25,13.5,0.0,0.0,0.0,0.0,0.0,0.0,0.0,198.05
Barra do Tapuio,GR-PR-02,Formosa do Rio Preto,Formosa do Rio Preto (Barra do Tapuio) - GR-PR-02,-11.09476,-45.950259,Oeste,RPGA do Rio Grande,3.0,11.2,0.0,0.2,0.0,0.0,4.4,40.0,36.6,8.4,5.0,30.4,0.0,13.6,0.2,0.0,0.0,0.0,0.0,13.6,0.0,0.0,0.0,22.0,0.8,0.2,0.0,0.0,0.0,0.0,189.6
J. Zoológico,A401,Salvador,Salvador (J. Zoológico) - A401,-13.005515,-38.50576,Recôncavo,RPGA do Recôncavo Norte,0.0,0.6,61.4,5.2,0.0,0.0,0.0,0.0,0.2,0.0,1.0,0.0,0.0,1.2,0.2,2.6,2.2,0.0,0.0,0.0,0.0,0.0,0.0,0.0,3.0,0.2,0.0,0.0,0.0,0.0,77.81
Cruz das Almas,A406,Cruz das Almas,Cruz das Almas - A406,-12.675422,-39.08958,Recôncavo,RPGA do Rio Paraguaçu,0.0,0.0,3.0,10.4,2.2,0.0,0.0,0.2,0.2,0.0,0.0,0.0,0.0,24.6,0.4,7.2,1.0,0.0,0.2,0.0,0.0,0.0,0.0,0.0,14.8,1.0,0.2,0.0,0.2,0.2,65.81
Feira de Santana,A413,Feira de Santana,Feira de Santana - A413,-12.1962,-38.967384,Recôncavo,RPGA do Recôncavo Norte,0.0,0.0,3.0,9.8,1.2,0.0,0.0,0.0,0.0,0.4,0.0,0.0,0.0,11.0,0.0,7.2,3.4,0.0,0.0,0.0,0.0,0.0,0.0,0.0,7.6,0.6,0.2,0.0,0.0,0.0,44.41
Periperi,292740820A,Salvador,Salvador (Periperi) - 292740820A,-12.867344,-38.458111,Recôncavo,RPGA do Recôncavo Norte,0.0,1.0,54.6,0.2,0.2,0.0,0.0,0.6,0.8,0.0,0.0,0.0,0.0,2.4,0.0,3.4,2.2,0.0,0.0,0.0,0.0,0.0,0.0,0.0,4.6,0.0,0.0,0.0,0.0,0.0,70.0
Mussurunga,292740821A,Salvador,Salvador (Mussurunga) - 292740821A,-12.907733,-38.440111,Recôncavo,RPGA do Recôncavo Norte,0.0,0.0,83.2,0.2,0.0,0.0,0.0,0.6,0.0,0.8,0.0,0.0,0.0,0.2,0.0,0.0,0.6,0.0,0.0,0.0,0.0,0.0,0.0,0.0,8.2,0.2,0.0,0.0,0.0,0.0,94.0
Fazenda Coutos,292740822A,Salvador,Salvador (Fazenda Coutos) - 292740822A,-12.849955,-38.461778,Recôncavo,RPGA do Recôncavo Norte,0.0,0.0,60.6,0.6,0.0,0.0,0.0,1.8,1.4,0.2,0.0,0.0,0.0,1.4,0.2,0.0,0.6,0.0,0.0,0.0,0.0,0.0,0.0,0.0,18.8,0.0,0.0,0.0,0.0,0.0,85.61
Itapuã,292740819A,Salvador,Salvador (Itapuã) - 292740819A,-12.947736,-38.370136,Recôncavo,RPGA do Recôncavo Norte,0.2,0.0,78.2,0.8,0.0,0.0,0.0,0.2,0.0,0.0,1.0,0.0,0.0,0.6,0.0,1.2,0.0,0.0,0.0,0.0,0.0,0.0,0.0,0.0,4.8,0.4,0.0,0.0,0.0,0.0,87.4
Alagoinhas,83249,Alagoinhas,Alagoinhas - 83249,-12.148333,-38.425556,Recôncavo,RPGA do Recôncavo Norte,0.0,0.0,56.3,5.8,0.8,0.0,0.0,0.0,0.0,1.2,0.4,0.0,0.0,0.0,0.0,0.0,6.5,0.0,0.0,0.0,0.0,0.0,0.0,0.0,0.0,0.0,0.0,0.0,0.0,0.0,71.0
Tancredo Neves,292740823A,Salvador,Salvador (Tancredo Neves) - 292740823A,-12.945347,-38.453472,Recôncavo,RPGA do Recôncavo Norte,0.0,0.4,65.8,1.0,0.0,0.0,0.0,0.4,1.6,0.0,0.0,0.0,0.0,2.6,0.2,1.6,0.4,0.0,0.0,0.0,0.0,0.0,0.0,0.0,5.0,0.0,0.8,0.0,0.0,0.0,79.8
Polivalente,292860401A,Santo Amaro,Santo Amaro (Polivalente) - 292860401A,-12.552863,-38.712504,Recôncavo,RPGA do Recôncavo Norte,0.0,0.0,7.2,7.8,0.6,0.0,0.0,0.0,0.0,0.0,1.6,0.0,0.0,4.8,0.0,3.4,6.4,0.0,0.0,0.0,0.0,0.0,0.0,0.0,0.0,2.0,0.2,0.0,0.0,0.0,34.0
Povoado de Pedras,292860402A,Santo Amaro,Santo Amaro (Povoado de Pedras) - 292860402A,-12.549625,-38.770999,Recôncavo,RPGA do Recôncavo Norte,0.0,0.0,7.6,15.8,1.6,0.2,0.0,0.0,1.4,0.0,3.6,0.0,0.0,8.2,0.0,25.0,6.4,0.2,0.0,0.0,0.0,0.0,0.0,0.0,2.0,0.0,0.0,0.0,0.0,0.0,72.0
Amargosa,A434,Amargosa,Amargosa - A434,-13.009468,-39.616881,Recôncavo,RPGA do Recôncavo Sul,0.0,0.6,1.0,3.8,7.0,0.0,0.0,0.0,0.0,0.2,0.0,0.0,0.0,6.0,2.8,2.4,0.0,0.0,0.0,0.0,0.0,0.0,0.0,0.0,2.0,11.0,0.0,0.0,0.0,0.0,36.8
Valença,A444,Valença,Valença - A444,-13.34361,-39.12667,Recôncavo,RPGA do Recôncavo Sul,0.0,93.2,25.4,0.6,0.4,9.2,0.2,0.2,0.0,0.4,1.6,0.0,0.0,11.4,21.4,4.6,0.2,0.0,0.2,0.0,0.0,0.2,0.0,0.2,18.8,3.8,0.2,0.0,0.2,0.0,192.4
Mata de São João,ETA - Embasa,Mata de São João,Mata de São João - ETA - Embasa,-12.394946,-37.934649,Recôncavo,RPGA do Recôncavo Norte,0.0,0.0,0.0,3.0,0.0,0.0,0.0,0.0,0.0,2.4,0.0,0.0,0.0,0.0,0.0,0.0,0.0,0.0,0.0,0.0,0.0,0.0,0.0,0.0,0.0,0.0,0.0,0.0,0.0,0.0,5.4
Candeias,EMBASA,Candeias,Candeias - EMBASA,-12.663561,-38.533,Recôncavo,RPGA do Recôncavo Norte,0.0,0.0,9.5,3.6,1.5,0.0,0.0,0.0,0.0,0.0,0.0,1.7,0.0,0.0,0.0,0.0,3.5,0.0,0.0,0.0,0.0,0.0,0.0,0.0,2.25,0.0,0.0,0.0,0.0,0.0,22.05
Dias D´Ávila,EMBASA,Dias D´Ávila,Dias D´Ávila - EMBASA,-12.620505,-38.315217,Recôncavo,RPGA do Recôncavo Norte,0.0,0.0,54.7,7.4,0.0,0.0,0.0,0.4,0.0,0.5,1.0,0.0,0.0,0.0,0.0,0.0,7.0,0.0,0.0,0.0,0.0,0.0,0.0,0.0,5.1,0.6,0.0,0.0,0.0,0.0,76.7
São Sebastião do Passé-EMBASA,,São Sebastião do Passé-EMBASA,São Sebastião do Passé-EMBASA,-12.517449,-38.492165,Recôncavo,RPGA do Recôncavo Norte,0.0,0.0,20.1,11.4,0.9,0.0,0.0,0.0,0.0,2.6,0.0,0.0,0.0,0.0,0.0,0.0,0.0,0.0,0.0,0.0,0.0,0.0,0.0,0.0,0.3,0.0,0.0,0.0,0.0,0.0,35.3
Joanes II,322,Simões Filho,Simões Filho (Joanes II) - 322,-12.674147,-38.376254,Recôncavo,RPGA do Recôncavo Norte,0.0,0.0,51.1,4.5,0.0,0.0,0.0,0.0,0.0,5.1,1.8,0.0,0.0,0.4,0.0,0.2,0.3,0.0,0.0,0.0,0.0,0.0,0.0,0.0,0.2,2.1,0.0,0.0,0.0,0.0,65.7
Santa Helena,323,Camaçari,Camaçari (Santa Helena) - 323,-12.56202,-38.1606,Recôncavo,RPGA do Recôncavo Norte,0.0,0.0,8.1,11.2,0.0,0.0,0.0,0.0,11.4,2.0,2.4,0.0,0.0,0.0,0.0,0.0,0.5,0.0,0.0,0.0,0.0,0.0,0.0,0.0,0.0,1.2,0.0,0.0,0.0,0.0,36.8
Ondina,83229,Salvador,Salvador (Ondina) - 83229,-13.005278,-38.505833,Recôncavo,RPGA do Recôncavo Norte,0.0,0.7,61.9,4.5,0.0,0.0,0.0,0.0,0.0,0.0,0.8,0.0,0.0,1.1,0.0,2.5,2.4,0.0,0.0,0.0,0.0,0.0,0.0,0.0,3.0,0.4,0.0,0.0,0.0,0.0,77.3
Centro,292740802A,Salvador,Salvador (Centro) - 292740802A,-12.97821,-38.515945,Recôncavo,RPGA do Recôncavo Norte,0.0,0.6,82.5,2.2,0.0,0.0,0.0,0.4,0.0,0.0,0.0,0.0,0.0,0.8,4.5,1.2,0.2,0.0,0.0,0.0,0.0,0.0,0.0,1.6,8.7,0.4,0.0,0.0,0.0,0.0,103.11
São tomé de Paripe,292740806A,Salvador,Salvador (São tomé de Paripe) - 292740806A,-12.795508,-38.489389,Recôncavo,RPGA do Recôncavo Norte,0.0,0.0,58.4,3.2,0.0,0.0,0.0,0.0,3.5,0.0,0.8,0.0,0.0,1.4,0.0,0.2,0.4,0.0,0.0,0.0,0.0,0.0,0.0,0.0,10.9,1.6,0.0,0.0,0.0,0.0,80.4
Federação,292740803A,Salvador,Salvador (Federação) - 292740803A,-13.000791,-38.511056,Recôncavo,RPGA do Recôncavo Norte,0.0,0.4,58.0,4.3,0.0,0.0,0.0,0.4,0.0,0.0,0.2,0.0,0.0,0.6,0.0,0.8,2.0,0.0,0.0,0.0,0.0,0.0,0.0,0.0,1.6,2.7,0.0,0.0,0.0,0.0,71.0
Nova Esperança,292740818A,Salvador,Salvador (Nova Esperança) - 292740818A,-12.861,-38.368,Recôncavo,RPGA do Recôncavo Norte,0.0,6.3,72.5,5.6,0.0,0.0,0.0,0.2,0.6,0.0,0.0,0.0,0.0,0.8,0.0,0.0,0.8,0.0,0.0,0.0,0.0,0.0,0.0,0.0,9.8,0.6,0.0,0.0,0.0,0.0,97.2
Caminho das Árvores,292740815A,Salvador,Salvador (Caminho das Árvores) - 292740815A,-12.97718,-38.453834,Recôncavo,RPGA do Recôncavo Norte,0.0,1.2,78.7,0.0,0.0,0.0,0.0,4.7,0.8,0.0,0.0,0.0,0.0,1.4,3.2,1.8,0.0,0.0,0.0,0.0,0.0,0.0,0.0,0.0,5.1,0.0,0.0,0.0,0.0,0.0,96.9
Águas Claras,292740808A,Salvador,Salvador (Águas Claras) - 292740808A,-12.8944,-38.441889,Recôncavo,RPGA do Recôncavo Norte,0.0,0.0,38.7,11.1,0.2,0.0,0.0,1.8,2.2,0.2,0.0,0.0,0.0,1.6,0.0,2.8,0.0,0.0,0.0,0.0,0.0,0.0,0.0,0.0,7.1,0.0,0.0,0.0,0.0,0.0,65.7
Alto do Peru,292740812A,Salvador,Salvador (Alto do Peru) - 292740812A,-12.939122,-38.486334,Recôncavo,RPGA do Recôncavo Norte,0.0,0.0,61.0,0.8,0.0,0.0,0.0,0.4,0.2,0.2,0.0,0.0,0.0,1.2,0.0,2.0,0.2,0.0,0.0,0.0,0.0,0.0,0.0,0.0,6.5,0.2,0.2,0.0,0.0,0.0,72.91
CAB,292740811A,Salvador,Salvador (CAB) - 292740811A,-12.943354,-38.421264,Recôncavo,RPGA do Recôncavo Norte,0.0,0.2,64.2,1.6,0.8,0.0,0.0,1.77,0.0,0.0,0.0,0.0,0.0,2.0,0.0,4.3,0.0,0.0,0.0,0.0,0.0,0.0,0.0,0.0,7.3,0.2,0.0,0.0,0.0,0.0,82.37
Cosme de Farias,292740816A,Salvador,Salvador (Cosme de Farias) - 292740816A,-12.979402,-38.4855,Recôncavo,RPGA do Recôncavo Norte,0.0,0.4,73.6,0.0,0.0,0.0,0.0,1.57,0.0,0.0,0.6,0.0,0.0,0.8,6.7,0.8,0.2,0.0,0.0,0.0,0.0,0.0,0.0,1.2,11.1,0.0,0.0,0.0,0.0,0.0,96.97
São Caetano,292740814A,Salvador,Salvador (São Caetano) - 292740814A,-12.939678,-38.474667,Recôncavo,RPGA do Recôncavo Norte,0.0,0.0,52.8,5.0,0.0,0.4,0.0,0.2,0.6,0.0,0.0,0.0,0.0,1.8,0.0,0.2,0.6,0.0,0.0,0.0,0.0,0.0,0.0,0.0,1.0,0.6,0.2,0.0,0.0,0.0,63.41
Pirajá,292740801A,Salvador,Salvador (Pirajá) - 292740801A,-12.8994,-38.458833,Recôncavo,RPGA do Recôncavo Norte,0.0,0.0,51.1,1.6,0.0,0.0,0.0,2.6,3.2,0.0,0.0,0.0,0.0,1.6,0.0,4.5,0.2,0.0,0.0,0.0,0.0,0.0,0.0,0.0,5.7,0.0,0.0,0.0,0.0,0.0,70.51
Rio Sena,292740805A,Salvador,Salvador (Rio Sena) - 292740805A,-12.891344,-38.470778,Recôncavo,RPGA do Recôncavo Norte,0.0,0.0,51.1,2.6,0.0,0.4,0.0,3.74,0.0,2.8,0.0,0.0,0.0,2.6,0.2,2.8,0.4,0.0,0.0,0.0,0.0,0.0,0.0,0.0,5.7,0.2,0.0,0.0,0.0,0.0,72.55
Valéria,292740817A,Salvador,Salvador (Valéria) - 292740817A,-12.8644,-38.438276,Recôncavo,RPGA do Recôncavo Norte,0.0,2.0,51.1,0.0,0.2,0.2,0.0,0.79,3.0,0.6,0.0,0.0,0.0,1.6,0.0,0.2,2.6,0.0,0.0,0.0,0.0,0.0,0.0,0.0,7.3,0.0,0.0,0.0,0.0,0.0,69.6
Monte Serrat,292740804A,Salvador,Salvador (Monte Serrat) - 292740804A,-12.930789,-38.517167,Recôncavo,RPGA do Recôncavo Norte,0.0,0.0,25.4,0.0,0.0,0.8,1.8,3.94,0.0,0.0,0.0,0.0,0.0,0.0,1.0,0.0,0.0,0.0,0.0,0.0,0.0,0.0,0.0,0.0,0.0,0.0,0.0,0.0,0.0,0.0,32.94
Santa Terezinha,290650105A,Candeias,Candeias (Santa Terezinha) - 290650105A,-12.647172,-38.539112,Recôncavo,RPGA do Recôncavo Norte,0.0,0.0,25.6,4.7,0.4,0.0,0.0,0.0,3.5,2.6,0.2,0.0,0.0,3.6,0.2,2.4,13.8,0.0,0.0,0.0,0.0,0.0,0.0,0.0,14.8,0.2,0.0,0.0,0.0,0.0,72.01
Centro,290650101A,Candeias,Candeias (Centro) - 290650101A,-12.670229,-38.544112,Recôncavo,RPGA do Recôncavo Norte,0.0,0.0,32.9,2.0,4.7,0.0,0.0,0.0,0.2,1.6,0.0,0.0,0.0,3.6,0.0,6.6,8.3,0.2,0.0,0.0,0.0,0.0,0.0,0.0,9.1,0.0,0.0,0.0,0.0,0.0,69.2
Sarandi,290650104A,Candeias,Candeias (Sarandi) - 290650104A,-12.671341,-38.531056,Recôncavo,RPGA do Recôncavo Norte,0.0,0.0,30.5,2.2,7.5,0.0,0.0,0.0,0.6,2.2,0.0,0.0,0.0,3.6,0.2,6.7,3.4,0.0,0.0,0.0,0.0,0.0,0.0,0.0,11.0,0.0,0.0,0.0,0.0,0.0,67.9
Itinga,291920703A,Lauro de Freitas,Lauro de Freitas (Itinga) - 291920703A,-12.892,-38.336,Recôncavo,RPGA do Recôncavo Norte,0.0,0.0,73.4,1.2,0.0,0.0,0.0,2.4,1.4,0.0,0.0,0.0,0.0,0.0,0.0,4.9,0.2,0.0,0.0,0.0,0.0,0.0,0.0,0.0,8.1,0.2,0.6,0.0,0.0,0.0,92.41
Dois de Julho,291120401A,Gandú,Gandú (Dois de Julho) - 291120401A,-13.741357,-39.48303,Recôncavo,RPGA do Recôncavo Sul,0.0,4.9,6.6,3.2,1.6,0.2,4.1,2.6,0.59,0.6,2.2,0.0,2.6,8.2,18.7,5.2,9.7,0.2,0.0,0.0,0.0,0.0,0.0,0.0,6.9,4.5,0.0,0.0,0.0,0.0,82.6
Centro,292060101A,Maragogipe,Maragogipe (Centro) - 292060101A,-12.78,-38.917,Recôncavo,RPGA do Rio Paraguaçu,0.0,0.0,7.6,6.0,4.5,0.2,0.0,4.9,0.0,2.8,0.0,0.0,0.0,11.3,0.0,9.1,0.0,0.0,0.0,0.0,0.0,0.0,0.0,0.0,22.5,7.1,0.0,0.0,0.0,0.0,76.0
Centro,292250801A,Nazaré,Nazaré (Centro) - 292250801A,-13.032,-39.015,Recôncavo,RPGA do Recôncavo Sul,0.0,1.0,43.7,5.5,5.7,0.0,0.0,0.0,0.4,0.6,0.0,0.0,0.0,8.2,4.5,12.0,4.5,0.0,0.0,0.0,0.0,0.0,0.0,0.0,6.9,0.8,0.0,0.0,0.0,0.0,93.81
Rua São Roque,293290301A,Valença,Valença (Rua São Roque) - 293290301A,-13.363,-39.078,Recôncavo,RPGA do Recôncavo Sul,0.0,89.9,29.5,1.6,0.0,1.4,8.3,0.2,0.2,3.55,0.0,0.0,0.0,4.6,0.0,14.0,1.6,0.0,0.0,0.4,0.2,0.0,0.0,0.0,20.2,1.8,0.0,0.0,0.0,0.0,177.45
PC Fazenda Jurema,51346050,Rafael Jambeiro,Rafael Jambeiro (PC Fazenda Jurema) - 51346050,-12.4881,-39.6981,Recôncavo,RPGA do Rio Paraguaçu,0.0,0.0,0.0,0.6,0.3,0.0,0.0,0.3,0.0,0.0,0.0,0.0,0.0,11.6,0.9,4.2,0.3,0.0,0.0,0.0,0.0,0.0,0.0,0.0,3.6,0.3,0.0,0.0,0.0,0.0,22.1
PC Argoim,51351000,Rafael Jambeiro,Rafael Jambeiro (PC Argoim) - 51351000,-12.5867,-39.5217,Recôncavo,RPGA do Rio Paraguaçu,0.0,0.0,0.0,1.2,6.2,0.0,0.0,0.8,0.0,0.0,0.0,0.0,0.0,10.5,0.3,0.8,11.7,0.5,0.0,0.0,0.0,0.0,0.0,0.0,8.0,0.3,0.0,0.0,0.0,0.0,40.3
PC Rio Paratigi,51370000,Santo Estevão,Santo Estevão (PC Rio Paratigi) - 51370000,-12.51503,-39.38272,Recôncavo,RPGA do Rio Paraguaçu,0.0,0.0,1.1,2.6,0.6,0.0,0.0,0.0,0.0,0.0,0.0,0.0,0.0,7.4,0.0,2.9,0.6,0.3,0.0,0.0,0.0,0.0,0.0,0.0,4.0,0.0,0.0,0.0,0.0,0.0,19.5
Feira de Santana,PC Rio Branco,Feira de Santana,Feira de Santana - PC Rio Branco,-12.2331,-39.0461,Recôncavo,RPGA do Rio Paraguaçu,0.0,0.0,1.3,8.3,2.3,0.0,0.0,0.0,0.0,3.8,0.0,0.0,0.0,45.9,0.0,9.3,3.8,0.0,0.0,0.0,0.0,0.0,0.0,0.0,3.9,0.0,0.0,0.0,0.0,0.0,78.61
Abaeté,RN-PR-01,Salvador,Salvador (Abaeté) - RN-PR-01,-12.945407,-38.361404,Recôncavo,RPGA do Recôncavo Norte,0.0,0.0,78.2,0.6,0.0,1.2,0.2,0.2,0.0,0.0,1.1,0.0,0.0,0.8,0.0,2.0,0.0,0.0,0.0,0.0,0.0,0.0,0.0,0.0,4.7,0.3,0.0,0.0,0.0,0.0,89.3
Espinheira,,Espinheira,Espinheira,-14.283478,-41.75792,Sudoeste,RPGA do Rio de Contas,0.0,8.75,0.0,0.25,0.0,0.0,4.75,7.0,0.0,0.0,0.0,3.0,1.5,6.5,13.75,0.0,0.0,0.0,0.0,0.0,0.0,0.0,0.0,0.0,0.0,0.0,0.0,0.25,0.0,0.0,45.75
Cândido Sales,53620000,Cândido Sales,Cândido Sales - 53620000,-15.512891,-41.236629,Sudoeste,RPGA do Rio Pardo,0.0,3.6,0.0,3.2,0.2,0.0,34.2,5.4,0.2,0.0,0.0,15.6,2.4,0.2,5.2,0.2,0.0,0.0,0.0,0.0,0.0,0.0,0.0,0.0,0.0,0.0,0.0,0.0,0.0,0.0,70.41
Itiruçu,A407,Itiruçu,Itiruçu - A407,-13.52629,-40.12055,Sudoeste,RPGA do Recôncavo Sul,0.0,24.4,3.4,0.8,1.8,0.2,0.0,0.0,0.0,0.4,0.0,0.0,12.6,0.0,6.2,1.8,0.8,0.0,0.0,0.0,0.0,0.0,0.0,0.0,0.0,0.4,0.2,0.0,0.0,0.0,53.0
Vitória da Conquista,A414,Vitória da Conquista,Vitória da Conquista - A414,-14.886428,-40.80133,Sudoeste,RPGA do Rio Pardo,0.0,57.2,0.2,0.6,0.0,0.0,2.8,8.0,1.6,0.0,0.0,7.6,1.0,1.8,23.8,0.0,3.4,0.0,0.0,0.0,0.0,0.0,0.0,2.0,0.0,1.6,0.0,0.0,0.0,0.0,111.6
Ituaçu,83292,Ituaçu,Ituaçu - 83292,-13.812778,-41.3,Sudoeste,RPGA do Rio de Contas,0.0,0.0,6.8,0.0,0.0,0.0,2.7,7.1,3.8,0.0,0.0,0.0,34.6,13.0,28.8,0.0,0.0,0.0,0.0,0.0,0.0,0.0,0.0,0.0,0.0,0.0,0.0,0.0,0.0,0.0,96.8
Vitória da Conquista,83344,Vitória da Conquista,Vitória da Conquista - 83344,-14.883333,-40.8,Sudoeste,RPGA do Rio Pardo,0.0,59.6,0.4,0.7,0.2,0.0,3.0,6.0,2.0,0.0,0.0,7.6,1.2,2.3,25.0,0.0,3.8,0.0,0.0,0.0,0.0,0.0,0.0,0.0,0.0,2.0,0.0,0.0,0.0,0.0,113.8
Brumado,A433,Brumado,Brumado - A433,-14.181886,-41.672281,Sudoeste,RPGA do Rio de Contas,0.0,15.0,0.0,0.0,0.2,0.0,9.2,7.2,0.0,0.0,0.0,4.8,11.0,9.8,12.2,0.0,0.0,0.0,0.0,0.0,0.0,0.0,0.0,0.0,0.0,0.8,0.2,0.0,0.0,0.0,70.4
Ipiaú,A445,Ipiaú,Ipiaú - A445,-14.171304,-39.692502,Sudoeste,RPGA do Rio de Contas,0.0,42.2,7.2,0.0,0.6,0.0,0.0,1.6,0.0,3.0,3.2,0.0,37.4,6.6,13.6,4.6,24.2,0.2,0.0,0.0,0.0,0.0,0.0,0.0,1.4,2.0,0.0,0.2,0.0,0.0,148.0
Itapetinga,A446,Itapetinga,Itapetinga - A446,-15.24462,-40.22955,Sudoeste,RPGA do Rio Pardo,0.0,50.2,1.6,4.0,0.0,0.0,0.0,3.2,1.0,0.0,0.0,0.2,15.8,6.8,18.6,0.0,1.0,0.0,0.0,0.0,0.0,0.0,0.0,0.2,0.4,0.8,0.0,0.0,0.0,0.0,103.81
Anagé,CO-CL-01,Anagé,Anagé - CO-CL-01,-14.618055,-41.149722,Sudoeste,RPGA do Rio de Contas,0.0,27.75,0.0,0.0,0.0,0.0,23.5,9.25,0.25,0.0,0.0,7.25,8.25,9.0,3.25,0.0,0.0,0.0,0.0,0.0,0.0,0.25,0.25,0.0,4.7,0.3,0.0,0.0,0.0,0.0,94.0
Centro,293330701A,Vitória da Conquista,Vitória da Conquista (Centro) - 293330701A,-14.852,-40.839,Sudoeste,RPGA do Rio Pardo,0.0,13.8,0.4,0.0,0.0,0.4,11.4,7.56,1.0,0.0,0.0,8.7,3.0,2.4,14.5,0.0,16.8,0.0,0.0,0.0,0.0,0.0,0.0,0.0,0.0,1.6,0.0,0.0,0.0,0.0,81.56
Clerolândia,291640101A,Itapetinga,Itapetinga (Clerolândia) - 291640101A,-15.243,-40.221,Sudoeste,RPGA do Rio Pardo,0.0,43.2,0.8,3.2,0.0,0.0,0.0,1.4,0.2,0.0,0.0,0.2,18.2,9.1,18.9,0.0,0.6,0.0,0.0,0.0,0.0,0.0,0.0,0.0,0.4,0.6,0.0,0.0,0.0,0.0,96.8
Recreio,293330702A,Vitória da Conquista,Vitória da Conquista (Recreio) - 293330702A,-14.861,-40.841,Sudoeste,RPGA do Rio Pardo,0.0,21.5,0.2,0.0,0.0,0.0,12.8,6.84,1.0,0.2,0.0,9.2,2.0,3.0,17.1,0.0,18.1,0.0,0.0,0.0,0.0,0.0,0.0,0.0,0.0,0.0,2.6,0.0,0.0,0.0,94.54
Patagônia,293330704A,Vitória da Conquista,Vitória da Conquista (Patagônia) - 293330704A,-14.87,-40.863,Sudoeste,RPGA do Rio Pardo,0.0,14.6,0.0,0.0,0.0,0.0,28.3,5.43,0.0,0.2,0.0,18.9,1.4,0.8,17.5,0.0,20.3,0.0,0.0,0.0,0.0,0.0,0.0,0.0,0.0,0.0,2.2,0.0,0.0,0.0,109.64
Barcelar,293330705A,Vitória da Conquista,Vitória da Conquista (Barcelar) - 293330705A,-14.838,-40.856,Sudoeste,RPGA do Rio Pardo,0.0,20.2,0.6,0.2,0.0,0.0,21.7,10.4,1.2,0.0,0.0,9.3,3.0,7.7,13.0,0.2,9.5,0.0,0.0,0.0,0.0,0.0,0.0,0.2,0.0,1.4,0.0,0.0,0.0,0.0,98.61
Lomantão,293330703A,Vitória da Conquista,Vitória da Conquista (Lomantão) - 293330703A,-14.87,-40.827,Sudoeste,RPGA do Rio Pardo,0.0,33.4,0.0,0.2,0.0,0.0,8.3,6.17,1.2,0.0,0.0,8.3,1.4,1.4,19.3,0.0,18.8,0.0,0.0,0.0,0.0,0.0,0.0,0.0,0.0,1.2,0.0,0.0,0.0,0.0,99.67
Jaguaquara,RS-CL-01,Jaguaquara,Jaguaquara - RS-CL-01,-13.573055,-39.940833,Sudoeste,RPGA do Recôncavo Sul,0.0,59.5,1.0,1.25,0.75,0.0,0.0,0.0,0.0,0.75,0.0,0.0,4.25,14.3,13.75,2.25,4.0,0.0,0.0,0.0,0.0,0.0,0.0,0.0,2.8,2.8,0.0,0.0,0.0,0.0,107.4
Jequié,CO-CL-03,Jequié,Jequié - CO-CL-03,-13.873055,-40.071944,Sudoeste,RPGA do Rio de Contas,1.25,95.75,0.0,0.75,0.5,0.25,0.0,0.0,0.0,0.0,0.0,0.0,20.5,45.0,14.25,0.0,5.5,0.0,0.0,0.0,0.0,0.0,0.0,0.0,0.0,3.5,0.0,0.0,0.0,0.0,187.25
Vitória da Conquista,PA-CL-01,Vitória da Conquista,Vitória da Conquista - PA-CL-01,-14.886111,-40.800833,Sudoeste,RPGA do Rio Pardo,0.0,59.0,0.0,0.5,0.0,0.0,2.5,7.75,1.25,0.0,0.25,5.5,1.75,1.8,26.75,0.0,3.25,0.0,0.0,0.0,0.0,0.0,0.0,4.0,0.0,1.3,0.0,0.0,0.0,0.0,115.6
PCH Cach. da Lixa M,55354000,Jucuruçu,Jucuruçu (PCH Cach. da Lixa M) - 55354000,-17.06703,-40.068619,Sul,"RPGA dos Rios Peruípe, Itanhém e Jucuruçu",0.0,71.5,55.0,22.0,0.0,0.0,46.1,45.0,18.2,7.5,0.3,9.7,9.1,7.4,28.4,3.3,19.4,0.0,0.0,0.0,0.0,0.0,0.0,0.0,6.6,0.0,0.0,0.0,0.0,2.5,352.0
Caravelas,A405,Caravelas,Caravelas - A405,-17.739413,-39.258617,Sul,"RPGA dos Rios Peruípe, Itanhém e Jucuruçu",3.8,55.6,15.0,0.2,0.4,0.0,1.0,2.0,18.2,6.0,0.0,12.4,1.2,0.0,41.2,21.4,0.4,0.0,0.0,0.0,0.4,0.0,0.0,14.8,0.0,0.0,0.2,0.0,0.0,0.2,194.41
PCH Colino II M,55355600,Vereda,Vereda (PCH Colino II M) - 55355600,-17.07126,-40.15474,Sul,"RPGA dos Rios Peruípe, Itanhém e Jucuruçu",0.0,16.6,18.4,4.1,0.0,0.0,32.9,21.6,8.3,5.4,1.4,8.2,10.7,4.5,46.0,2.7,6.8,0.0,0.0,0.0,0.0,0.0,0.0,0.3,6.1,0.0,0.0,0.0,0.0,2.3,196.31
Ilhéus,A410,Ilhéus,Ilhéus - A410,-14.658803,-39.181438,Sul,RPGA do Leste,0.2,19.0,39.6,7.0,1.6,0.8,1.6,0.0,0.0,1.0,3.6,0.2,40.4,12.8,94.6,0.2,3.8,0.0,0.2,1.2,0.0,0.4,0.4,1.2,1.4,4.4,0.2,0.2,0.0,0.2,236.2
Itamaraju,A455,Itamaraju,Itamaraju - A455,-17.17103,-39.58819,Sul,"RPGA dos Rios Peruípe, Itanhém e Jucuruçu",20.2,27.4,31.4,24.6,0.2,0.0,10.8,13.6,7.0,1.6,0.2,10.4,3.4,4.2,45.6,10.4,0.0,0.0,0.0,0.0,0.0,0.0,0.0,0.0,0.0,0.0,0.0,0.0,0.0,0.0,211.0
Santa Cruz Cabrália,292770505H,Santa Cruz Cabrália,Santa Cruz Cabrália - 292770505H,-16.2835,-39.0237,Sul,"RPGA dos Rios dos Frades, Buranhém e Santo Antônio",0.2,76.4,21.6,0.0,0.6,6.4,0.0,1.6,3.6,0.2,0.0,0.0,0.0,0.0,16.6,3.0,0.0,0.0,0.0,0.0,0.0,0.6,0.0,0.4,0.0,0.0,0.0,0.0,0.0,0.0,131.21
Itajuípe,,Itajuípe,Itajuípe,-14.6744,-39.3769,Sul,RPGA do Leste,0.0,41.0,16.2,4.4,2.0,0.0,2.8,0.0,0.0,1.8,6.6,0.0,33.8,14.8,0.0,2.8,10.8,0.0,0.0,0.0,0.0,0.0,0.0,0.2,0.0,2.8,0.0,0.0,0.0,0.0,140.0
Canavieiras,83398,Canavieiras,Canavieiras - 83398,-15.666667,-38.95,Sul,RPGA do Rio Pardo,2.8,40.2,6.3,13.1,8.2,0.0,0.0,26.6,0.0,0.0,0.0,0.0,14.3,0.0,18.0,4.6,0.0,0.0,0.0,0.0,0.0,0.0,0.0,4.8,0.0,0.0,0.0,0.0,0.0,0.0,138.9
Caravelas,83498,Caravelas,Caravelas - 83498,-17.739167,-39.258333,Sul,"RPGA dos Rios Peruípe, Itanhém e Jucuruçu",0.0,25.5,8.1,1.3,3.6,0.0,32.6,1.8,11.8,5.5,0.0,11.0,0.0,3.1,11.7,19.0,1.4,0.0,0.0,0.0,0.5,0.0,0.0,0.8,0.0,0.0,0.0,0.0,0.0,0.0,137.71
Guaratinga,83446,Guaratinga,Guaratinga - 83446,-16.58,-39.78,Sul,"RPGA dos Rios dos Frades, Buranhém e Santo Antônio",0.6,5.3,2.2,13.0,0.0,0.0,8.6,2.9,1.2,0.0,4.8,5.8,5.8,2.0,36.3,1.3,2.0,0.0,0.0,0.0,0.0,0.0,0.0,0.0,0.2,0.0,0.0,0.0,0.0,0.2,92.2
Maraú,A438,Maraú,Maraú - A438,-13.90694,-38.97222,Sul,RPGA do Recôncavo Sul,0.0,26.8,48.6,3.4,0.0,0.4,0.0,0.6,0.8,0.0,0.4,0.0,0.0,1.6,13.6,9.4,0.4,0.0,0.0,0.0,0.0,0.0,0.4,0.0,3.0,3.2,0.2,1.8,1.6,0.0,116.21
Porto Seguro,A427,Porto Seguro,Porto Seguro - A427,-16.388977,-39.182389,Sul,"RPGA dos Rios dos Frades, Buranhém e Santo Antônio",0.0,79.8,28.8,7.8,1.2,3.6,5.6,18.6,26.8,0.4,0.0,0.0,4.6,66.4,24.6,12.8,0.2,4.2,0.2,0.0,0.0,0.2,0.0,2.0,0.2,0.2,0.0,0.0,0.6,0.8,289.6
Belmonte,A447,Belmonte,Belmonte - A447,-16.08487,-39.21726,Sul,"RPGA dos Rios dos Frades, Buranhém e Santo Antônio",2.4,148.6,6.4,13.6,9.0,0.6,1.0,13.8,19.2,4.6,0.4,0.0,4.4,11.8,48.8,4.8,1.0,0.2,0.0,0.0,0.0,0.2,0.2,0.0,0.0,0.0,0.0,0.0,0.0,0.0,291.0
CPLAC,LE-CL-01,Ilhéus,Ilhéus (CPLAC) - LE-CL-01,-14.80184,-39.181444,Sul,RPGA do Leste,0.0,12.0,31.0,7.0,0.75,0.0,0.6,5.2,0.5,2.0,4.3,12.4,76.1,2.4,6.2,7.9,0.6,0.0,0.0,2.3,1.3,1.4,0.2,1.6,5.8,0.3,0.4,0.1,0.0,9.5,191.86
Centro,290560201A,Camacan,Camacan (Centro) - 290560201A,-15.422225,-39.494984,Sul,RPGA do Rio Pardo,0.0,28.4,4.8,8.1,1.2,0.4,1.8,38.7,11.8,1.6,0.8,0.0,7.0,0.6,15.4,0.2,5.7,0.0,0.0,0.0,0.0,0.0,0.0,0.0,0.2,2.8,0.0,0.0,0.0,0.0,129.5
Teixeira de Freitas,PJ-CL-01,Teixeira de Freitas,Teixeira de Freitas - PJ-CL-01,-17.575555,-39.732777,Sul,"RPGA dos Rios Peruípe, Itanhém e Jucuruçu",25.75,13.5,7.75,25.0,0.25,0.0,68.5,5.75,13.5,2.0,5.75,23.25,0.0,7.5,26.0,4.75,2.5,0.0,0.0,0.0,0.0,0.0,0.0,2.8,0.3,0.0,0.0,0.0,0.0,0.0,234.86
Centro,290340901A,Belmonte,Belmonte (Centro) - 290340901A,-15.859179,-38.878025,Sul,RPGA do Rio Jequitinhonha,0.0,34.1,2.8,4.7,0.2,2.6,0.0,67.2,0.8,0.2,0.4,0.0,7.5,0.4,33.0,3.2,2.4,0.0,0.0,0.0,1.97,0.0,0.0,0.4,0.6,3.9,1.6,0.2,0.0,0.0,168.18
São João do Panelinha,290560202A,Camacan,Camacan (São João do Panelinha) - 290560202A,-15.375278,-39.489984,Sul,RPGA do Rio Pardo,0.0,28.1,4.8,11.7,0.2,0.0,1.2,43.6,2.6,0.0,0.0,0.0,14.8,0.0,23.5,0.0,0.2,0.0,0.0,0.0,0.0,0.0,0.0,0.2,4.5,3.9,0.0,0.0,0.0,0.0,139.3
Centro,290560203A,Camacan,Camacan (Centro) - 290560203A,-15.416389,-39.493873,Sul,RPGA do Rio Pardo,0.0,27.1,3.2,11.3,0.2,0.4,1.8,35.9,8.7,1.8,0.2,0.0,8.1,0.0,16.4,0.2,9.9,0.0,0.0,0.0,0.0,0.0,0.0,0.2,0.0,2.4,0.2,0.0,0.0,0.0,128.0
Malhado,291360602A,Ilhéus,Ilhéus (Malhado) - 291360602A,-14.789158,-39.048858,Sul,RPGA do Leste,0.0,10.9,46.2,15.6,1.8,0.2,0.0,1.4,0.0,8.7,0.2,0.0,20.5,5.9,17.9,0.4,0.6,0.0,0.0,0.2,0.2,0.0,0.0,4.0,2.0,2.2,0.6,0.2,0.0,0.0,139.7
São Caetano,291480202A,Itabuna,Itabuna (São Caetano) - 291480202A,-14.80638,-39.27803,Sul,RPGA do Leste,0.0,43.8,8.5,4.3,3.2,1.2,1.0,0.0,0.0,0.6,1.4,0.2,26.9,23.7,29.6,0.2,2.4,0.0,0.0,0.0,0.0,0.0,0.0,1.0,1.4,0.4,0.0,0.0,0.0,0.0,149.8
Nova Ferradas,291480203A,Itabuna,Itabuna (Nova Ferradas) - 291480203A,-14.857213,-39.346922,Sul,RPGA do Leste,0.0,66.1,1.0,1.6,0.8,1.0,5.7,0.0,0.0,0.4,0.2,0.2,24.2,16.4,49.3,0.0,5.7,0.0,0.0,0.0,0.4,0.0,0.0,4.0,2.0,9.3,0.0,0.0,0.0,0.0,188.3
Planalto I,292110401A,Medeiros Neto,Medeiros Neto (Planalto I) - 292110401A,-17.365,-40.223,Sul,"RPGA dos Rios Peruípe, Itanhém e Jucuruçu",3.3,12.2,9.7,5.0,0.0,0.0,60.8,5.16,8.8,10.1,0.0,11.4,0.2,9.3,10.3,2.0,0.2,0.0,0.0,0.0,0.0,0.0,0.0,5.0,0.0,0.0,0.0,0.0,0.0,0.0,153.46
Areião,292530301A,Porto Seguro,Porto Seguro (Areião) - 292530301A,-16.441,-39.076,Sul,"RPGA dos Rios dos Frades, Buranhém e Santo Antônio",0.0,88.4,46.8,4.3,1.8,0.2,14.0,16.1,11.9,2.4,0.0,0.0,6.5,0.2,15.6,14.6,1.6,0.2,0.0,0.0,0.0,0.0,0.0,0.0,0.0,0.0,0.0,0.0,0.0,0.2,224.8
Paraguai,292530302A,Porto Seguro,Porto Seguro (Paraguai) - 292530302A,-16.41,-39.08,Sul,"RPGA dos Rios dos Frades, Buranhém e Santo Antônio",0.0,57.5,29.8,7.1,1.2,1.8,19.7,23.25,23.3,0.2,0.0,0.0,5.5,0.0,16.5,16.1,0.8,0.0,0.0,0.0,0.0,0.0,0.0,0.0,0.0,0.0,0.0,0.0,0.0,0.2,202.95
Trancoso,292530303A,Porto Seguro,Porto Seguro (Trancoso) - 292530303A,-16.595,-39.109,Sul,"RPGA dos Rios dos Frades, Buranhém e Santo Antônio",1.8,30.2,13.4,1.8,0.2,1.8,0.4,8.36,8.6,4.0,0.2,0.0,6.5,0.0,17.2,17.1,0.4,1.8,0.0,0.0,0.0,0.2,0.0,0.0,0.0,0.0,0.0,0.0,0.0,0.4,114.37
BR367km4,292770501A,Santa Cruz Cabrália,Santa Cruz Cabrália (BR367km4) - 292770501A,-16.321,-39.023,Sul,"RPGA dos Rios dos Frades, Buranhém e Santo Antônio",0.2,36.8,28.8,1.6,1.2,2.4,0.2,19.49,9.3,1.8,0.0,0.0,6.5,4.1,8.1,4.0,0.0,0.0,0.0,0.0,0.0,0.2,0.0,2.8,0.0,0.0,0.0,0.0,0.0,0.0,127.49
Estádio Municipal,291530401A,Itagimirim,Itagimirim (Estádio Municipal) - 291530401A,-16.089181,-39.615546,Sul,RPGA do Rio Jequitinhonha,0.4,2.0,6.2,8.7,0.6,0.0,1.6,1.3,3.4,0.2,1.4,0.0,4.6,2.4,28.4,1.2,16.3,0.0,0.0,0.0,0.0,0.0,0.0,0.0,0.4,0.0,0.0,0.0,0.0,0.0,79.11
Jusante,54945000,Itapebi,Itapebi (Jusante) - 54945000,-15.949206,-39.5225,Sul,RPGA do Rio Jequitinhonha,0.0,103.6,9.9,9.7,1.8,0.0,0.0,83.9,13.7,0.3,0.3,0.0,13.9,1.8,8.6,0.9,10.2,0.0,0.0,0.0,0.0,0.0,0.0,0.0,0.0,0.0,0.3,0.0,2.3,0.0,261.21
Santa Rita de Cássia,A415,Santa Rita de Cássia,Santa Rita de Cássia - A415,-11.002768,-44.524965,São Francisco,RPGA do Rio Grande,0.0,3.4,14.4,0.0,0.0,7.2,1.4,5.2,13.6,0.0,0.0,0.0,1.2,8.2,0.0,5.2,0.0,0.0,0.0,0.0,0.0,0.0,0.0,0.0,0.0,0.0,0.0,0.0,0.0,0.0,59.8
Bom Jesus da Lapa,A418,Bom Jesus da Lapa,Bom Jesus da Lapa - A418,-13.251094,-43.405365,São Francisco,RPGA do Rio Carnaíba de Dentro,31.8,0.4,0.0,0.0,0.0,7.0,2.6,10.4,3.2,0.0,0.0,7.0,0.8,57.0,0.2,7.6,0.0,4.6,0.0,0.2,0.0,0.0,0.0,11.8,0.0,0.0,2.0,0.0,0.0,0.0,146.6
Barra,83179,Barra,Barra - 83179,-11.083333,-43.166667,São Francisco,RPGA do Rio Grande,0.0,6.6,2.0,0.6,0.0,0.0,2.8,5.8,7.3,0.0,0.0,0.0,5.8,7.4,23.6,3.6,0.0,0.0,0.0,0.0,0.0,0.0,0.0,3.3,0.0,0.0,0.0,0.0,0.4,0.0,69.2
Bom Jesus da Lapa,83288,Bom Jesus da Lapa,Bom Jesus da Lapa - 83288,-13.251389,-43.405278,São Francisco,RPGA do Rio Carnaíba de Dentro,30.8,0.3,0.0,0.0,0.0,10.4,2.8,10.6,3.4,0.0,0.0,9.2,0.7,62.4,0.0,8.0,0.0,5.0,0.0,0.0,0.0,0.0,0.0,12.0,0.0,0.0,0.0,0.0,0.0,0.0,155.6
Caetité,83339,Caetité,Caetité - 83339,-14.066667,-42.483333,São Francisco,RPGA do Rio de Contas,0.0,0.2,1.8,0.0,0.0,3.6,4.2,4.0,0.8,0.0,0.0,31.8,1.4,60.8,1.0,0.0,0.0,0.0,0.0,10.4,1.4,0.0,0.6,0.0,0.0,0.0,0.0,0.0,0.0,0.0,122.0
Carinhanha,83408,Carinhanha,Carinhanha - 83408,-14.283333,-43.766667,São Francisco,"RPGA do Rio Corrente e Riachos do Ramalho, Serra Dourada e Brejo Velho",29.4,6.2,0.0,0.0,0.0,0.0,9.5,0.0,2.0,0.0,0.0,37.8,12.6,14.3,0.0,0.0,0.0,0.0,0.0,0.0,0.0,1.4,0.0,0.0,0.6,0.0,0.0,0.0,0.0,0.0,113.8
Santa Rita de Cássia,83076,Santa Rita de Cássia,Santa Rita de Cássia - 83076,-11.016667,-44.516667,São Francisco,RPGA do Rio Grande,0.0,3.8,19.7,0.0,0.0,8.0,1.6,4.8,14.6,0.0,0.0,0.0,1.4,8.7,0.0,7.0,0.0,0.0,0.1,0.0,0.0,0.0,0.0,0.0,0.0,0.0,0.0,0.0,0.0,0.0,69.7
Guanambí,A426,Guanambí,Guanambí - A426,-14.208123,-42.749647,São Francisco,RPGA do Rio Carnaíba de Dentro,18.8,0.2,0.0,0.0,0.0,0.0,10.0,18.8,0.0,0.0,0.0,14.2,6.0,8.4,0.2,0.0,0.0,0.0,0.0,0.2,2.4,0.0,0.0,6.0,0.0,0.0,0.0,0.0,0.0,0.0,85.21
Buritirama,A432,Buritirama,Buritirama - A432,-10.722925,-43.651203,São Francisco,RPGA do Rio Grande,0.2,6.2,0.0,0.0,0.0,0.0,1.0,4.0,10.4,2.2,0.0,0.0,0.0,0.0,6.0,7.2,0.0,0.0,0.0,0.0,0.0,0.0,0.0,2.0,0.0,0.0,0.0,0.0,0.0,0.0,39.2
Barra,A429,Barra,Barra - A429,-11.084858,-43.138998,São Francisco,RPGA do Rio Grande,0.0,8.0,2.4,0.8,0.2,0.0,3.4,9.8,6.2,0.2,0.0,0.0,7.2,9.2,29.6,4.0,0.0,0.0,0.0,0.0,0.0,0.0,0.0,4.2,0.2,0.0,0.0,0.0,0.6,0.0,86.0
Ibotirama,A439,Ibotirama,Ibotirama - A439,-12.19306,-43.21342,São Francisco,RPGA dos Rios Paramirim e Santo Onofre,0.0,13.2,23.8,1.4,0.0,0.0,14.6,7.0,10.0,0.0,0.6,0.0,8.0,53.8,0.6,2.8,0.0,1.4,0.6,0.8,0.0,0.0,0.0,0.0,0.0,0.0,0.0,0.0,0.0,0.0,138.6
Faz. Macambira,46675000,Cotegipe,Cotegipe (Faz. Macambira) - 46675000,-11.6106,-44.1567,São Francisco,RPGA do Rio Grande,0.2,0.2,0.2,0.0,0.0,0.0,1.0,1.8,0.4,4.2,0.2,2.2,1.8,54.8,0.0,2.4,0.0,0.0,0.0,0.0,0.0,0.0,0.0,0.0,0.0,0.2,0.0,0.0,0.0,1.4,71.01
Santa Maria da Vitória,45910001,Santa Maria da Vitória,Santa Maria da Vitória - 45910001,-13.4006,-44.1989,São Francisco,"RPGA do Rio Corrente e Riachos do Ramalho, Serra Dourada e Brejo Velho",3.0,41.8,3.0,0.0,0.0,0.4,11.8,41.2,3.8,2.0,7.6,22.4,0.2,53.4,0.0,14.4,0.0,0.2,3.2,7.0,0.0,0.0,0.0,0.2,0.8,0.0,0.0,0.0,0.0,0.0,216.4
