nome_estacao,codigo,municipio,estacao,latitude,longitude,regiao,rpga,01_08_20,02_08_20,03_08_20,04_08_20,05_08_20,06_08_20,07_08_20,08_08_20,09_08_20,10_08_20,11_08_20,12_08_20,13_08_20,14_08_20,15_08_20,16_08_20,17_08_20,18_08_20,19_08_20,20_08_20,21_08_20,22_08_20,23_08_20,24_08_20,25_08_20,26_08_20,27_08_20,28_08_20,29_08_20,30_08_20,31_08_20,total
Lençóis,83242,Lençóis,Lençóis - 83242,-12.5575,-41.388889,Chapada Diamantina,RPGA do Rio Paraguaçu,2.5,0.0,0.0,0.0,0.0,6.4,5.5,3.5,14.0,3.4,0.0,0.0,7.2,17.2,2.0,1.6,0.0,0.0,0.1,0.0,0.0,0.0,0.0,0.0,0.0,0.0,0.0,0.0,0.0,0.2,0.0,63.61
Piatã,A430,Piatã,Piatã - A430,-13.155681,-41.774125,Chapada Diamantina,RPGA do Rio de Contas,1.0,0.2,0.0,0.0,0.0,10.0,4.4,1.6,6.2,0.4,0.0,0.0,5.6,3.6,3.8,0.0,0.0,0.0,0.0,0.0,0.2,0.0,0.4,0.0,0.0,0.0,0.0,0.0,0.0,0.0,0.0,37.4
Livramento de Nossa Senhora,291950401U,Livramento de Nossa Senhora,Livramento de Nossa Senhora - 291950401U,-13.682872,-41.841236,Chapada Diamantina,RPGA do Rio de Contas,0.0,0.0,0.0,0.0,0.0,0.2,0.0,0.2,0.0,0.0,0.0,0.0,0.0,0.0,0.0,0.0,0.0,0.0,0.0,0.0,0.0,0.0,0.0,0.0,0.0,0.0,0.0,0.0,0.0,0.0,0.0,0.4
Iaçu,51280000,Iaçu,Iaçu - 51280000,-12.7622,-40.2136,Chapada Diamantina,RPGA do Rio Paraguaçu,0.4,0.0,0.0,0.2,0.0,3.0,2.4,2.8,10.0,2.6,0.0,0.0,8.6,15.0,1.2,0.0,3.2,0.6,4.0,0.4,0.0,0.0,1.0,0.0,0.0,0.0,0.0,0.0,0.2,0.0,0.0,55.61
Lençóis,A425,Lençóis,Lençóis - A425,-12.557854,-41.388808,Chapada Diamantina,RPGA do Rio Paraguaçu,2.4,0.0,0.0,0.0,0.0,6.6,5.4,4.0,14.6,2.8,0.2,0.0,6.8,17.4,1.8,1.8,0.0,0.0,0.2,0.0,0.0,0.0,0.0,0.2,0.0,0.0,0.0,0.0,0.0,0.0,0.0,64.2
Itaetê,,Itaetê,Itaetê,-12.991944,-40.960833,Chapada Diamantina,RPGA do Rio Paraguaçu,0.0,0.0,0.0,0.0,0.0,0.0,0.0,0.0,0.0,0.0,0.0,0.0,0.0,0.0,0.0,0.0,0.0,0.0,0.0,0.0,0.0,0.0,0.2,0.0,0.0,0.0,0.0,0.0,0.0,0.0,0.0,0.2
Lagoa Bonita,PG-PR-15,Iacú,Iacú (Lagoa Bonita) - PG-PR-15,-12.931506,-40.226468,Chapada Diamantina,RPGA do Rio Paraguaçu,0.0,0.8,0.0,0.0,0.0,4.0,5.6,0.2,4.6,4.0,0.0,0.2,1.6,2.8,2.0,0.0,5.8,1.4,1.4,0.0,0.0,0.0,0.2,0.0,0.0,0.0,0.0,0.0,0.0,0.0,0.0,34.6
João Amaro,PG-PR-16,Iaçu,Iaçu (João Amaro) - PG-PR-16,-12.800391,-40.363139,Chapada Diamantina,RPGA do Rio Paraguaçu,0.2,0.0,0.0,0.0,0.0,12.4,5.2,2.0,8.4,1.0,0.0,0.0,10.2,6.2,0.6,0.0,2.8,0.2,2.6,1.8,0.0,0.0,1.0,0.0,0.0,0.0,0.0,0.0,0.0,0.4,0.0,55.01
Guiné,PG-PR-24,Mucugê,Mucugê (Guiné) - PG-PR-24,-12.771772,-41.540679,Chapada Diamantina,RPGA do Rio Paraguaçu,2.2,0.2,0.0,1.8,0.4,8.2,2.4,2.8,2.0,0.0,0.0,0.0,2.8,2.8,0.0,0.0,0.0,0.0,0.2,0.2,0.0,0.0,0.0,0.0,0.0,0.0,0.0,0.0,0.0,0.0,0.0,26.0
Machado Portela,PG-PR-26,Marcionílio Souza,Marcionílio Souza (Machado Portela) - PG-PR-26,-13.153732,-40.768155,Chapada Diamantina,RPGA do Rio Paraguaçu,0.0,0.0,0.0,0.0,0.0,1.4,2.8,0.2,2.0,0.2,0.0,0.0,2.2,1.0,2.6,0.0,0.4,0.4,0.0,0.0,0.0,0.0,0.0,0.0,0.0,0.0,0.0,0.0,0.0,0.0,3.2,16.41
Rio do Pires,PM-CL-04,Rio do Pires,Rio do Pires - PM-CL-04,-13.11695,-42.28411,Chapada Diamantina,RPGA dos Rios Paramirim e Santo Onofre,0.1,0.2,0.0,0.0,0.0,0.0,0.0,0.0,0.0,0.0,0.0,0.0,0.0,0.0,0.0,0.0,0.0,0.0,0.0,0.0,0.0,0.0,0.0,0.0,0.0,0.0,0.0,0.0,0.0,0.0,0.0,0.31
Iaçu,PG-CL-05,Iaçu,Iaçu - PG-CL-05,-12.9114,-40.03177,Chapada Diamantina,RPGA do Rio Paraguaçu,0.2,0.0,0.0,0.0,0.0,8.8,4.4,1.6,3.0,0.2,0.2,0.0,1.8,1.6,0.6,0.4,3.8,1.4,1.8,0.0,0.0,0.0,0.0,0.0,0.0,0.0,0.0,0.0,0.0,0.4,0.0,30.2
Ibiaporã,PG-CL-01,Mundo Novo,Mundo Novo (Ibiaporã) - PG-CL-01,-12.05379,-40.83722,Chapada Diamantina,RPGA do Rio Paraguaçu,5.6,0.2,0.0,2.8,5.2,10.4,6.2,17.2,8.2,5.0,1.8,0.0,5.2,17.4,0.0,2.0,0.2,0.2,0.0,0.0,0.2,0.0,0.8,0.0,0.0,0.0,0.0,0.0,0.0,0.2,0.2,89.0
Marcionílio Souza,PG-CL-03,Marcionílio Souza,Marcionílio Souza - PG-CL-03,-13.00021,-40.537783,Chapada Diamantina,RPGA do Rio Paraguaçu,0.0,0.0,0.0,0.0,0.0,0.0,1.4,0.6,3.6,0.2,0.0,0.0,2.8,3.6,1.8,0.0,1.6,0.2,0.0,0.2,0.0,0.0,0.0,0.0,0.0,0.0,0.0,0.0,0.0,0.0,0.0,16.0
Baixa Grande,PG-PR-08,Baixa Grande,Baixa Grande - PG-PR-08,-11.908701,-40.183683,Chapada Diamantina,RPGA do Rio Paraguaçu,17.2,0.0,0.0,6.2,12.0,9.6,5.0,4.4,2.8,3.2,0.0,0.2,2.8,1.6,0.4,0.0,0.2,0.0,0.0,0.4,0.0,0.0,0.0,0.0,0.0,0.0,0.0,0.2,0.2,0.2,0.0,66.61
Ventura,PG-PR-10,Morro do Chapéu,Morro do Chapéu (Ventura) - PG-PR-10,-11.650911,-40.951765,Chapada Diamantina,RPGA do Rio Paraguaçu,5.4,0.2,0.0,1.2,2.8,7.0,4.4,3.4,1.8,0.6,0.6,0.0,1.0,1.0,0.0,0.0,0.0,0.0,0.0,0.0,0.0,0.0,0.0,0.0,0.0,0.0,0.0,0.0,0.0,0.0,0.0,29.41
Cafarnaum,290530501C,Cafarnaum,Cafarnaum - 290530501C,-11.745086,-41.497934,Chapada Diamantina,RPGA dos Rios Verde e Jacaré,0.0,0.0,0.0,0.0,0.2,0.8,0.0,1.0,0.4,0.0,0.0,0.0,0.0,0.4,0.0,0.0,0.0,0.0,0.0,0.0,0.0,0.0,0.0,0.0,0.0,0.0,0.0,0.0,0.0,0.0,0.0,2.8
Piatã,CO-CL-04,Piatã,Piatã - CO-CL-04,-13.164166,-41.770833,Chapada Diamantina,RPGA do Rio de Contas,1.25,0.0,0.0,0.0,0.0,11.0,5.25,1.75,10.5,0.75,0.0,0.0,10.0,5.25,2.0,0.0,0.0,0.0,0.0,0.0,0.0,0.0,1.0,0.0,0.0,0.0,0.0,0.25,0.0,0.0,0.0,49.0
PC Ponte Rio Capivari,51326200,Itaberaba,Itaberaba (PC Ponte Rio Capivari) - 51326200,-12.51429,-39.93422,Chapada Diamantina,RPGA do Rio Paraguaçu,4.8,0.0,0.0,0.4,0.0,5.0,0.8,3.8,2.0,0.4,0.0,0.0,1.6,6.4,0.4,0.0,0.0,0.0,1.6,0.4,0.0,0.0,0.0,0.0,0.0,0.0,0.0,0.0,0.0,0.0,0.0,27.6
Fazenda Terra Grapiúna,PG-FR-04,Wagner,Wagner (Fazenda Terra Grapiúna) - PG-FR-04,-12.181482,-41.150663,Chapada Diamantina,RPGA do Rio Paraguaçu,7.2,0.0,0.0,0.0,0.2,3.4,3.4,2.2,0.4,0.6,0.0,0.2,0.2,6.6,0.2,0.0,0.0,0.0,0.0,0.0,0.0,0.0,0.4,0.4,0.0,0.0,0.0,0.0,0.0,0.0,0.0,25.4
BR-242,PG-FR-01,Lençóis,Lençóis (BR-242) - PG-FR-01,-12.50472,-41.20778,Chapada Diamantina,RPGA do Rio Paraguaçu,0.2,0.0,0.0,0.0,0.0,15.6,1.0,1.0,1.8,0.8,0.0,0.4,2.8,12.4,1.0,0.0,0.0,0.0,0.6,0.0,0.0,0.0,0.0,0.0,0.0,0.0,0.0,0.0,0.0,0.0,0.0,37.6
Itaberaba,291470301C,Itaberaba,Itaberaba - 291470301C,-12.457663,-40.201519,Chapada Diamantina,RPGA do Rio Paraguaçu,1.6,0.0,0.0,0.4,0.0,5.8,1.0,4.0,2.6,0.2,0.8,0.0,2.4,15.0,0.8,0.0,0.0,0.0,3.4,2.2,1.4,0.0,1.2,0.2,0.0,0.0,0.0,0.0,0.0,1.8,0.0,44.8
Utinga,293280401C,Utinga,Utinga - 293280401C,-12.0756,-41.102466,Chapada Diamantina,RPGA do Rio Paraguaçu,4.2,0.0,0.0,1.2,0.8,3.2,0.0,3.2,1.4,0.6,0.0,0.2,2.0,0.8,0.2,0.0,0.0,0.0,0.0,0.0,0.0,0.0,0.0,0.0,0.0,0.0,0.0,0.0,1.2,0.0,0.0,19.0
Barro Alto,290323501C,Barro Alto,Barro Alto - 290323501C,-11.811728,-41.901164,Chapada Diamantina,RPGA dos Rios Verde e Jacaré,0.2,0.0,0.0,0.0,0.0,1.2,0.0,0.0,0.0,1.6,0.0,0.0,0.6,0.2,0.0,0.0,0.0,0.0,0.0,0.0,0.0,0.0,0.0,0.0,0.0,0.0,0.0,0.0,0.0,0.0,0.0,3.81
Ibicoara,291220201C,Ibicoara,Ibicoara - 291220201C,-13.446389,-41.297933,Chapada Diamantina,RPGA do Rio de Contas,3.2,0.2,0.0,0.2,0.2,14.8,9.2,2.2,3.8,2.6,0.0,0.0,8.6,0.0,5.8,0.0,0.0,0.0,0.6,0.6,0.0,0.2,6.2,0.0,0.0,0.0,0.0,0.0,0.0,0.0,0.2,58.61
Rio de Contas,292670701C,Rio de Contas,Rio de Contas - 292670701C,-13.570177,-41.818819,Chapada Diamantina,RPGA do Rio de Contas,0.0,0.2,0.0,0.0,0.0,3.0,6.2,3.6,1.0,0.0,0.0,0.0,3.2,0.2,3.4,0.0,0.0,0.0,0.0,0.0,0.0,0.0,0.2,0.0,0.0,0.0,0.0,0.0,0.0,0.0,0.0,21.0
Chorrochó,290770701C,Chorrochó,Chorrochó - 290770701C,-8.98354,-39.11837,Nordeste,RPGA dos Rios Macururé e Curaçá,0.2,1.4,0.0,0.0,0.2,0.6,0.0,0.0,0.0,0.0,0.0,0.0,0.0,0.0,0.0,0.0,0.0,0.0,0.0,0.0,0.0,0.0,0.0,0.0,0.0,0.0,0.0,0.0,0.0,0.0,0.2,2.6
Rodelas,292710101C,Rodelas,Rodelas - 292710101C,-8.85236,-38.76462,Nordeste,RPGA dos Rios Macururé e Curaçá,0.2,0.2,0.0,0.0,0.0,0.2,0.0,0.0,0.0,0.0,0.0,0.0,0.0,0.0,0.0,0.0,0.2,0.0,0.0,0.0,0.0,0.0,0.0,0.0,0.0,0.0,0.0,0.0,0.0,0.0,0.0,0.8
Ladeira Vermelha,291750801A,Jacobina,Jacobina (Ladeira Vermelha) - 291750801A,-11.161707,-40.554213,Nordeste,RPGA do Rio Itapicuru,6.6,0.2,0.0,0.6,2.0,0.2,2.8,0.2,0.2,1.8,0.0,0.0,4.6,0.6,0.2,0.0,0.0,0.0,0.0,0.0,0.0,0.0,0.0,0.0,0.0,0.0,0.0,0.0,0.0,0.0,0.0,20.0
Feliz Tomaz,291750802A,Jacobina,Jacobina (Feliz Tomaz) - 291750802A,-11.174316,-40.517837,Nordeste,RPGA do Rio Itapicuru,14.8,0.0,0.0,4.8,5.2,0.4,7.4,0.8,3.4,2.8,0.0,0.0,9.4,2.0,0.8,0.0,0.0,0.0,0.2,1.0,0.0,0.0,0.0,0.0,0.0,0.0,0.0,0.0,0.0,0.4,0.0,53.4
Conde,A431,Conde,Conde - A431,-12.03622,-37.68322,Nordeste,RPGA do Rio Itapicuru,1.2,3.0,5.4,22.2,8.0,5.0,3.8,1.8,10.2,0.4,3.6,2.2,3.8,1.4,0.6,0.0,0.0,0.8,5.0,3.8,0.2,0.0,1.8,1.8,7.8,0.6,0.0,0.0,0.4,0.0,1.4,96.2
Uauá,A435,Uauá,Uauá - A435,-9.833617,-39.495631,Nordeste,RPGA do Rio Vaza-Barris,0.0,0.0,0.0,3.8,0.6,1.2,0.0,0.0,0.8,0.0,0.0,0.0,0.0,0.0,0.0,0.0,0.0,0.0,0.2,0.0,0.0,0.0,0.0,0.0,0.0,0.0,0.0,0.0,0.0,0.0,0.2,6.8
Euclides da Cunha,A442,Euclides da Cunha,Euclides da Cunha - A442,-10.537233,-38.996605,Nordeste,RPGA do Rio Itapicuru,5.6,8.2,1.4,12.8,10.4,3.8,0.6,5.6,17.6,5.2,0.2,0.4,2.0,6.4,0.0,0.2,0.0,2.2,1.0,0.2,0.2,0.2,0.0,0.0,1.6,0.4,0.0,0.0,0.0,0.6,0.6,87.41
Heliópolis,291185701C,Heliópolis,Heliópolis - 291185701C,-10.67348,-38.32726,Nordeste,RPGA do Rio Real,4.6,0.2,0.0,3.8,4.6,2.8,0.0,5.6,4.0,2.8,0.0,0.0,0.0,2.2,0.0,0.2,2.2,0.0,2.0,0.0,0.0,0.0,0.0,0.2,0.0,0.0,0.0,0.0,0.0,0.0,0.0,35.2
Senhor do Bonfim,A428,Senhor do Bonfim,Senhor do Bonfim - A428,-10.443072,-40.148244,Nordeste,RPGA do Rio Itapicuru,3.0,0.8,0.4,8.0,14.6,1.0,1.6,1.0,6.0,7.0,0.0,2.6,0.6,2.0,0.0,0.0,0.0,0.0,0.0,0.0,0.0,0.0,0.0,0.8,0.4,0.0,0.0,0.0,0.0,0.0,0.0,49.8
Pedras Altas,50430000,Capim Grosso,Capim Grosso (Pedras Altas) - 50430000,-11.18288,-40.04725,Nordeste,RPGA do Rio Itapicuru,2.6,0.4,0.8,1.8,4.0,2.4,1.8,0.4,0.4,0.0,0.0,0.0,1.2,1.8,0.2,0.0,0.0,0.0,0.0,0.2,0.4,0.0,0.0,1.2,0.0,0.0,0.0,0.0,0.0,0.0,0.0,19.6
Ponto Novo,50380000,Ponto Novo,Ponto Novo - 50380000,-10.845,-40.1128,Nordeste,RPGA do Rio Itapicuru,4.2,0.2,0.0,7.4,7.4,0.6,2.0,0.0,0.0,2.0,0.2,0.0,0.8,2.0,0.4,0.0,0.0,0.0,0.0,0.0,0.0,0.0,0.0,0.8,0.0,0.0,0.0,0.0,0.0,0.0,0.0,28.01
Capim Grosso,IT-CL-03,Capim Grosso,Capim Grosso - IT-CL-03,-11.36833,-40.03417,Nordeste,RPGA do Rio Itapicuru,4.0,1.4,1.0,5.6,5.6,0.4,3.4,1.2,2.0,0.0,0.0,0.0,5.2,1.2,0.0,0.0,0.0,0.0,0.0,3.6,0.0,0.0,0.0,0.4,0.2,0.0,0.0,0.0,0.0,0.0,0.0,35.2
Aporá,IT-CL-01,Aporá,Aporá - IT-CL-01,-11.67082,-38.17485,Nordeste,RPGA do Rio Itapicuru,6.0,6.6,2.8,6.0,10.8,4.2,1.0,1.6,2.0,3.0,0.2,3.4,6.4,0.8,0.4,0.8,0.0,1.4,1.2,0.0,0.0,0.2,0.0,6.2,8.8,0.4,0.0,0.0,0.0,13.4,2.6,90.2
Pé de Serra,PG-CL-07,Pé de Serra,Pé de Serra - PG-CL-07,-11.83676,-39.65905,Nordeste,RPGA do Rio Paraguaçu,7.2,0.0,0.2,5.4,5.2,1.4,2.2,2.8,0.8,1.4,0.0,0.2,1.0,3.4,0.0,0.0,0.0,0.0,0.0,0.0,0.0,0.0,0.0,0.0,0.0,0.0,0.0,0.0,0.0,0.0,0.0,31.2
Caldas do Jorro,IT-CL-05,Tucano,Tucano (Caldas do Jorro) - IT-CL-05,-11.03477,-38.80386,Nordeste,RPGA do Rio Itapicuru,2.6,1.4,0.0,4.4,6.0,1.0,1.6,6.8,4.6,2.0,0.0,0.0,1.0,0.0,0.0,0.0,0.0,0.0,2.4,0.4,0.6,0.0,0.0,0.0,0.6,0.0,0.0,0.0,0.0,0.0,0.6,36.0
Saúde,IT-CL-04,Saúde,Saúde - IT-CL-04,-10.95669,-40.38329,Nordeste,RPGA do Rio Itapicuru,11.2,0.4,0.8,3.2,5.0,1.6,2.8,0.2,1.0,0.8,0.0,0.0,1.8,5.6,0.0,0.0,0.0,0.0,0.0,0.4,0.0,0.0,0.0,0.0,0.0,0.0,0.0,0.0,0.0,0.0,0.0,34.81
Lajinha,IT-CL-06,Várzea do Poço,Várzea do Poço (Lajinha) - IT-CL-06,-11.4964,-40.34474,Nordeste,RPGA do Rio Itapicuru,10.4,0.0,0.0,2.2,3.4,1.0,1.8,1.6,3.2,4.4,0.0,0.0,0.6,2.8,0.2,0.0,0.0,0.0,0.0,0.0,0.2,0.0,0.0,0.0,0.0,0.0,0.0,0.0,0.0,0.2,0.0,32.0
Itapeipu,IT-PR-34,Jacobina,Jacobina (Itapeipu) - IT-PR-34,-11.315629,-40.356742,Nordeste,RPGA do Rio Itapicuru,13.0,0.0,0.2,5.8,2.2,2.2,5.4,2.2,3.6,2.6,0.0,0.0,8.4,2.6,0.4,0.0,0.0,0.0,0.2,1.2,0.0,0.0,0.0,0.0,0.0,0.0,0.0,0.0,0.0,0.2,0.2,50.41
Caém,IT-PR-35,Caém,Caém - IT-PR-35,-11.093399,-40.437579,Nordeste,RPGA do Rio Itapicuru,13.8,1.6,0.6,5.2,7.0,2.4,2.8,1.6,9.6,0.8,0.0,0.0,4.4,7.6,0.0,0.0,0.0,0.0,0.0,0.2,0.0,0.0,0.0,0.0,0.0,0.0,0.0,0.0,0.0,0.0,0.0,57.6
Tombador Araújo,IT-PR-36,Jacobina,Jacobina (Tombador Araújo) - IT-PR-36,-11.168677,-40.670642,Nordeste,RPGA do Rio Itapicuru,6.4,0.2,0.0,2.0,2.2,0.2,4.6,1.2,3.4,3.4,0.0,0.0,6.8,1.8,0.0,0.0,0.0,0.0,0.0,0.0,0.0,0.0,0.0,0.0,0.0,0.0,0.0,0.0,0.0,0.0,0.0,32.2
Carrapichel,IT-PR-37,Senhor do Bonfim,Senhor do Bonfim (Carrapichel) - IT-PR-37,-10.388101,-40.220067,Nordeste,RPGA do Rio Itapicuru,5.2,1.0,1.0,9.2,15.6,1.6,2.6,0.8,5.4,8.6,0.0,3.8,0.4,0.8,0.0,0.4,0.0,0.2,0.8,0.2,0.0,0.0,0.0,1.6,0.8,0.0,0.0,0.0,0.0,0.0,0.4,60.4
Santaluz,IT-PR-17,Santaluz,Santaluz - IT-PR-17,-11.24831,-39.37563,Nordeste,RPGA do Rio Itapicuru,4.4,0.0,0.0,16.2,19.2,0.2,0.4,0.0,0.8,3.6,0.0,0.0,0.6,0.6,0.0,0.0,0.0,0.0,0.4,1.2,0.0,0.0,0.0,1.2,0.0,0.0,0.0,0.0,0.0,0.0,0.0,48.81
Cansanção,IT-PR-20,Cansanção,Cansanção - IT-PR-20,-10.702836,-39.543932,Nordeste,RPGA do Rio Itapicuru,5.0,0.2,1.2,4.6,10.8,0.4,1.2,0.4,1.4,2.6,0.2,0.2,4.0,0.0,0.0,0.0,0.0,0.2,0.0,0.0,0.0,0.0,0.0,0.2,0.0,0.0,0.0,0.0,0.0,0.0,0.2,32.81
Quijingue,IT-PR-25,Quijingue,Quijingue - IT-PR-25,-10.783951,-39.20809,Nordeste,RPGA do Rio Itapicuru,0.6,1.2,2.2,3.2,8.6,1.4,0.4,1.0,3.6,2.2,0.0,0.6,4.2,2.8,0.2,0.0,0.0,0.4,1.0,0.2,0.6,0.4,0.2,0.0,0.0,0.0,0.0,0.0,0.0,0.2,0.6,35.81
Inhambupe,RN-CL-10,Inhambupe,Inhambupe - RN-CL-10,-11.69267,-38.31361,Nordeste,RPGA do Recôncavo Norte,5.6,3.0,4.2,8.4,11.2,2.2,2.8,1.2,2.2,4.6,0.6,1.6,2.2,3.8,0.2,0.0,0.2,0.8,3.0,0.2,0.2,0.2,0.2,0.4,4.8,0.0,0.0,0.2,0.0,18.4,0.2,82.61
Curral Falso,IT-PR-01,Ribeira do Pombal,Ribeira do Pombal (Curral Falso) - IT-PR-01,-10.697843,-38.5714,Nordeste,RPGA do Rio Itapicuru,4.0,13.8,5.2,7.0,5.0,4.2,0.0,3.2,3.2,1.2,0.2,0.0,2.0,4.0,0.2,0.0,0.0,0.8,6.6,0.0,0.8,0.2,0.0,0.0,0.0,0.0,0.0,0.0,0.0,0.0,0.0,61.61
Ribeira do Pombal,IT-PR-04,Ribeira do Pombal,Ribeira do Pombal - IT-PR-04,-10.823399,-38.545844,Nordeste,RPGA do Rio Itapicuru,0.0,0.0,0.0,0.0,0.0,0.0,0.0,0.0,0.0,0.0,0.0,0.0,0.0,0.0,0.0,0.0,0.0,0.0,0.0,0.2,1.6,0.0,0.0,0.0,0.2,0.0,0.0,0.8,0.0,0.0,0.6,3.4
Crisópolis,IT-PR-08,Crisópolis,Crisópolis - IT-PR-08,-11.510923,-38.120832,Nordeste,RPGA do Rio Itapicuru,4.4,0.6,2.0,1.0,15.6,8.4,0.8,0.2,7.0,1.4,0.8,3.0,0.2,2.8,1.0,0.0,0.0,2.4,3.0,0.2,0.0,0.0,0.2,3.6,1.4,0.0,0.0,0.2,0.0,0.2,2.4,62.81
Estação Experimental,IT-PR-10,Nova Soure,Nova Soure (Estação Experimental) - IT-PR-10,-11.3083,-38.5361,Nordeste,RPGA do Rio Itapicuru,2.2,3.4,1.2,0.6,3.8,2.6,0.8,0.0,2.2,2.0,0.0,1.2,0.0,4.4,0.2,0.0,0.0,0.0,6.2,0.2,0.0,0.2,0.0,0.0,0.0,0.0,0.0,0.0,0.0,0.4,2.2,33.8
Boa Hora,IT-PR-13,Ribeira do Amparo,Ribeira do Amparo (Boa Hora) - IT-PR-13,-10.965,-38.5234,Nordeste,RPGA do Rio Itapicuru,5.4,15.2,2.4,7.6,7.4,0.8,1.4,1.4,5.4,3.0,0.0,0.2,0.6,7.2,1.2,0.0,0.0,0.8,3.2,0.0,0.6,0.0,0.0,0.2,1.0,0.0,0.0,1.2,0.0,1.2,0.8,68.2
Jeremoabo,A450,Jeremoabo,Jeremoabo - A450,-10.0807,-38.3459,Nordeste,RPGA do Rio Vaza-Barris,12.4,1.2,0.2,1.6,1.4,1.8,1.0,2.2,5.0,2.6,0.0,0.0,1.0,7.8,0.0,0.0,2.0,0.0,1.2,0.2,1.2,0.0,0.0,4.0,0.0,0.0,0.0,0.0,0.0,0.0,0.4,47.2
Fazenda Alecrim ,IT-FR-21,Filadélfia,Filadélfia (Fazenda Alecrim ) - IT-FR-21,-10.7522,-40.22444,Nordeste,RPGA do Rio Itapicuru,5.4,0.4,0.6,12.2,9.2,1.0,4.6,2.4,0.0,4.4,0.0,0.2,1.0,1.8,0.0,0.2,0.0,0.2,0.0,0.2,0.0,0.0,0.0,0.6,0.0,0.0,0.0,0.0,0.0,0.0,0.0,44.41
Fazenda Grutinha,IT-FR-13,Pindobaçu,Pindobaçu (Fazenda Grutinha) - IT-FR-13,-10.7589,-40.4367,Nordeste,RPGA do Rio Itapicuru,6.6,1.8,6.0,20.4,22.8,3.0,3.8,1.0,2.6,8.0,0.0,0.0,4.8,4.6,0.8,0.0,0.0,0.0,0.2,0.2,0.4,0.0,0.0,2.0,0.0,0.0,0.0,0.0,0.0,0.0,0.2,89.2
Queimadas,IT-FR-26,Queimadas,Queimadas - IT-FR-26,-10.9733,-39.6328,Nordeste,RPGA do Rio Itapicuru,0.6,0.0,0.2,10.0,23.2,2.2,1.4,0.0,0.8,2.0,0.0,2.2,0.4,0.0,0.0,0.0,0.0,0.2,0.0,1.6,0.0,0.0,0.0,0.0,0.0,0.0,0.0,0.0,0.0,0.4,0.0,45.2
Itaberaba,291840701A,Juazeiro,Juazeiro (Itaberaba) - 291840701A,-9.44837,-40.48517,Norte,RPGA dos Rios Macururé e Curaçá,0.0,0.0,0.0,0.4,2.6,0.4,0.0,0.0,0.0,0.0,0.0,0.0,0.0,0.0,0.0,0.0,0.0,0.0,0.0,0.0,0.0,0.0,0.0,0.0,0.0,0.0,0.0,0.0,0.0,0.0,0.0,3.4
Maria Gorete,291840703A,Juazeiro,Juazeiro (Maria Gorete) - 291840703A,-9.42014,-40.49909,Norte,RPGA dos Rios Macururé e Curaçá,0.0,0.0,0.0,0.0,2.4,0.2,0.0,0.0,0.0,0.0,0.0,0.0,0.0,0.0,0.0,0.0,0.0,0.0,0.0,0.0,0.0,0.0,0.0,0.0,0.0,0.0,0.0,0.0,0.0,0.0,0.0,2.6
João Paulo II,291840704A,Juazeiro,Juazeiro (João Paulo II) - 291840704A,-9.47067,-40.49805,Norte,RPGA dos Rios Macururé e Curaçá,0.0,0.0,0.0,0.4,2.8,0.8,0.0,0.0,0.0,0.0,0.0,0.0,0.0,0.0,0.0,0.0,0.0,0.0,0.0,0.0,0.0,0.0,0.0,0.0,0.0,0.0,0.0,0.0,0.0,0.0,0.0,4.0
Lapão,291915701A,Lapão,Lapão - 291915701A,-11.38,-41.83,Norte,RPGA dos Rios Verde e Jacaré,0.0,0.0,0.0,0.0,0.4,0.4,0.2,0.0,0.0,0.0,0.0,0.0,0.0,0.0,0.0,0.0,0.0,0.0,0.0,0.0,0.0,0.0,0.0,0.0,0.0,0.0,0.0,0.0,0.0,0.0,0.0,1.0
Centro,290115501A,América Dourada,América Dourada (Centro) - 290115501A,-11.45011,-41.434004,Norte,RPGA dos Rios Verde e Jacaré,0.0,0.0,0.0,0.0,0.0,0.2,0.0,0.6,0.0,0.0,0.0,0.0,0.0,0.0,0.0,0.0,0.0,0.0,0.0,0.0,0.0,0.0,0.0,0.0,0.0,0.0,0.0,0.0,0.0,0.0,0.0,0.8
Remanso,82979,Remanso,Remanso - 82979,-9.633333,-42.1,Norte,RPGA do Lago de Sobradinho,0.0,0.0,0.0,0.0,4.8,0.0,0.0,0.0,0.0,0.0,0.0,0.0,0.0,0.0,0.0,0.0,0.0,0.0,0.0,0.0,0.0,0.0,0.0,0.0,0.0,0.0,0.0,0.0,0.0,0.0,0.0,4.8
Remanso,A423,Remanso,Remanso - A423,-9.625693,-42.077214,Norte,RPGA do Lago de Sobradinho,0.0,0.0,0.0,0.0,3.4,0.0,0.0,0.0,0.0,0.0,0.0,0.0,0.0,0.0,0.0,0.0,0.0,0.0,0.0,0.0,0.0,0.0,0.0,0.0,0.0,0.0,0.0,0.0,0.0,0.0,0.0,3.4
Irecê,A424,Irecê,Irecê - A424,-11.328998,-41.864504,Norte,RPGA dos Rios Verde e Jacaré,0.0,0.0,0.0,0.0,0.2,0.2,0.0,0.0,0.0,0.0,0.0,0.0,0.0,0.0,0.0,0.0,0.0,0.0,0.0,0.0,0.0,0.0,0.0,0.0,0.0,0.0,0.0,0.0,0.0,0.0,0.0,0.4
Várzea Nova,SA-CL-02,Várzea Nova,Várzea Nova - SA-CL-02,-11.23996,-40.935618,Norte,RPGA do Rio Salitre,1.0,0.0,0.0,0.0,0.4,2.0,1.6,0.6,0.2,0.8,0.0,0.0,0.0,2.6,0.0,0.0,0.0,0.0,0.0,0.0,0.0,0.0,0.0,0.0,0.0,0.0,0.0,0.0,0.0,0.0,0.0,9.2
CODEVASF Salitre,MC-CL-01,Juazeiro,Juazeiro (CODEVASF Salitre) - MC-CL-01,-9.48778,-40.61333,Norte,RPGA dos Rios Macururé e Curaçá,0.0,0.0,0.0,0.0,0.0,0.0,0.0,0.0,0.0,0.0,0.0,0.0,0.0,0.0,0.0,0.0,0.0,0.0,0.0,0.0,0.0,0.0,0.0,0.0,0.0,0.0,0.0,0.0,0.0,0.0,0.0,0.0
Campo Formoso,IT-CL-02,Campo Formoso,Campo Formoso - IT-CL-02,-10.47062,-40.33412,Norte,RPGA do Rio Itapicuru,15.4,2.4,2.4,19.4,29.0,3.6,5.4,3.4,6.0,8.4,0.0,0.8,2.0,1.2,0.0,0.2,0.0,0.0,0.4,0.0,0.2,0.0,0.0,4.8,1.2,0.0,0.0,0.0,0.0,0.0,0.0,106.21
Sento Sé,SO-CL-01,Sento Sé,Sento Sé - SO-CL-01,-9.78228,-41.81872,Norte,RPGA do Lago de Sobradinho,0.0,0.0,0.0,0.0,0.2,0.0,0.0,0.0,0.0,0.0,0.0,0.0,0.0,0.0,0.0,0.0,0.0,0.0,0.0,0.0,0.0,0.0,0.0,0.0,0.0,0.0,0.0,0.0,0.0,0.0,0.0,0.2
Itaguaçu da Bahia,VJ-CL-03,Itaguaçu da Bahia,Itaguaçu da Bahia - VJ-CL-03,-10.9549,-42.3465,Norte,RPGA dos Rios Verde e Jacaré,0.0,0.0,0.0,0.0,0.0,0.0,0.0,0.0,0.0,0.0,0.0,0.0,0.0,0.0,0.0,0.0,0.0,0.0,0.0,0.0,0.0,0.0,0.0,0.0,0.0,0.0,0.0,0.0,0.0,0.0,0.0,0.0
Juazeiro,48020000,Juazeiro,Juazeiro - 48020000,-9.4064,-40.5036,Norte,RPGA dos Rios Macururé e Curaçá,0.0,0.0,0.0,0.0,2.8,0.4,0.0,0.0,0.0,0.0,0.0,0.0,0.0,0.0,0.0,0.0,0.0,0.0,0.0,0.0,0.0,0.0,0.0,0.0,0.0,0.0,0.0,0.0,0.0,0.0,10.0,13.2
Ibipeba,VJ-CL-02,Ibipeba,Ibipeba - VJ-CL-02,-11.62667,-42.06444,Norte,RPGA dos Rios Verde e Jacaré,0.8,0.0,0.0,0.0,0.0,0.0,0.2,0.0,0.0,0.0,0.0,0.0,0.0,0.0,0.0,0.0,0.0,0.0,0.0,0.0,0.0,0.0,0.1,0.0,0.1,0.2,0.0,0.0,0.1,0.4,0.2,2.11
Aeródromo,SA-PR-03,Campo Formoso,Campo Formoso (Aeródromo) - SA-PR-03,-10.49,-40.4871,Norte,RPGA do Rio Itapicuru,16.6,0.0,0.4,6.6,9.4,1.2,2.6,2.2,1.0,4.6,0.4,0.2,2.4,1.0,0.0,0.0,0.0,0.0,0.0,0.0,0.2,0.0,0.0,0.2,0.4,0.0,0.0,0.0,0.0,0.0,0.0,49.41
Santa Rosa,SM-PR-01,Jaguarari,Jaguarari (Santa Rosa) - SM-PR-01,-10.098374,-39.869774,Norte,RPGA dos Rios Macururé e Curaçá,4.4,1.0,1.6,7.4,24.6,0.8,1.2,0.0,3.4,3.4,0.0,0.0,0.0,0.0,0.0,0.0,0.0,0.0,0.4,0.0,0.0,0.0,0.0,0.0,0.2,0.0,0.0,0.0,0.0,0.0,0.0,48.4
Jaguarari,IT-PR-28,Jaguarari,Jaguarari - IT-PR-28,-10.269489,-40.200344,Norte,RPGA do Rio Itapicuru,3.0,6.8,0.2,2.2,16.0,1.8,2.4,0.2,3.0,6.6,0.0,0.4,0.4,0.4,0.0,0.0,0.0,0.0,0.0,0.0,0.0,0.0,0.0,0.2,0.4,0.0,0.0,0.0,0.0,0.0,0.2,44.2
Fazenda Vila Verde,,Fazenda Vila Verde,Fazenda Vila Verde,-12.032839,-46.054434,Oeste,RPGA do Rio Grande,0.0,0.0,0.0,0.0,0.0,0.0,0.0,0.0,0.0,0.0,0.0,0.0,0.0,0.0,0.0,0.0,0.0,0.0,0.0,0.0,0.0,0.0,0.0,0.0,0.0,0.0,0.0,0.0,0.0,0.0,0.0,0.0
Limoeiro,GR-PR-18,Barreiras,Barreiras (Limoeiro) - GR-PR-18,-12.293403,-45.544421,Oeste,RPGA do Rio Grande,0.0,0.0,0.0,0.0,0.0,0.0,0.0,0.0,0.0,0.0,0.0,0.0,0.0,0.0,0.0,0.0,0.0,0.0,0.0,0.0,0.0,0.0,0.0,0.0,0.0,0.0,0.0,0.0,0.0,0.0,0.0,0.0
Arrojolândia,,Arrojolândia,Arrojolândia,-13.741772,-45.466093,Oeste,"RPGA do Rio Corrente e Riachos do Ramalho, Serra Dourada e Brejo Velho",0.0,0.0,0.0,0.0,0.0,0.0,0.0,0.0,0.0,0.0,0.0,0.0,0.0,0.0,0.0,0.0,0.0,0.0,0.0,0.0,0.0,0.0,0.0,0.0,0.0,0.0,0.0,0.0,0.0,0.0,0.0,0.0
Projeto Alto Formoso,,Projeto Alto Formoso,Projeto Alto Formoso,-14.260954,-45.27887,Oeste,"RPGA do Rio Corrente e Riachos do Ramalho, Serra Dourada e Brejo Velho",0.0,0.0,0.0,0.0,0.0,0.0,0.0,0.0,0.0,0.0,0.0,0.0,0.0,0.0,0.0,0.0,0.0,0.0,0.0,0.0,0.0,0.0,0.0,0.0,0.0,0.0,0.0,0.0,0.0,0.0,0.0,0.0
Ponte do Itaguari,CA-PR-02,Cocos,Cocos (Ponte do Itaguari) - CA-PR-02,-14.234011,-44.626902,Oeste,RPGA do Rio Carinhanha,0.0,0.0,0.0,0.0,0.0,0.0,0.0,0.0,0.0,0.0,0.0,0.0,0.0,0.0,0.0,0.0,0.0,0.0,0.0,0.0,0.0,0.0,0.0,0.0,0.0,0.0,0.0,0.0,0.0,0.0,0.0,0.0
Formosa do Rio Preto,A452,Formosa do Rio Preto,Formosa do Rio Preto - A452,-11.052163,-45.200769,Oeste,RPGA do Rio Grande,0.0,0.0,0.0,0.0,0.0,0.0,0.0,0.0,0.0,0.0,0.0,0.0,0.0,0.0,0.0,0.0,0.0,0.0,0.0,0.0,0.0,0.0,0.0,0.0,0.0,0.0,0.0,0.0,0.0,0.0,0.0,0.0
Nova Vida Montante,46590000,Barreiras,Barreiras (Nova Vida Montante) - 46590000,-11.867963,-45.084552,Oeste,RPGA do Rio Grande,0.0,0.0,0.0,0.0,0.0,0.0,0.0,0.0,0.0,0.0,0.0,0.0,0.0,0.0,0.0,0.0,0.0,0.0,0.0,0.0,0.0,0.0,0.0,0.0,0.0,0.0,0.0,0.0,0.0,0.0,0.0,0.0
Barreiras,83236,Barreiras,Barreiras - 83236,-12.155556,-45.007778,Oeste,RPGA do Rio Grande,0.0,0.0,0.0,0.0,0.0,0.0,0.0,0.0,0.0,0.0,0.0,0.0,0.0,0.0,0.0,0.0,0.0,0.0,0.0,0.0,0.0,0.0,0.0,0.0,0.0,0.0,0.0,0.0,0.0,0.0,0.0,0.0
Derocal,46455000,São Desidério,São Desidério (Derocal) - 46455000,-12.412696,-45.121499,Oeste,RPGA do Rio Grande,0.0,0.0,0.0,0.0,0.0,0.0,0.0,0.0,0.0,0.0,0.0,0.0,0.0,0.0,0.0,0.0,0.0,0.0,0.0,0.0,0.0,0.0,0.0,0.0,0.0,0.0,0.0,0.0,0.0,0.0,0.0,0.0
Arrojado,45770000,Correntina,Correntina (Arrojado) - 45770000,-13.4528,-44.5689,Oeste,"RPGA do Rio Corrente e Riachos do Ramalho, Serra Dourada e Brejo Velho",0.0,0.0,0.0,0.0,0.0,0.0,0.0,0.0,0.0,0.0,0.0,0.0,0.0,0.0,0.0,0.0,0.0,0.0,0.0,0.0,0.0,0.0,0.0,0.0,0.0,0.0,0.0,0.0,0.0,0.0,0.0,0.0
Correntina,45590000,Correntina,Correntina - 45590000,-13.3406,-44.6386,Oeste,"RPGA do Rio Corrente e Riachos do Ramalho, Serra Dourada e Brejo Velho",0.0,0.0,0.0,0.0,0.0,0.0,0.0,0.0,0.0,0.0,0.0,0.0,0.0,0.0,0.0,0.0,0.0,0.0,0.0,0.0,0.0,0.0,0.0,0.0,0.0,0.0,0.0,0.0,0.0,0.0,0.0,0.0
Fazenda Redenção,46543000,Barreiras,Barreiras (Fazenda Redenção) - 46543000,-12.1358,-45.1033,Oeste,RPGA do Rio Grande,0.0,0.0,0.0,0.0,0.0,0.0,0.0,0.0,0.0,0.0,0.0,0.0,0.0,0.0,0.0,0.0,0.0,0.0,0.0,0.0,0.0,0.0,0.0,0.0,0.0,0.0,0.0,0.0,0.0,0.0,0.0,0.0
Fazenda Santa Luzia,CA-CL-01,Cocos,Cocos (Fazenda Santa Luzia) - CA-CL-01,-14.85528,-45.93583,Oeste,RPGA do Rio Carinhanha,0.0,0.0,0.0,0.0,0.0,0.0,0.0,0.0,0.0,0.0,0.0,0.0,0.0,0.0,0.0,0.0,0.0,0.0,0.0,0.0,0.0,0.0,0.0,0.0,0.0,0.0,0.0,0.0,0.0,0.0,0.0,0.0
Fazenda Morinaga,CT-CL-01,Correntina,Correntina (Fazenda Morinaga) - CT-CL-01,-13.75194,-45.87028,Oeste,"RPGA do Rio Corrente e Riachos do Ramalho, Serra Dourada e Brejo Velho",0.0,0.0,0.0,0.0,0.0,0.0,0.0,0.0,0.0,0.0,0.0,0.0,0.0,0.0,0.0,0.0,0.0,0.0,0.0,0.0,0.0,0.0,0.0,0.0,0.0,0.0,0.0,0.0,0.0,0.0,0.0,0.0
Fazenda Madras,GR-CL-04,Riachão das Neves,Riachão das Neves (Fazenda Madras) - GR-CL-04,-11.63028,-44.84556,Oeste,RPGA do Rio Grande,0.0,0.0,0.0,0.0,0.0,0.0,0.0,0.0,0.0,0.0,0.0,0.0,0.0,0.0,0.0,0.0,0.0,0.0,0.0,0.0,0.0,0.0,0.0,0.0,0.0,0.0,0.0,0.0,0.0,0.0,0.0,0.0
Fazenda Barcelona,GR-CL-03,Formosa do Rio Preto,Formosa do Rio Preto (Fazenda Barcelona) - GR-CL-03,-11.59139,-46.02194,Oeste,RPGA do Rio Grande,0.0,0.0,0.0,0.0,0.0,0.0,0.0,0.0,0.0,0.0,0.0,0.0,0.0,0.0,0.0,0.0,0.0,0.0,0.0,0.1,0.0,0.0,0.1,0.1,0.2,0.2,0.3,0.3,0.4,0.4,0.7,2.8
PCH Pres. Goulart-M1,45588000,Correntina,Correntina (PCH Pres. Goulart-M1) - 45588000,-13.3408,-44.6414,Oeste,"RPGA do Rio Corrente e Riachos do Ramalho, Serra Dourada e Brejo Velho",0.0,0.0,0.0,0.0,0.0,0.0,0.0,0.0,0.0,0.0,0.0,0.0,0.0,0.0,0.0,0.0,0.0,0.0,0.0,0.0,0.0,0.0,0.0,0.0,0.0,0.0,0.0,0.0,0.0,0.0,0.0,0.0
PCH Sítio Grande-J,46453500,São Desidério,São Desidério (PCH Sítio Grande-J) - 46453500,-12.4286,-45.1528,Oeste,RPGA do Rio Grande,6.2,0.0,0.0,0.0,0.0,0.0,0.0,0.0,0.0,0.0,0.0,0.0,0.0,0.0,0.0,0.0,0.0,0.0,0.0,0.0,0.0,0.0,0.0,0.0,0.0,0.0,0.0,0.0,0.0,0.0,0.0,6.2
COACERAL,GR-CL-02,Formosa do Rio Preto,Formosa do Rio Preto (COACERAL) - GR-CL-02,-10.561944,-45.693333,Oeste,RPGA do Rio Grande,0.0,0.0,0.0,0.0,0.0,0.0,0.0,0.0,0.0,0.0,0.0,0.0,0.0,0.0,0.0,0.0,0.0,0.0,0.0,0.0,0.0,0.0,0.0,0.0,0.0,0.0,0.0,0.0,0.1,0.1,0.9,1.1
Luís Eduardo Magalhães,A404,Luís Eduardo Magalhães,Luís Eduardo Magalhães - A404,-12.152394,-45.829745,Oeste,RPGA do Rio Grande,0.0,0.0,0.0,0.0,0.0,0.0,0.0,0.0,0.0,0.0,0.0,0.0,0.0,0.0,0.0,0.0,0.0,0.0,0.0,0.0,0.0,0.0,0.0,0.0,0.0,0.0,0.0,0.0,0.0,0.0,0.0,0.0
Fazenda Evandro,GR-PR-01,Formosa do Rio Preto,Formosa do Rio Preto (Fazenda Evandro) - GR-PR-01,-10.600581,-45.822752,Oeste,RPGA do Rio Grande,0.0,0.0,0.0,0.0,0.0,0.0,0.0,0.0,0.0,0.0,0.0,0.0,0.0,0.0,0.0,0.0,0.0,0.0,0.0,0.0,0.0,0.0,0.0,0.0,0.0,0.0,0.0,0.0,0.0,0.0,0.0,0.0
Fazenda Santa Rita de Cássia,,Fazenda Santa Rita de Cássia,Fazenda Santa Rita de Cássia,-11.625053,-45.645252,Oeste,RPGA do Rio Grande,0.0,0.0,0.0,0.0,0.0,0.0,0.2,0.2,0.0,0.0,0.0,0.0,0.0,0.0,0.0,0.0,0.0,0.0,0.0,0.0,0.0,0.0,0.0,0.0,0.0,0.0,0.0,0.0,0.0,0.0,0.0,0.4
J. Zoológico,A401,Salvador,Salvador (J. Zoológico) - A401,-13.005515,-38.50576,Recôncavo,RPGA do Recôncavo Norte,0.2,0.6,4.8,16.2,4.2,1.8,0.8,13.8,14.0,0.0,2.4,2.2,3.4,8.4,3.8,0.8,4.8,10.6,0.0,0.0,0.0,0.0,5.4,25.6,0.6,1.2,0.4,0.2,0.0,3.6,0.2,130.0
Cruz das Almas,A406,Cruz das Almas,Cruz das Almas - A406,-12.675422,-39.08958,Recôncavo,RPGA do Rio Paraguaçu,5.6,0.2,3.4,25.0,6.0,1.8,0.8,0.6,0.6,0.8,0.8,0.6,0.6,0.6,0.6,0.4,0.6,0.4,0.2,0.2,0.2,0.4,0.0,0.2,0.0,0.0,0.0,0.0,0.0,0.2,0.0,50.81
Feira de Santana,A413,Feira de Santana,Feira de Santana - A413,-12.1962,-38.967384,Recôncavo,RPGA do Recôncavo Norte,1.2,0.0,3.2,13.4,16.0,3.8,1.4,3.2,1.4,3.6,0.2,1.6,5.8,0.8,0.0,0.0,1.8,0.0,1.0,0.0,0.0,0.0,0.0,9.8,0.0,0.0,0.0,0.0,2.8,1.0,0.2,72.2
Periperi,292740820A,Salvador,Salvador (Periperi) - 292740820A,-12.867344,-38.458111,Recôncavo,RPGA do Recôncavo Norte,4.8,4.2,6.0,54.8,20.4,5.2,2.0,5.6,20.8,5.6,5.2,4.2,9.8,0.2,4.2,0.8,12.2,1.8,2.0,0.0,0.0,0.0,0.2,35.4,12.2,2.2,3.4,0.2,0.0,0.8,0.8,225.0
Itapuã,292740819A,Salvador,Salvador (Itapuã) - 292740819A,-12.947736,-38.370136,Recôncavo,RPGA do Recôncavo Norte,3.6,0.8,1.8,39.0,14.2,6.2,1.2,4.8,11.2,0.2,2.2,0.4,3.8,3.2,0.2,0.2,0.0,1.6,1.2,0.2,0.0,0.0,0.0,30.2,3.8,2.2,1.0,0.0,0.6,0.2,1.2,135.2
Tancredo Neves,292740823A,Salvador,Salvador (Tancredo Neves) - 292740823A,-12.945347,-38.453472,Recôncavo,RPGA do Recôncavo Norte,3.4,1.8,0.8,37.2,8.8,12.8,2.6,7.0,28.2,7.6,5.4,0.6,5.8,1.8,3.4,1.6,0.2,0.2,0.8,0.0,0.2,0.0,2.8,33.4,9.4,0.0,4.6,0.0,0.0,0.0,0.4,180.8
Polivalente,292860401A,Santo Amaro,Santo Amaro (Polivalente) - 292860401A,-12.552863,-38.712504,Recôncavo,RPGA do Recôncavo Norte,7.4,2.2,13.2,41.4,23.4,14.6,1.2,14.8,10.0,3.0,1.2,0.2,11.6,3.2,0.0,3.0,0.2,0.0,0.4,0.0,0.0,0.0,0.2,37.4,0.6,1.0,0.0,0.0,1.2,0.0,0.0,191.4
Estação Rádio Marinha,A456,Salvador,Salvador (Estação Rádio Marinha) - A456,-12.808222,-38.495944,Recôncavo,RPGA do Recôncavo Norte,3.4,3.2,5.2,30.4,10.2,3.6,2.0,13.4,18.0,1.6,0.2,0.6,11.0,0.0,1.4,3.0,0.0,0.4,3.4,0.0,0.0,2.2,2.8,19.8,3.8,1.4,1.2,0.0,0.0,0.0,0.0,142.21
Cachoeira,290490201A,Cachoeira,Cachoeira - 290490201A,-12.607725,-38.960655,Recôncavo,RPGA do Rio Paraguaçu,20.0,0.0,7.2,30.4,34.0,12.8,2.6,20.6,2.6,3.2,5.0,0.0,9.2,2.0,0.0,0.2,0.2,1.8,1.0,0.0,0.0,0.0,0.0,9.4,0.2,0.0,0.0,0.2,0.0,0.0,0.2,162.8
Centro,291345701A,Igrapiúna,Igrapiúna (Centro) - 291345701A,-13.819025,-39.141885,Recôncavo,RPGA do Recôncavo Sul,7.0,0.2,0.2,2.2,1.4,39.4,23.4,27.4,4.6,16.8,1.8,3.8,15.2,52.8,5.8,0.0,1.2,5.8,11.2,4.0,0.0,3.4,2.4,0.0,0.2,0.0,0.0,7.2,0.0,12.8,0.0,250.2
São Félix,292900801A,São Félix,São Félix - 292900801A,-12.606591,-38.969939,Recôncavo,RPGA do Rio Paraguaçu,17.0,0.0,4.2,28.8,31.6,10.8,3.0,21.2,2.8,2.2,4.6,0.2,10.0,1.4,0.0,0.4,0.0,2.4,0.8,0.0,0.0,0.0,0.0,9.6,0.0,0.0,0.0,0.0,0.0,0.0,0.6,151.6
Góes Calmon,293070901A,Simões Filho,Simões Filho (Góes Calmon) - 293070901A,-12.780101,-38.353331,Recôncavo,RPGA do Recôncavo Norte,6.0,9.4,13.0,43.4,31.6,5.0,0.2,12.0,13.0,6.2,1.0,0.8,11.6,1.6,3.6,6.0,1.0,3.2,4.8,0.0,0.2,0.0,1.4,37.6,8.4,0.4,0.0,3.8,0.0,1.4,4.6,231.21
Centro,293070903A,Simões Filho,Simões Filho (Centro) - 293070903A,-12.788344,-38.396864,Recôncavo,RPGA do Recôncavo Norte,17.6,0.0,10.2,37.8,15.2,5.6,0.4,17.0,40.8,5.4,1.4,1.6,13.8,0.0,3.2,6.6,1.0,0.6,4.2,0.0,0.0,0.0,0.0,37.2,11.2,1.2,4.6,0.2,0.0,0.0,1.0,237.8
Amargosa,A434,Amargosa,Amargosa - A434,-13.009468,-39.616881,Recôncavo,RPGA do Recôncavo Sul,11.2,0.0,0.0,4.2,3.2,25.4,16.0,15.2,8.2,9.0,0.4,4.8,11.6,9.0,1.8,4.4,11.0,8.4,5.4,0.0,0.4,2.2,3.4,0.0,0.0,0.0,0.0,0.0,0.0,2.0,0.0,157.21
Ondina,83229,Salvador,Salvador (Ondina) - 83229,-13.005278,-38.505833,Recôncavo,RPGA do Recôncavo Norte,0.2,0.8,4.9,26.3,4.8,2.0,1.0,14.8,15.4,0.0,2.9,2.5,2.2,9.5,3.9,0.1,5.5,11.9,0.0,0.0,0.1,0.0,6.3,29.7,1.1,1.6,0.4,0.3,0.0,4.0,0.3,152.51
Feira de Santana,PG-PR-13,Feira de Santana,Feira de Santana - PG-PR-13,-12.268161,-38.96642,Recôncavo,RPGA do Rio Paraguaçu,0.0,0.0,0.0,0.0,0.0,0.0,0.0,0.0,0.0,0.0,0.0,0.0,0.0,0.0,0.0,0.0,0.0,0.0,0.0,0.0,0.0,0.0,0.0,0.0,0.0,0.0,0.0,0.0,0.0,0.0,0.0,0.0
Centro,292740802A,Salvador,Salvador (Centro) - 292740802A,-12.97821,-38.515945,Recôncavo,RPGA do Recôncavo Norte,1.39,0.4,2.36,14.25,3.38,1.39,1.39,5.76,8.2,0.8,1.8,0.8,0.6,1.59,0.8,1.78,4.14,2.95,0.0,0.0,0.59,0.2,2.36,19.51,3.55,0.59,0.79,0.59,0.0,1.19,0.0,83.15
Federação,292740803A,Salvador,Salvador (Federação) - 292740803A,-13.000791,-38.511056,Recôncavo,RPGA do Recôncavo Norte,0.2,0.0,3.74,17.36,5.12,2.19,0.99,3.74,12.59,0.59,3.74,1.97,1.77,13.39,3.16,0.79,2.36,5.91,0.2,0.0,0.0,0.0,5.51,31.74,1.19,0.98,0.2,0.2,0.0,2.17,0.79,122.6
Cabula,292740810A,Salvador,Salvador (Cabula) - 292740810A,-12.961347,-38.460778,Recôncavo,RPGA do Recôncavo Norte,3.94,0.0,0.2,27.21,9.86,9.66,2.17,8.12,14.21,3.36,2.37,0.0,6.94,3.74,2.96,0.2,1.19,5.12,0.99,0.0,1.58,0.0,0.6,28.56,6.92,0.0,1.38,0.6,0.2,0.0,0.59,142.67
Santo Estevão,PG-CL-08,Santo Estevão,Santo Estevão - PG-CL-08,-12.43521,-39.21209,Recôncavo,RPGA do Rio Paraguaçu,9.4,0.2,1.0,11.6,11.0,9.6,2.2,12.4,0.8,5.0,0.4,0.2,3.4,3.2,1.2,0.6,0.0,0.0,2.4,0.2,0.0,0.0,0.0,0.0,0.0,0.0,0.0,0.0,0.2,0.0,0.0,75.01
Caminho das Árvores,292740815A,Salvador,Salvador (Caminho das Árvores) - 292740815A,-12.97718,-38.453834,Recôncavo,RPGA do Recôncavo Norte,1.77,0.2,0.0,25.2,7.5,6.11,0.79,14.97,18.13,2.18,8.55,0.0,1.59,2.35,0.79,0.0,3.56,2.36,0.2,0.0,0.78,0.0,6.1,32.91,2.97,0.0,0.39,0.4,0.98,0.0,1.19,141.97
Águas Claras,292740808A,Salvador,Salvador (Águas Claras) - 292740808A,-12.8944,-38.441889,Recôncavo,RPGA do Recôncavo Norte,2.96,1.77,3.15,48.22,16.74,4.74,1.19,4.14,13.59,7.89,0.99,0.79,6.7,0.79,3.16,0.79,0.0,3.94,0.59,0.0,0.2,0.0,0.0,33.88,12.05,0.0,4.13,0.0,0.0,0.98,0.0,173.39
Alto do Peru,292740812A,Salvador,Salvador (Alto do Peru) - 292740812A,-12.939122,-38.486334,Recôncavo,RPGA do Recôncavo Norte,4.73,0.2,1.19,41.15,12.41,9.84,0.79,7.71,26.38,5.13,5.12,0.2,5.33,5.72,2.96,1.18,2.95,0.6,0.99,0.0,0.2,0.0,4.34,35.61,12.6,5.51,0.59,4.72,0.0,0.4,0.2,198.75
Cosme de Farias,292740816A,Salvador,Salvador (Cosme de Farias) - 292740816A,-12.979402,-38.4855,Recôncavo,RPGA do Recôncavo Norte,3.54,0.0,2.8,22.87,10.06,3.95,3.74,11.85,11.22,0.4,2.56,0.98,1.38,2.77,3.55,3.75,0.78,6.7,0.2,0.0,0.2,0.0,6.5,39.98,2.37,0.79,1.77,1.98,0.0,0.79,0.4,147.89
São Caetano,292740814A,Salvador,Salvador (São Caetano) - 292740814A,-12.939678,-38.474667,Recôncavo,RPGA do Recôncavo Norte,2.97,0.0,1.98,31.3,14.77,8.47,1.78,3.16,15.59,8.97,4.92,0.2,5.13,3.55,2.56,0.99,1.4,0.4,0.79,0.0,0.0,0.2,2.35,7.77,6.2,11.0,2.8,1.4,0.0,0.0,0.2,140.85
Pirajá,292740801A,Salvador,Salvador (Pirajá) - 292740801A,-12.8994,-38.458833,Recôncavo,RPGA do Recôncavo Norte,9.27,5.93,3.15,52.54,10.64,9.05,4.36,12.03,19.1,10.67,1.19,2.17,10.44,1.38,1.77,0.0,0.2,5.33,0.99,0.0,0.0,0.0,1.78,34.67,19.94,1.18,2.16,0.2,0.0,0.79,0.2,221.13
Rio Sena,292740805A,Salvador,Salvador (Rio Sena) - 292740805A,-12.891344,-38.470778,Recôncavo,RPGA do Recôncavo Norte,9.28,0.2,5.39,35.1,26.85,5.8,5.4,5.0,2.2,1.8,1.59,6.7,12.8,0.79,5.12,2.16,5.92,5.56,1.38,0.2,0.0,0.0,1.98,33.06,13.59,3.74,1.38,0.0,0.0,0.59,0.0,193.58
Valéria,292740817A,Salvador,Salvador (Valéria) - 292740817A,-12.8644,-38.438276,Recôncavo,RPGA do Recôncavo Norte,18.71,1.58,0.6,51.17,15.95,3.15,4.15,4.34,24.02,2.18,2.36,2.36,9.65,0.0,6.68,1.57,4.73,1.77,2.57,0.0,0.0,0.0,0.0,28.57,11.03,0.2,3.15,0.0,0.0,3.35,1.58,205.43
Santa Terezinha,290650105A,Candeias,Candeias (Santa Terezinha) - 290650105A,-12.647172,-38.539112,Recôncavo,RPGA do Recôncavo Norte,3.56,3.36,2.18,33.85,19.71,4.73,1.38,16.77,7.1,7.29,2.76,1.38,8.28,1.58,0.0,0.2,0.0,0.0,3.16,0.0,0.2,0.0,0.0,33.88,9.08,0.0,0.0,0.4,0.0,0.0,0.2,161.05
Centro,290650101A,Candeias,Candeias (Centro) - 290650101A,-12.670229,-38.544112,Recôncavo,RPGA do Recôncavo Norte,9.88,0.2,3.75,29.98,17.32,11.05,1.78,17.57,12.22,3.17,3.16,2.18,6.92,6.9,0.8,0.0,0.0,0.0,2.98,0.0,0.78,0.0,0.79,51.34,11.67,0.0,0.0,1.57,0.0,0.0,0.2,196.21
Malemba,290650102A,Candeias,Candeias (Malemba) - 290650102A,-12.678285,-38.544112,Recôncavo,RPGA do Recôncavo Norte,8.26,1.19,4.93,30.33,16.95,10.46,1.0,20.9,16.18,3.93,3.15,0.6,10.11,5.12,0.2,0.0,0.99,0.0,4.15,0.0,2.16,0.0,0.79,56.1,9.86,0.0,0.0,1.19,0.2,0.0,0.2,208.95
Sarandi,290650104A,Candeias,Candeias (Sarandi) - 290650104A,-12.671341,-38.531056,Recôncavo,RPGA do Recôncavo Norte,7.09,2.58,2.76,29.58,18.3,8.49,0.99,18.13,13.59,4.15,3.96,1.97,8.68,9.86,0.59,0.2,0.4,0.0,2.97,0.0,0.4,0.0,0.4,41.92,8.09,0.0,0.0,0.0,0.0,0.0,0.4,185.5
Areia Branca,291920706A,Lauro de Freitas,Lauro de Freitas (Areia Branca) - 291920706A,-12.841,-38.337,Recôncavo,RPGA do Recôncavo Norte,12.8,0.0,9.06,31.94,12.82,4.94,0.59,6.52,19.51,3.53,5.31,0.6,12.62,0.2,4.74,3.54,0.0,3.15,2.17,0.0,0.0,0.0,0.2,39.2,7.51,1.77,0.2,1.57,0.0,0.2,2.96,187.65
Vila Praiana,291920702A,Lauro de Freitas,Lauro de Freitas (Vila Praiana) - 291920702A,-12.901,-38.308,Recôncavo,RPGA do Recôncavo Norte,3.56,0.0,3.95,18.72,10.67,3.94,0.8,5.16,17.38,2.37,2.35,1.18,6.1,0.4,1.38,0.2,0.0,1.98,0.8,0.2,0.0,0.0,0.0,29.16,3.76,0.59,3.35,3.95,0.0,0.0,0.2,122.15
Portão,291920701A,Lauro de Freitas,Lauro de Freitas (Portão) - 291920701A,-12.87,-38.305,Recôncavo,RPGA do Recôncavo Norte,3.56,5.12,9.34,21.09,12.4,5.52,0.59,1.38,8.85,0.2,1.77,0.2,11.25,0.2,1.77,1.18,0.0,0.99,0.2,0.0,0.0,0.0,0.0,33.53,7.5,1.97,0.79,3.35,0.0,0.59,1.78,135.12
Rua 02 de Julho,291920705A,Lauro de Freitas,Lauro de Freitas (Rua 02 de Julho) - 291920705A,-12.839,-38.35,Recôncavo,RPGA do Recôncavo Norte,5.91,1.18,7.51,27.22,14.6,3.75,1.2,7.12,25.97,5.33,4.91,1.19,15.82,0.79,6.13,2.56,0.0,3.34,2.97,0.0,0.0,0.0,0.0,34.1,7.89,2.97,0.0,1.58,0.2,0.0,2.97,187.21
Dois de Julho,291120401A,Gandú,Gandú (Dois de Julho) - 291120401A,-13.741357,-39.48303,Recôncavo,RPGA do Recôncavo Sul,5.53,0.0,1.57,2.56,1.59,16.41,20.88,7.29,2.98,4.13,1.79,2.96,9.69,17.4,0.99,2.57,0.2,1.18,9.07,0.4,0.0,0.0,0.4,0.0,0.0,0.0,0.0,1.61,0.0,1.19,7.89,120.28
Centro,292060101A,Maragogipe,Maragogipe (Centro) - 292060101A,-12.78,-38.917,Recôncavo,RPGA do Rio Paraguaçu,12.85,0.0,4.57,23.74,12.29,15.15,18.99,5.74,7.52,16.84,3.18,2.75,18.5,6.7,0.2,0.0,0.78,0.0,10.66,0.0,0.0,0.2,0.0,6.73,0.0,0.0,0.0,1.19,0.0,0.0,0.0,168.58
Centro,292250801A,Nazaré,Nazaré (Centro) - 292250801A,-13.032,-39.015,Recôncavo,RPGA do Recôncavo Sul,18.78,0.2,13.41,17.92,9.31,26.04,5.99,30.13,22.72,5.91,6.88,0.2,3.96,11.24,2.96,2.95,1.79,4.72,1.19,0.0,0.0,0.0,0.0,0.0,0.0,0.0,0.0,0.0,0.2,3.58,0.0,190.08
Rua São Roque,293290301A,Valença,Valença (Rua São Roque) - 293290301A,-13.363,-39.078,Recôncavo,RPGA do Recôncavo Sul,19.32,2.57,0.0,7.8,3.82,23.57,7.11,23.46,22.44,20.34,0.8,0.0,22.83,33.92,3.55,1.39,4.37,1.19,9.65,0.2,0.0,0.4,8.52,0.2,0.0,0.0,0.0,2.17,0.0,4.37,0.0,223.99
Abaeté,RN-CL-05,Salvador,Salvador (Abaeté) - RN-CL-05,-12.9469,-38.35933,Recôncavo,RPGA do Recôncavo Norte,3.4,5.2,4.0,39.0,14.2,6.6,0.8,5.4,14.2,0.4,2.2,0.4,4.4,0.6,0.4,0.2,0.0,0.4,1.0,0.0,0.2,0.0,0.0,32.2,4.4,2.2,0.8,2.8,0.6,0.0,1.6,147.61
Lauro de Freitas,RN-CL-09,Lauro de Freitas,Lauro de Freitas - RN-CL-09,-12.88712,-38.29659,Recôncavo,RPGA do Recôncavo Norte,3.8,13.2,5.8,19.2,11.8,9.2,1.4,2.2,25.4,0.8,1.2,3.6,4.2,0.2,1.4,0.0,0.0,2.8,1.4,0.0,0.0,0.0,0.0,28.6,5.6,0.2,0.2,5.8,0.0,1.0,0.8,149.8
São Francisco do Conde,RN-CL-07,São Francisco do Conde,São Francisco do Conde - RN-CL-07,-12.61136,-38.68222,Recôncavo,RPGA do Recôncavo Norte,4.0,6.2,21.8,41.2,10.0,9.0,1.2,10.8,15.8,9.4,2.0,0.6,9.0,2.6,0.0,0.0,0.6,0.0,6.6,0.0,1.2,0.0,1.6,42.8,0.4,0.0,0.0,0.0,0.0,0.0,0.8,197.6
CIA,293070902A,Simões Filho,Simões Filho (CIA) - 293070902A,-12.825461,-38.409051,Recôncavo,RPGA do Recôncavo Norte,7.4,1.8,6.6,39.4,22.6,7.6,1.4,9.2,10.6,2.0,2.4,1.0,18.4,1.2,4.6,0.6,3.2,2.2,3.2,0.0,0.0,0.0,0.0,32.8,10.2,0.6,2.6,0.0,0.0,0.2,2.0,193.8
PC Fazenda Jurema,51346050,Rafael Jambeiro,Rafael Jambeiro (PC Fazenda Jurema) - 51346050,-12.4881,-39.6981,Recôncavo,RPGA do Rio Paraguaçu,9.2,0.0,0.0,1.6,2.0,7.6,3.6,6.2,1.0,2.0,0.4,0.4,3.2,16.4,0.0,0.4,0.0,0.0,1.6,0.0,0.0,0.0,0.0,0.0,0.0,0.0,0.0,0.0,0.0,0.8,0.0,56.4
PC Argoim,51351000,Rafael Jambeiro,Rafael Jambeiro (PC Argoim) - 51351000,-12.5867,-39.5217,Recôncavo,RPGA do Rio Paraguaçu,0.4,0.2,0.2,0.4,2.8,3.6,4.4,0.6,1.8,1.6,0.0,0.0,3.2,3.6,0.4,0.0,0.0,0.0,3.2,0.4,0.0,0.4,0.0,0.0,0.0,0.0,0.0,0.0,0.4,0.0,0.4,28.0
PC Rio Paratigi,51370000,Santo Estevão,Santo Estevão (PC Rio Paratigi) - 51370000,-12.51503,-39.38272,Recôncavo,RPGA do Rio Paraguaçu,9.6,0.4,0.0,2.4,2.8,10.8,5.8,14.8,8.0,4.0,0.8,0.4,6.4,1.2,2.0,0.0,0.0,0.0,0.0,0.8,0.0,0.0,0.0,0.0,0.0,0.0,0.0,0.4,0.4,0.4,0.0,71.41
Abaeté,RN-PR-01,Salvador,Salvador (Abaeté) - RN-PR-01,-12.945407,-38.361404,Recôncavo,RPGA do Recôncavo Norte,3.1,5.3,3.6,30.4,18.4,6.3,0.6,4.6,11.2,0.3,0.5,1.5,3.5,1.4,0.2,0.0,0.0,1.3,0.6,0.0,0.0,0.0,0.0,40.3,5.9,3.0,0.6,2.0,0.0,0.5,0.0,145.1
Cândido Sales,53620000,Cândido Sales,Cândido Sales - 53620000,-15.512891,-41.236629,Sudoeste,RPGA do Rio Pardo,0.0,0.0,1.4,0.4,1.2,0.0,0.4,0.0,0.8,1.6,1.0,0.0,0.2,0.2,0.0,0.0,0.6,0.0,0.0,0.0,0.0,0.0,0.0,0.0,0.0,0.0,0.0,0.0,0.0,0.0,0.0,7.81
Itiruçu,A407,Itiruçu,Itiruçu - A407,-13.52629,-40.12055,Sudoeste,RPGA do Recôncavo Sul,2.0,1.8,0.0,1.8,0.2,14.4,12.6,6.2,5.6,6.8,1.0,1.6,3.0,7.8,14.0,1.4,0.8,0.8,1.2,0.0,0.0,0.0,2.2,0.6,0.0,0.0,0.0,0.0,0.0,1.2,0.0,87.0
Vitória da Conquista,A414,Vitória da Conquista,Vitória da Conquista - A414,-14.886428,-40.80133,Sudoeste,RPGA do Rio Pardo,5.4,3.4,2.4,4.0,0.0,3.0,3.0,2.6,2.8,4.8,0.6,0.6,2.0,0.2,0.0,0.0,0.0,0.0,0.2,0.0,0.0,0.0,0.2,0.0,0.0,0.0,0.0,0.0,0.0,0.0,0.0,35.21
Ituaçu,83292,Ituaçu,Ituaçu - 83292,-13.812778,-41.3,Sudoeste,RPGA do Rio de Contas,0.0,0.0,0.0,0.0,0.0,0.0,0.0,0.0,0.0,0.0,0.0,0.0,0.0,0.0,0.0,0.0,0.0,0.0,0.0,0.0,0.0,0.0,0.0,0.0,0.0,0.0,0.0,0.0,0.0,0.0,0.0,0.0
Lagoa,291760701A,Jaguaquara,Jaguaquara (Lagoa) - 291760701A,-13.523228,-39.968685,Sudoeste,RPGA do Recôncavo Sul,1.8,0.0,0.4,1.8,3.0,10.0,12.8,4.2,1.4,0.0,1.2,0.4,4.0,6.2,1.6,3.6,0.4,0.2,0.8,0.0,0.0,0.0,1.0,0.6,0.0,0.0,0.0,0.0,0.0,1.4,0.0,56.81
Entroncamento,291760702A,Jaguaquara,Jaguaquara (Entroncamento) - 291760702A,-13.509869,-40.05461,Sudoeste,RPGA do Recôncavo Sul,2.0,0.0,0.0,0.4,0.4,8.2,10.2,5.2,2.0,1.0,0.4,0.6,2.6,5.6,6.6,1.2,0.4,0.2,0.6,0.0,0.0,0.0,1.4,0.0,0.0,0.0,0.0,0.0,0.0,0.4,0.0,49.41
Brumado,A433,Brumado,Brumado - A433,-14.181886,-41.672281,Sudoeste,RPGA do Rio de Contas,0.0,0.2,0.0,0.0,0.0,0.0,2.0,2.6,0.4,0.2,0.0,0.0,0.2,0.0,0.0,0.0,0.0,0.0,0.0,0.6,0.0,0.0,0.0,0.0,0.0,0.0,0.0,0.0,0.0,0.0,0.0,6.21
Ipiaú,A445,Ipiaú,Ipiaú - A445,-14.171304,-39.692502,Sudoeste,RPGA do Rio de Contas,4.4,5.0,0.2,2.8,0.4,22.4,14.6,6.2,9.2,4.2,0.2,7.8,4.8,4.2,6.4,1.6,0.6,3.6,6.6,7.0,0.2,0.0,1.2,0.0,0.0,0.2,0.2,0.0,0.0,0.8,0.6,115.4
Itapetinga,A446,Itapetinga,Itapetinga - A446,-15.24462,-40.22955,Sudoeste,RPGA do Rio Pardo,4.6,3.2,0.0,2.2,0.0,1.8,13.6,4.0,2.8,3.4,2.2,1.8,2.8,0.0,0.2,0.2,1.4,0.0,1.2,0.8,0.0,2.4,0.8,0.0,0.2,0.0,0.2,2.0,0.0,0.2,0.0,52.0
Centro,293330701A,Vitória da Conquista,Vitória da Conquista (Centro) - 293330701A,-14.852,-40.839,Sudoeste,RPGA do Rio Pardo,0.8,0.0,1.99,2.79,4.74,0.61,22.39,1.6,10.66,10.12,0.2,0.6,0.59,0.0,0.0,0.0,0.0,0.2,0.0,0.0,0.0,0.0,0.0,0.0,0.0,1.01,0.0,0.0,0.0,0.0,0.2,58.51
Centro,291710201A,Itororó,Itororó (Centro) - 291710201A,-15.119,-40.065,Sudoeste,RPGA do Leste,1.59,0.79,0.0,1.2,0.2,0.2,10.16,1.77,7.6,1.02,0.2,1.41,4.77,0.0,0.2,0.2,2.59,0.6,8.82,8.87,0.2,0.59,2.62,0.0,0.0,0.0,0.0,2.59,0.0,0.39,0.2,58.78
Clerolândia,291640101A,Itapetinga,Itapetinga (Clerolândia) - 291640101A,-15.243,-40.221,Sudoeste,RPGA do Rio Pardo,0.0,0.2,0.4,0.99,0.0,0.8,8.62,2.38,1.0,2.97,0.6,0.99,3.16,0.0,0.0,0.2,0.59,0.2,0.8,0.4,0.2,2.2,1.18,0.0,0.0,0.0,0.0,1.98,0.0,0.0,0.2,30.06
Recreio,293330702A,Vitória da Conquista,Vitória da Conquista (Recreio) - 293330702A,-14.861,-40.841,Sudoeste,RPGA do Rio Pardo,0.79,0.2,0.99,2.38,0.0,1.82,1.4,1.4,2.79,2.4,0.2,0.0,0.99,0.2,0.0,0.0,0.0,0.0,0.0,0.0,0.0,0.0,0.0,0.0,0.0,0.0,0.0,0.0,0.0,0.0,0.0,15.56
Patagônia,293330704A,Vitória da Conquista,Vitória da Conquista (Patagônia) - 293330704A,-14.87,-40.863,Sudoeste,RPGA do Rio Pardo,0.78,0.2,1.39,0.8,0.0,2.22,1.4,0.6,1.19,1.78,0.4,0.0,0.79,0.0,0.0,0.0,0.0,0.0,0.0,0.0,0.0,0.0,0.0,0.0,0.0,0.0,0.0,0.0,0.0,0.0,0.0,11.55
Lomantão,293330703A,Vitória da Conquista,Vitória da Conquista (Lomantão) - 293330703A,-14.87,-40.827,Sudoeste,RPGA do Rio Pardo,0.82,0.2,1.39,1.98,0.0,1.6,1.4,1.59,2.78,2.39,0.4,0.4,0.8,0.0,0.0,0.0,0.0,0.0,0.2,0.2,0.0,0.0,0.0,0.0,0.0,0.0,0.0,0.0,0.0,0.0,0.0,16.16
Maracás,292050201C,Maracás,Maracás - 292050201C,-13.443972,-40.450888,Sudoeste,RPGA do Rio de Contas,1.2,0.2,0.0,2.0,0.4,8.8,6.0,1.8,1.4,1.6,0.0,0.0,2.8,1.4,3.2,0.0,0.0,1.8,1.6,0.4,0.0,0.0,0.2,0.0,0.0,0.0,0.0,0.0,0.0,0.0,0.2,35.01
Jaguaquara,RS-CL-01,Jaguaquara,Jaguaquara - RS-CL-01,-13.573055,-39.940833,Sudoeste,RPGA do Recôncavo Sul,2.75,1.0,0.0,3.75,2.25,15.75,16.5,10.25,3.5,1.5,0.75,0.75,7.5,8.25,0.75,1.75,0.75,1.0,4.25,0.0,0.0,0.0,1.5,0.75,0.0,0.0,0.0,0.0,0.0,1.0,0.0,86.25
Vitória da Conquista,PA-CL-01,Vitória da Conquista,Vitória da Conquista - PA-CL-01,-14.886111,-40.800833,Sudoeste,RPGA do Rio Pardo,5.5,3.0,2.25,3.25,0.0,2.5,2.5,2.25,2.25,4.25,0.5,0.25,1.5,0.0,0.0,0.0,0.0,0.0,0.0,0.0,0.1,0.0,0.0,0.0,0.0,0.0,0.0,0.0,0.0,0.0,0.0,30.1
Itati,LE-CL-03,Itororó,Itororó (Itati) - LE-CL-03,-15.05273,-40.02292,Sudoeste,RPGA do Leste,4.0,3.4,0.8,1.4,0.0,3.8,0.2,2.6,19.4,6.6,8.4,21.2,5.0,0.2,1.4,0.0,1.4,1.8,4.6,10.0,0.0,0.2,3.6,0.0,0.0,0.2,0.0,4.0,0.0,0.0,0.0,104.2
Nova Canaã,292270601C,Nova Canaã,Nova Canaã - 292270601C,-14.662641,-40.274647,Sudoeste,RPGA do Rio de Contas,5.4,2.6,1.8,4.0,0.0,7.6,11.6,7.4,8.4,6.4,11.4,1.2,4.2,2.0,1.8,1.4,1.6,0.4,10.4,0.2,0.2,0.2,2.0,0.4,0.0,0.0,0.0,0.0,0.0,1.6,0.2,94.41
Caraíbas,290689901C,Caraíbas,Caraíbas - 290689901C,-14.725138,-41.276972,Sudoeste,RPGA do Rio de Contas,0.2,0.2,0.0,0.0,0.0,0.0,0.0,0.0,0.2,0.2,5.0,0.0,2.8,0.0,0.0,0.0,0.0,0.0,0.0,0.0,0.0,0.0,0.0,0.0,0.0,0.0,0.0,0.0,0.0,0.0,0.0,8.6
Fz Nanci,53880000,Camacã,Camacã (Fz Nanci) - 53880000,-15.581395,-39.521095,Sul,RPGA do Rio Pardo,3.6,2.2,1.8,3.2,0.4,2.2,14.0,2.4,2.6,7.6,17.0,10.8,6.4,0.0,3.0,1.8,5.4,1.8,7.0,5.4,0.2,0.2,0.8,0.0,0.0,0.0,0.2,0.2,0.2,4.6,0.6,105.61
PCH Cach. da Lixa M,55354000,Jucuruçu,Jucuruçu (PCH Cach. da Lixa M) - 55354000,-17.06703,-40.068619,Sul,"RPGA dos Rios Peruípe, Itanhém e Jucuruçu",6.6,8.8,8.8,1.0,4.8,0.8,2.0,3.8,7.2,6.6,15.4,7.4,4.2,0.2,0.0,0.4,1.0,0.0,0.2,0.2,0.0,6.2,5.8,1.8,0.0,0.2,0.0,4.8,0.0,0.2,0.0,98.41
PCH Colino II M,55355600,Vereda,Vereda (PCH Colino II M) - 55355600,-17.07126,-40.15474,Sul,"RPGA dos Rios Peruípe, Itanhém e Jucuruçu",12.75,14.5,18.5,2.5,14.5,1.75,3.75,9.75,17.0,4.75,22.5,7.5,10.75,0.25,0.0,1.0,1.25,0.25,0.75,2.0,0.0,6.75,20.5,6.5,0.25,0.25,0.75,7.5,0.5,0.25,0.25,189.5
Itamaraju,A455,Itamaraju,Itamaraju - A455,-17.17103,-39.58819,Sul,"RPGA dos Rios Peruípe, Itanhém e Jucuruçu",3.4,3.0,4.0,1.0,0.6,0.0,0.6,2.2,6.0,8.2,7.2,1.6,3.6,0.0,0.2,5.4,2.8,0.0,0.2,3.2,0.0,6.6,0.2,0.2,0.0,0.0,0.0,2.0,1.2,1.4,2.8,67.61
Itajuípe,,Itajuípe,Itajuípe,-14.6744,-39.3769,Sul,RPGA do Leste,2.8,8.8,0.2,0.6,1.6,11.6,44.8,8.4,9.0,8.6,5.0,7.8,10.8,3.0,0.2,3.2,10.4,1.2,4.0,4.0,0.2,0.0,6.2,0.4,0.0,0.0,0.0,0.0,0.0,2.8,0.0,155.6
Barra do Rocha,290310201A,Barra do Rocha,Barra do Rocha - 290310201A,-14.208644,-39.598562,Sul,RPGA do Rio de Contas,3.8,0.0,0.0,6.4,1.6,27.8,17.4,4.0,8.0,7.6,1.0,1.0,6.8,5.6,3.4,5.2,1.8,2.2,5.2,12.0,0.0,0.0,0.4,0.0,0.0,0.0,0.0,0.0,0.0,11.2,0.8,133.21
Centro,290580001A,Camamu,Camamu (Centro) - 290580001A,-13.943506,-39.10251,Sul,RPGA do Recôncavo Sul,5.0,0.8,1.0,0.8,1.8,33.4,13.6,17.8,5.2,30.4,7.2,7.6,23.2,33.2,2.8,0.4,1.2,1.4,13.2,3.6,0.0,3.0,1.8,0.0,0.0,0.0,0.0,16.4,0.2,6.2,3.4,234.6
Novo Horizonte,291180801A,Guaratinga,Guaratinga (Novo Horizonte) - 291180801A,-16.582916,-39.780555,Sul,"RPGA dos Rios dos Frades, Buranhém e Santo Antônio",3.0,0.0,2.2,2.4,4.2,0.0,13.0,1.4,9.8,8.0,25.4,3.2,6.0,0.2,0.0,5.6,7.8,1.6,1.2,4.4,0.0,1.2,0.0,0.0,0.0,0.0,0.0,0.2,0.0,5.6,0.2,106.61
Passagem,291490101A,Itacaré,Itacaré (Passagem) - 291490101A,-14.280609,-39.002952,Sul,RPGA do Rio de Contas,10.0,0.0,0.6,1.0,5.4,72.2,22.4,33.6,2.8,1.2,15.0,4.6,9.6,26.0,4.0,2.4,3.6,0.4,12.2,13.2,5.6,2.0,6.6,0.2,0.0,0.0,0.0,0.6,0.8,10.2,0.0,266.2
Centro,291560101A,Itamaraju,Itamaraju (Centro) - 291560101A,-17.027541,-39.534994,Sul,"RPGA dos Rios Peruípe, Itanhém e Jucuruçu",4.8,1.0,8.8,3.2,1.4,0.8,4.2,6.8,8.2,14.6,21.4,0.8,1.4,0.2,0.0,5.2,4.4,0.4,3.4,2.4,0.2,1.4,0.4,0.0,0.0,0.0,0.0,0.8,2.2,4.8,2.2,105.41
Pau Brasil,292390201A,Pau Brasil,Pau Brasil - 292390201A,-15.46122,-39.65225,Sul,RPGA do Rio Pardo,3.8,0.0,0.8,5.0,1.8,9.2,39.0,3.8,5.4,11.8,11.2,0.8,2.8,0.2,0.2,5.2,6.8,0.2,3.2,3.0,0.0,0.4,7.6,0.2,0.0,0.0,0.0,1.0,0.2,0.0,0.2,123.81
Ribeira,292550101A,Prado,Prado (Ribeira) - 292550101A,-17.338255,-39.232281,Sul,"RPGA dos Rios Peruípe, Itanhém e Jucuruçu",1.2,9.0,8.0,2.6,0.6,0.4,0.0,15.4,1.0,11.6,9.4,5.6,1.2,1.4,0.2,0.0,2.4,0.2,1.6,2.6,0.0,5.6,1.8,4.8,0.0,0.0,1.2,3.0,0.6,13.4,0.0,104.8
Centro,292805901A,Santa Luzia,Santa Luzia (Centro) - 292805901A,-15.42976,-39.332759,Sul,RPGA do Leste,2.4,5.2,1.8,1.2,0.4,4.8,23.2,4.4,11.8,8.2,19.2,7.0,6.0,0.0,2.0,1.0,11.0,2.4,13.2,2.6,0.0,0.8,0.2,0.0,0.0,0.0,0.0,11.6,2.4,0.0,0.4,143.21
Maraú,A438,Maraú,Maraú - A438,-13.90694,-38.97222,Sul,RPGA do Recôncavo Sul,6.8,5.0,6.0,12.4,2.0,64.4,26.6,24.2,11.2,8.6,5.4,3.8,9.0,32.6,6.0,0.2,2.0,1.0,14.0,1.0,0.2,4.0,24.8,0.0,0.0,0.0,0.0,16.0,2.4,3.4,0.2,293.2
Mascote,53950000,Mascote,Mascote - 53950000,-15.565561,-39.302756,Sul,RPGA do Rio Pardo,17.0,1.8,0.4,3.0,0.8,2.4,21.4,4.6,10.6,11.4,10.4,13.4,7.4,0.0,2.2,1.6,26.2,0.6,12.8,4.8,0.0,0.0,0.6,0.2,0.0,0.0,0.0,0.8,0.2,11.2,0.2,166.0
PCH Colino I J,55357000,Jucuruçu,Jucuruçu (PCH Colino I J) - 55357000,-17.0822,-40.0772,Sul,"RPGA dos Rios Peruípe, Itanhém e Jucuruçu",4.5,7.25,9.5,0.75,5.5,1.0,1.25,5.25,9.0,6.75,15.5,8.5,5.5,0.0,0.25,0.0,0.5,0.0,0.25,0.0,0.0,5.75,3.75,0.5,0.0,0.0,0.0,2.75,0.0,0.25,0.0,94.25
Eunápolis,FB-CL-01,Eunápolis,Eunápolis - FB-CL-01,-16.290555,-39.579722,Sul,"RPGA dos Rios dos Frades, Buranhém e Santo Antônio",1.5,1.75,2.75,1.75,3.75,1.25,29.75,2.0,7.25,11.0,36.0,1.0,0.0,0.0,0.0,0.5,11.25,0.25,2.25,2.75,0.2,0.25,0.0,0.0,0.0,0.0,0.0,3.75,0.0,2.5,0.0,123.45
Centro,290560201A,Camacan,Camacan (Centro) - 290560201A,-15.422225,-39.494984,Sul,RPGA do Rio Pardo,3.56,0.4,0.2,0.2,1.6,6.13,21.49,7.5,10.48,9.07,8.73,3.57,9.5,0.0,0.79,0.0,9.87,2.78,12.66,5.72,0.0,1.78,2.6,0.0,0.0,0.0,0.0,1.18,0.0,3.35,0.0,123.16
Itabuna,Fazenda Barra,Itabuna,Itabuna - Fazenda Barra,-14.8997,-39.3686,Sul,RPGA do Leste,4.4,0.4,0.4,2.8,0.8,10.2,16.0,12.2,3.0,5.6,5.4,10.8,8.2,2.4,0.8,0.0,8.2,5.4,7.8,5.8,0.0,0.4,4.2,0.0,0.0,0.0,0.0,0.6,0.0,0.4,0.4,116.61
São João do Panelinha,290560202A,Camacan,Camacan (São João do Panelinha) - 290560202A,-15.375278,-39.489984,Sul,RPGA do Rio Pardo,2.01,1.96,1.38,0.2,1.99,4.16,21.14,6.89,19.13,7.92,5.94,6.49,6.33,0.0,1.77,0.0,11.33,2.18,10.68,3.57,0.2,2.38,1.42,0.2,0.0,0.0,0.0,9.26,0.0,0.0,0.79,129.32
Centro,290560203A,Camacan,Camacan (Centro) - 290560203A,-15.416389,-39.493873,Sul,RPGA do Rio Pardo,2.96,0.4,0.0,0.2,1.8,5.15,19.33,6.33,10.1,14.59,6.71,4.2,5.74,0.2,1.38,0.0,9.3,1.97,11.81,6.11,0.2,1.6,2.77,0.0,0.0,0.0,0.0,2.57,0.2,3.15,0.2,118.97
Conquista,291360601A,Ilhéus,Ilhéus (Conquista) - 291360601A,-14.797213,-39.04608,Sul,RPGA do Leste,2.37,0.0,0.0,1.97,6.9,26.62,71.47,9.26,9.53,22.46,14.79,7.1,1.41,14.77,3.74,0.0,10.62,7.08,8.11,5.91,0.4,7.31,1.57,0.0,0.0,0.0,0.0,0.99,1.98,5.93,0.4,242.7
Malhado,291360602A,Ilhéus,Ilhéus (Malhado) - 291360602A,-14.789158,-39.048858,Sul,RPGA do Leste,2.77,0.0,0.0,1.18,7.31,25.44,68.97,10.04,8.48,14.37,10.82,7.29,0.81,11.41,2.96,0.0,16.17,5.72,11.07,0.59,1.18,5.13,1.19,0.0,0.0,0.0,0.0,0.59,0.8,3.55,0.0,217.84
São Caetano,291480202A,Itabuna,Itabuna (São Caetano) - 291480202A,-14.80638,-39.27803,Sul,RPGA do Leste,3.99,0.0,0.2,1.42,2.02,7.91,20.29,10.44,6.9,7.68,5.14,6.92,4.33,3.79,1.62,0.62,8.52,4.74,8.27,5.72,0.2,0.99,2.18,0.2,0.0,0.0,0.0,0.0,0.0,1.99,0.0,116.08
Nova Ferradas,291480203A,Itabuna,Itabuna (Nova Ferradas) - 291480203A,-14.857213,-39.346922,Sul,RPGA do Leste,2.16,0.0,0.0,5.71,1.39,6.9,24.05,3.38,12.82,1.39,8.67,2.76,2.76,3.15,0.6,0.0,7.09,1.99,12.39,4.92,0.0,0.2,4.53,0.0,0.0,0.0,0.0,0.0,0.0,0.59,0.0,107.46
Planalto I,292110401A,Medeiros Neto,Medeiros Neto (Planalto I) - 292110401A,-17.365,-40.223,Sul,"RPGA dos Rios Peruípe, Itanhém e Jucuruçu",11.69,0.98,4.15,1.01,7.51,0.0,0.2,0.2,4.73,0.0,7.71,0.6,0.2,0.0,0.0,0.2,0.6,0.0,0.0,0.0,0.0,0.0,0.2,0.2,0.0,0.0,0.0,2.57,0.0,0.99,0.2,43.95
Centro,292300102A,Nova Viçosa,Nova Viçosa (Centro) - 292300102A,-17.893,-39.372,Sul,"RPGA dos Rios Peruípe, Itanhém e Jucuruçu",8.49,0.0,0.0,0.2,2.76,0.2,0.0,8.49,0.99,0.0,5.92,3.59,5.71,0.0,0.2,0.0,0.0,0.0,0.0,5.12,1.99,4.93,11.47,10.47,0.0,0.0,0.2,1.39,0.0,8.26,5.71,86.09
Posto da Mata,292300103A,Nova Viçosa,Nova Viçosa (Posto da Mata) - 292300103A,-17.896,-39.37,Sul,"RPGA dos Rios Peruípe, Itanhém e Jucuruçu",9.28,1.97,0.79,0.2,3.94,0.2,0.0,7.67,0.6,0.0,6.32,2.17,5.51,0.0,0.0,0.2,0.4,0.0,0.59,6.29,3.16,6.3,11.48,8.07,0.0,0.0,0.2,0.0,0.2,7.47,3.75,86.77
Areião,292530301A,Porto Seguro,Porto Seguro (Areião) - 292530301A,-16.441,-39.076,Sul,"RPGA dos Rios dos Frades, Buranhém e Santo Antônio",0.59,1.38,8.08,5.31,1.58,0.4,48.88,20.51,3.36,11.79,20.53,0.99,0.0,0.0,1.98,0.99,11.91,1.6,3.38,1.4,0.0,0.4,0.2,0.0,0.0,0.0,0.0,1.77,0.0,36.26,0.0,183.29
Paraguai,292530302A,Porto Seguro,Porto Seguro (Paraguai) - 292530302A,-16.41,-39.08,Sul,"RPGA dos Rios dos Frades, Buranhém e Santo Antônio",0.59,0.6,6.89,2.77,1.39,0.4,42.36,14.6,4.35,11.04,22.25,1.18,0.79,0.0,3.74,1.19,11.04,1.39,13.39,1.97,0.0,1.8,0.4,0.2,0.0,0.0,0.0,3.15,0.0,21.5,0.98,169.96
Trancoso,292530303A,Porto Seguro,Porto Seguro (Trancoso) - 292530303A,-16.595,-39.109,Sul,"RPGA dos Rios dos Frades, Buranhém e Santo Antônio",2.2,0.0,7.69,2.37,4.18,0.62,28.25,15.21,1.38,7.9,14.86,3.38,0.2,0.0,3.74,1.38,8.3,0.59,7.32,0.4,0.0,0.39,0.2,0.4,0.2,0.2,0.0,3.97,0.2,29.22,0.2,144.95
BR367km4,292770501A,Santa Cruz Cabrália,Santa Cruz Cabrália (BR367km4) - 292770501A,-16.321,-39.023,Sul,"RPGA dos Rios dos Frades, Buranhém e Santo Antônio",0.0,8.09,3.56,0.4,2.78,0.59,27.34,5.13,6.33,7.68,15.94,5.91,1.21,0.0,3.77,1.79,13.19,0.98,4.73,0.8,0.0,4.35,1.99,0.59,0.0,0.0,0.0,4.53,0.0,23.03,0.0,144.71
Estádio Municipal,291530401A,Itagimirim,Itagimirim (Estádio Municipal) - 291530401A,-16.089181,-39.615546,Sul,RPGA do Rio Jequitinhonha,0.0,0.0,1.58,1.98,2.19,0.2,41.59,2.78,6.12,4.76,23.66,6.52,6.89,0.2,0.0,3.39,16.4,4.16,0.2,1.99,0.2,0.0,0.2,0.0,0.0,0.0,0.0,0.2,2.17,0.4,0.0,127.78
Jusante,54945000,Itapebi,Itapebi (Jusante) - 54945000,-15.949206,-39.5225,Sul,RPGA do Rio Jequitinhonha,0.2,1.2,3.8,0.4,0.6,0.4,33.0,4.4,9.8,5.4,11.8,11.2,7.0,0.0,0.0,0.6,15.2,0.8,1.8,3.6,0.0,0.6,0.2,0.0,0.0,0.0,0.0,2.2,0.8,8.4,1.2,124.6
Morpará,46360000,Morpará,Morpará - 46360000,-11.5583,-43.2825,São Francisco,RPGA dos Rios Paramirim e Santo Onofre,0.0,0.0,0.0,0.0,0.0,0.0,0.0,0.0,0.0,0.0,0.0,0.0,0.0,0.0,0.0,0.0,0.0,0.0,0.0,0.0,0.0,0.0,0.0,0.0,0.0,0.0,0.0,0.0,0.0,0.0,0.0,0.0
Pilão Arcado,A449,Pilão Arcado,Pilão Arcado - A449,-10.003519,-42.474785,São Francisco,RPGA do Lago de Sobradinho,0.0,0.0,0.0,0.0,0.0,0.0,0.0,0.0,0.0,0.0,0.0,0.0,0.0,0.0,0.0,0.0,0.0,0.0,0.0,0.0,0.0,0.0,0.0,0.0,0.0,0.0,0.0,0.0,0.0,0.0,0.0,0.0
Bom Jesus da Lapa,83288,Bom Jesus da Lapa,Bom Jesus da Lapa - 83288,-13.251389,-43.405278,São Francisco,RPGA do Rio Carnaíba de Dentro,0.0,0.0,0.0,0.0,0.0,0.0,0.0,0.0,0.0,0.0,0.0,0.0,0.0,0.0,0.0,0.0,0.0,0.0,0.0,0.0,0.0,0.0,0.0,0.0,0.0,0.0,0.0,0.0,0.0,0.0,0.0,0.0
Santa Rita de Cássia,83076,Santa Rita de Cássia,Santa Rita de Cássia - 83076,-11.016667,-44.516667,São Francisco,RPGA do Rio Grande,0.0,0.0,0.0,0.0,0.0,0.3,0.0,0.0,0.0,0.0,0.0,0.0,0.0,0.0,0.0,0.0,0.0,0.0,0.0,0.0,0.0,0.0,0.0,0.0,0.0,0.0,0.0,0.0,0.0,0.0,0.0,0.3
Guanambí,A426,Guanambí,Guanambí - A426,-14.208123,-42.749647,São Francisco,RPGA do Rio Carnaíba de Dentro,0.0,0.0,0.0,0.0,0.0,0.0,0.0,0.0,0.0,0.0,0.0,0.0,0.0,0.0,0.0,0.0,0.0,0.0,0.0,0.0,0.0,0.0,0.0,0.0,0.0,0.0,0.0,0.0,0.0,0.0,0.0,0.0
Barra,A429,Barra,Barra - A429,-11.084858,-43.138998,São Francisco,RPGA do Rio Grande,0.0,0.0,0.0,0.0,0.0,0.0,0.0,0.0,0.0,0.0,0.0,0.0,0.0,0.0,0.0,0.0,0.0,0.0,0.0,0.0,0.0,0.0,0.0,0.0,0.0,0.0,0.0,0.0,0.0,0.0,0.0,0.0
Ibotirama,A439,Ibotirama,Ibotirama - A439,-12.19306,-43.21342,São Francisco,RPGA dos Rios Paramirim e Santo Onofre,0.0,0.0,0.0,0.0,0.0,0.0,0.0,0.0,0.0,0.0,0.0,0.0,0.0,0.0,0.0,0.0,0.0,0.0,0.0,0.0,0.0,0.0,0.0,0.0,0.0,0.0,0.0,0.0,0.0,0.0,0.0,0.0
Macaúbas,PM-CL-02,Macaúbas,Macaúbas - PM-CL-02,-13.07953,-42.6957,São Francisco,RPGA dos Rios Paramirim e Santo Onofre,0.0,0.0,0.0,0.0,0.0,0.0,0.0,0.0,0.0,0.0,0.0,0.0,0.0,0.0,0.0,0.0,0.0,0.0,0.0,0.0,0.0,0.0,0.0,0.0,0.0,0.0,0.0,0.0,0.0,0.0,0.0,0.0
Faz. Macambira,46675000,Cotegipe,Cotegipe (Faz. Macambira) - 46675000,-11.6106,-44.1567,São Francisco,RPGA do Rio Grande,0.0,0.0,0.0,0.0,0.0,0.2,0.0,0.0,0.0,0.0,0.0,0.0,0.0,0.0,0.0,0.0,0.0,0.0,0.0,0.0,0.0,0.0,0.0,0.0,0.0,0.0,0.0,0.0,0.0,0.0,0.0,0.2
Santa Maria da Vitória,45910001,Santa Maria da Vitória,Santa Maria da Vitória - 45910001,-13.4006,-44.1989,São Francisco,"RPGA do Rio Corrente e Riachos do Ramalho, Serra Dourada e Brejo Velho",0.0,0.0,0.0,0.0,0.0,0.0,0.0,0.0,0.0,0.0,0.0,0.0,0.0,0.0,0.0,0.0,0.0,0.0,0.0,0.0,0.0,0.0,0.0,0.0,0.0,0.0,0.0,0.0,0.0,0.0,0.0,0.0
Caetité,CD-CL-01,Caetité,Caetité - CD-CL-01,-13.96659,-42.60482,São Francisco,RPGA do Rio Carnaíba de Dentro,0.0,0.0,0.0,0.0,0.0,0.0,0.5,0.25,0.0,0.0,0.0,0.0,0.0,0.0,0.0,0.0,0.0,0.0,0.0,0.0,0.0,0.0,0.0,0.0,0.0,0.0,0.0,0.0,0.0,0.0,0.0,0.75
Bom Jesus da Lapa,45480000,Bom Jesus da Lapa,Bom Jesus da Lapa - 45480000,-13.2572,-43.435,São Francisco,"RPGA do Rio Corrente e Riachos do Ramalho, Serra Dourada e Brejo Velho",0.0,0.0,0.0,0.0,0.0,0.0,0.0,0.2,0.0,0.0,0.0,0.0,0.0,0.0,0.0,0.0,0.0,0.0,0.0,0.0,0.0,0.0,0.0,0.0,0.0,0.0,0.0,0.0,0.0,0.0,0.0,0.2
Boqueirão,46902000,Mansidão,Mansidão (Boqueirão) - 46902000,-11.345255,-43.826056,São Francisco,RPGA do Rio Grande,0.0,0.0,0.0,0.0,0.0,0.2,0.0,0.0,0.0,0.0,0.0,0.0,0.0,0.0,0.0,0.0,0.0,0.0,0.0,0.0,0.0,0.0,0.0,0.0,0.0,0.0,0.0,0.0,0.0,0.0,0.0,0.2
Volta da Serra,CD-CL-02,Paratinga,Paratinga (Volta da Serra) - CD-CL-02,-12.57591,-43.12782,São Francisco,RPGA do Rio Carnaíba de Dentro,0.0,0.0,0.0,14.4,0.0,0.4,0.2,0.0,0.0,0.0,0.0,0.0,0.0,0.2,0.0,0.0,0.0,0.0,0.0,0.0,0.0,0.0,0.0,0.0,0.0,0.0,0.0,0.0,0.0,0.0,0.0,15.2
Xique-Xique,PM-CL-05,Xique-Xique,Xique-Xique - PM-CL-05,-10.82519,-42.68914,São Francisco,RPGA dos Rios Paramirim e Santo Onofre,0.0,0.0,0.0,0.0,0.0,0.0,0.0,0.0,0.0,0.0,0.0,0.0,0.0,0.0,0.0,0.0,0.0,0.0,0.0,0.0,0.0,0.0,0.0,0.0,0.0,0.0,0.0,0.0,0.0,0.0,0.0,0.0
Boquira,290410001C,Boquira,Boquira - 290410001C,-12.809794,-42.71825,São Francisco,RPGA dos Rios Paramirim e Santo Onofre,0.0,0.0,0.0,0.0,0.0,0.0,0.0,0.0,0.0,0.0,0.0,0.0,0.0,0.0,0.0,0.0,0.0,0.0,0.0,0.0,0.0,0.0,0.0,0.0,0.0,0.0,0.0,0.0,0.0,0.0,0.0,0.0
Licínio de Almeida,291940501C,Licínio de Almeida,Licínio de Almeida - 291940501C,-14.688861,-42.503,São Francisco,RPGA do Rio de Contas,0.2,0.4,0.0,0.0,0.2,0.0,0.0,0.0,0.0,0.0,0.0,0.0,0.4,0.0,0.0,0.0,0.0,0.0,0.0,0.0,0.0,0.0,0.0,0.0,0.0,0.0,0.0,0.0,0.0,0.0,0.0,1.21
