nome_estacao,codigo,municipio,estacao,latitude,longitude,regiao,rpga,01_12_20,02_12_20,03_12_20,04_12_20,05_12_20,06_12_20,07_12_20,08_12_20,09_12_20,10_12_20,11_12_20,12_12_20,13_12_20,14_12_20,15_12_20,16_12_20,17_12_20,18_12_20,19_12_20,20_12_20,21_12_20,22_12_20,23_12_20,24_12_20,25_12_20,26_12_20,27_12_20,28_12_20,29_12_20,30_12_20,31_12_20,total
Lençóis,83242,Lençóis,Lençóis - 83242,-12.5575,-41.388889,Chapada Diamantina,RPGA do Rio Paraguaçu,0.0,0.8,0.0,0.0,1.5,0.0,0.0,0.0,0.0,0.0,0.0,0.0,0.0,0.0,0.0,0.0,0.0,0.0,2.6,0.5,0.1,0.0,0.0,0.0,0.0,0.0,0.0,0.8,0.0,0.0,0.0,6.3
Piatã,A430,Piatã,Piatã - A430,-13.155681,-41.774125,Chapada Diamantina,RPGA do Rio de Contas,0.0,0.0,0.0,12.2,0.0,0.0,0.0,0.0,0.0,0.0,0.0,0.0,0.0,0.0,0.0,0.0,0.0,0.0,0.0,4.6,0.0,0.0,0.0,0.0,0.0,0.0,0.0,0.0,0.4,0.0,0.0,17.2
Livramento de Nossa Senhora,291950401U,Livramento de Nossa Senhora,Livramento de Nossa Senhora - 291950401U,-13.682872,-41.841236,Chapada Diamantina,RPGA do Rio de Contas,0.0,0.0,0.0,0.0,0.0,0.0,0.0,0.0,0.0,0.2,0.0,0.0,0.0,0.0,0.0,0.0,0.0,0.0,0.0,0.0,0.0,0.0,0.0,0.0,0.0,0.0,0.0,0.0,0.0,0.0,0.0,0.2
Iaçu,51280000,Iaçu,Iaçu - 51280000,-12.7622,-40.2136,Chapada Diamantina,RPGA do Rio Paraguaçu,0.0,0.0,0.0,0.0,0.0,0.2,0.2,0.0,0.0,0.0,0.0,0.0,0.0,0.0,0.0,0.0,0.0,0.2,0.0,0.0,0.0,0.0,0.0,0.0,0.0,0.0,0.0,1.8,0.0,0.0,0.0,2.41
Lençóis,A425,Lençóis,Lençóis - A425,-12.557854,-41.388808,Chapada Diamantina,RPGA do Rio Paraguaçu,0.0,0.8,0.0,0.0,1.4,0.0,0.0,0.0,0.0,0.0,0.0,0.0,0.0,0.2,0.0,0.0,0.0,0.2,2.6,0.6,0.0,0.0,0.0,0.0,0.0,0.0,0.0,1.0,0.0,0.0,0.0,6.81
Lagoa Bonita,PG-PR-15,Iacú,Iacú (Lagoa Bonita) - PG-PR-15,-12.931506,-40.226468,Chapada Diamantina,RPGA do Rio Paraguaçu,0.0,0.0,111.6,0.0,0.0,0.0,0.0,0.0,0.0,0.0,0.0,0.0,0.0,0.0,0.0,0.0,0.2,0.0,0.0,0.0,0.0,0.0,0.0,0.0,0.0,0.0,0.0,0.4,0.0,0.0,0.0,112.2
João Amaro,PG-PR-16,Iaçu,Iaçu (João Amaro) - PG-PR-16,-12.800391,-40.363139,Chapada Diamantina,RPGA do Rio Paraguaçu,0.0,0.0,0.0,0.0,0.0,3.8,0.0,0.0,0.0,0.0,0.0,0.0,0.0,0.0,0.0,0.0,0.0,0.2,0.0,0.0,0.0,0.0,0.0,0.0,0.0,0.0,0.0,1.4,0.0,0.0,0.0,5.4
Guiné,PG-PR-24,Mucugê,Mucugê (Guiné) - PG-PR-24,-12.771772,-41.540679,Chapada Diamantina,RPGA do Rio Paraguaçu,0.0,0.0,0.0,0.0,0.0,0.0,0.0,0.0,0.0,0.0,0.0,0.2,0.0,0.0,0.0,0.0,0.0,0.0,0.0,1.4,0.0,0.0,0.0,0.0,0.0,0.0,0.0,0.0,0.2,0.0,0.0,1.8
Machado Portela,PG-PR-26,Marcionílio Souza,Marcionílio Souza (Machado Portela) - PG-PR-26,-13.153732,-40.768155,Chapada Diamantina,RPGA do Rio Paraguaçu,0.0,26.0,0.0,0.0,0.0,0.0,0.0,0.0,0.0,0.0,0.0,0.0,0.0,0.0,0.0,0.0,0.0,0.0,0.0,0.0,0.0,0.0,0.0,0.0,0.0,0.0,0.0,0.0,0.0,0.0,0.0,26.0
Rio do Pires,PM-CL-04,Rio do Pires,Rio do Pires - PM-CL-04,-13.11695,-42.28411,Chapada Diamantina,RPGA dos Rios Paramirim e Santo Onofre,0.0,0.0,0.0,0.0,0.0,0.0,0.0,0.0,0.0,1.2,0.0,0.0,0.0,0.0,0.0,0.0,0.0,0.0,0.0,0.0,0.4,0.0,0.0,0.0,0.0,0.0,0.0,0.0,0.0,0.0,0.0,1.6
Iaçu,PG-CL-05,Iaçu,Iaçu - PG-CL-05,-12.9114,-40.03177,Chapada Diamantina,RPGA do Rio Paraguaçu,0.0,0.0,0.0,0.0,0.0,1.4,0.0,0.8,0.0,0.0,0.0,0.0,0.0,0.0,1.8,0.0,0.1,1.5,1.8,2.7,0.0,2.7,3.1,0.0,0.0,5.0,0.1,0.4,0.8,0.3,0.1,22.6
Ibiaporã,PG-CL-01,Mundo Novo,Mundo Novo (Ibiaporã) - PG-CL-01,-12.05379,-40.83722,Chapada Diamantina,RPGA do Rio Paraguaçu,0.0,0.2,0.0,1.6,0.1,0.0,1.3,0.2,0.0,0.5,0.6,1.4,0.0,0.0,0.1,0.1,0.0,0.3,0.1,1.5,1.9,0.0,0.0,0.0,0.0,0.7,0.0,0.2,0.9,0.1,0.0,11.8
Marcionílio Souza,PG-CL-03,Marcionílio Souza,Marcionílio Souza - PG-CL-03,-13.00021,-40.537783,Chapada Diamantina,RPGA do Rio Paraguaçu,0.0,0.0,0.0,0.0,0.0,0.0,0.0,0.0,0.0,0.0,0.0,0.0,0.0,0.0,0.0,0.0,0.0,0.0,0.0,0.0,0.0,0.0,0.0,0.0,0.0,0.0,0.0,0.0,0.0,0.0,0.0,0.0
Baixa Grande,PG-PR-08,Baixa Grande,Baixa Grande - PG-PR-08,-11.908701,-40.183683,Chapada Diamantina,RPGA do Rio Paraguaçu,0.0,0.0,0.0,0.0,0.4,0.0,0.0,0.0,0.0,0.0,0.0,0.0,0.0,0.0,0.0,0.0,0.0,0.6,0.0,0.0,0.0,0.0,0.0,0.0,0.0,0.0,0.0,0.0,0.0,0.0,0.0,1.0
Ventura,PG-PR-10,Morro do Chapéu,Morro do Chapéu (Ventura) - PG-PR-10,-11.650911,-40.951765,Chapada Diamantina,RPGA do Rio Paraguaçu,0.2,0.0,0.0,0.0,0.4,0.0,0.0,0.0,0.0,0.0,0.0,0.0,0.0,0.0,0.0,0.0,0.0,0.0,0.0,0.0,0.0,0.0,0.0,0.0,0.0,0.0,0.0,0.0,0.0,0.0,0.0,0.61
Bonito,PG-PR-11,Bonito,Bonito - PG-PR-11,-11.98993,-41.25429,Chapada Diamantina,RPGA do Rio Paraguaçu,0.0,0.0,0.0,0.0,1.4,0.6,0.2,0.0,0.0,0.0,0.2,0.0,0.0,0.0,0.4,0.0,0.0,0.0,0.0,0.0,0.0,0.0,0.0,0.0,0.0,0.0,0.0,0.0,0.0,0.0,0.0,2.81
Piatã,CO-CL-04,Piatã,Piatã - CO-CL-04,-13.164166,-41.770833,Chapada Diamantina,RPGA do Rio de Contas,0.0,0.0,0.0,6.25,0.0,0.0,0.0,0.25,0.0,0.0,0.0,0.0,0.0,0.0,0.0,0.0,0.0,0.0,0.0,7.75,0.0,0.0,0.0,0.0,0.0,0.0,0.0,0.4,0.0,0.0,0.0,14.65
Centro,291900901A,Lajedinho,Lajedinho (Centro) - 291900901A,-12.35585,-40.90228,Chapada Diamantina,RPGA do Rio Paraguaçu,0.0,0.0,0.0,0.0,0.0,0.0,0.0,0.0,0.0,0.0,1.2,0.0,0.0,0.0,0.0,0.0,0.0,0.6,0.0,0.0,0.0,0.0,0.0,0.0,0.0,0.0,0.0,0.2,0.8,0.0,0.0,2.8
PC Ponte Rio Capivari,51326200,Itaberaba,Itaberaba (PC Ponte Rio Capivari) - 51326200,-12.51429,-39.93422,Chapada Diamantina,RPGA do Rio Paraguaçu,0.0,0.0,0.0,0.0,0.0,0.0,0.0,0.0,0.0,0.0,0.0,0.0,0.0,0.0,0.0,1.8,0.0,0.0,0.0,0.0,0.0,0.0,0.0,0.0,0.0,0.0,0.2,0.0,0.0,0.0,0.0,2.0
Fazenda Terra Grapiúna,PG-FR-04,Wagner,Wagner (Fazenda Terra Grapiúna) - PG-FR-04,-12.181482,-41.150663,Chapada Diamantina,RPGA do Rio Paraguaçu,0.0,0.0,0.0,0.0,0.0,0.0,0.0,0.0,0.0,0.0,0.0,0.0,0.0,0.0,0.0,0.0,0.2,0.0,0.0,0.0,0.0,0.0,0.0,0.0,0.0,0.0,0.0,0.0,0.2,0.0,0.0,0.4
Açude Bandeira de Melo Jusante,PG-FR-18,Itaeté,Itaeté (Açude Bandeira de Melo Jusante) - PG-FR-18,-13.04056,-40.777224,Chapada Diamantina,RPGA do Rio Paraguaçu,0.0,0.0,0.0,0.0,0.0,0.0,0.0,0.0,0.0,0.0,0.0,0.0,0.0,0.0,0.0,0.0,0.2,0.0,0.0,0.0,0.0,0.0,0.0,0.0,0.0,0.0,0.0,0.0,0.0,0.0,0.0,0.2
Itaberaba,291470301C,Itaberaba,Itaberaba - 291470301C,-12.457663,-40.201519,Chapada Diamantina,RPGA do Rio Paraguaçu,2.4,0.0,0.0,0.0,0.0,0.0,0.0,0.0,0.0,0.0,0.0,0.0,0.0,0.0,0.0,0.0,1.0,0.8,0.0,0.0,0.0,0.0,0.0,0.0,0.0,0.0,0.0,0.0,0.0,0.0,0.0,4.2
Utinga,293280401C,Utinga,Utinga - 293280401C,-12.0756,-41.102466,Chapada Diamantina,RPGA do Rio Paraguaçu,0.0,0.0,0.0,0.0,0.0,0.0,0.0,0.0,0.0,0.0,0.0,0.0,0.0,0.0,0.0,0.0,0.0,0.0,0.0,0.0,0.0,0.0,0.0,0.0,0.0,0.0,0.0,0.0,0.0,0.0,0.0,0.0
Barro Alto,290323501C,Barro Alto,Barro Alto - 290323501C,-11.811728,-41.901164,Chapada Diamantina,RPGA dos Rios Verde e Jacaré,0.0,0.0,0.0,0.0,0.0,0.0,0.0,0.0,0.0,2.8,0.0,0.0,0.0,0.0,0.0,0.0,0.0,0.0,0.0,0.0,0.0,0.0,0.0,0.0,0.0,0.0,0.0,0.0,0.0,0.0,0.0,2.8
Chorrochó,290770701C,Chorrochó,Chorrochó - 290770701C,-8.98354,-39.11837,Nordeste,RPGA dos Rios Macururé e Curaçá,0.0,0.0,0.0,0.0,0.0,0.0,0.0,0.0,0.0,0.0,0.0,0.0,0.0,0.0,0.0,0.0,0.0,0.0,0.0,0.0,0.0,0.0,0.0,0.0,0.0,0.6,0.0,0.0,0.0,0.0,0.0,0.6
Jacobina,83186,Jacobina,Jacobina - 83186,-11.172778,-40.534167,Nordeste,RPGA do Rio Itapicuru,0.0,0.0,0.0,0.0,0.0,0.0,0.0,0.0,0.0,0.0,0.0,0.0,0.0,0.0,0.0,0.0,0.0,0.0,0.0,0.0,0.0,0.0,0.0,0.0,0.0,5.8,0.0,0.0,0.0,0.0,0.0,5.8
Ladeira Vermelha,291750801A,Jacobina,Jacobina (Ladeira Vermelha) - 291750801A,-11.161707,-40.554213,Nordeste,RPGA do Rio Itapicuru,0.0,0.0,0.0,0.0,0.0,0.0,0.0,0.0,0.0,0.0,0.0,0.0,0.0,0.0,0.0,0.0,0.0,0.0,0.0,0.0,0.0,0.0,0.0,0.0,0.0,6.2,0.0,0.0,0.0,0.0,0.0,6.2
Feliz Tomaz,291750802A,Jacobina,Jacobina (Feliz Tomaz) - 291750802A,-11.174316,-40.517837,Nordeste,RPGA do Rio Itapicuru,0.0,0.0,0.0,0.0,0.2,0.0,0.0,0.0,0.0,0.0,0.0,0.0,0.0,0.0,0.0,0.0,0.0,0.8,0.0,0.0,0.0,0.0,0.0,0.0,0.0,6.8,0.0,0.0,0.0,0.0,0.0,7.8
Conde,A431,Conde,Conde - A431,-12.03622,-37.68322,Nordeste,RPGA do Rio Itapicuru,0.0,0.0,0.0,0.0,0.0,0.0,0.0,0.0,0.0,0.0,0.0,0.0,0.0,0.0,0.0,2.8,15.0,5.6,0.0,0.0,0.0,0.0,0.0,0.0,0.0,4.8,0.0,0.0,0.0,0.0,0.0,28.2
Euclides da Cunha,A442,Euclides da Cunha,Euclides da Cunha - A442,-10.537233,-38.996605,Nordeste,RPGA do Rio Itapicuru,0.0,0.0,0.0,0.0,0.0,0.0,0.0,0.0,0.0,0.0,0.0,0.0,0.0,0.0,0.0,0.2,0.0,0.0,0.0,0.0,0.0,0.0,0.0,0.0,0.0,8.8,0.0,0.2,0.0,0.0,0.0,9.2
Senhor do Bonfim,A428,Senhor do Bonfim,Senhor do Bonfim - A428,-10.443072,-40.148244,Nordeste,RPGA do Rio Itapicuru,0.0,0.0,0.0,0.0,0.0,0.0,0.0,0.0,0.0,0.0,0.0,0.0,0.0,0.0,0.0,0.0,0.0,0.0,0.0,0.0,0.0,0.0,0.0,0.0,0.0,0.0,0.0,0.0,0.0,0.0,0.0,0.0
Pedras Altas,50430000,Capim Grosso,Capim Grosso (Pedras Altas) - 50430000,-11.18288,-40.04725,Nordeste,RPGA do Rio Itapicuru,0.2,0.0,0.0,0.0,0.0,0.0,0.0,0.0,0.0,0.0,0.0,0.0,0.0,0.0,0.0,0.0,0.2,0.0,0.0,0.0,0.0,0.0,0.0,0.0,0.0,7.2,0.0,0.0,0.0,0.0,0.0,7.61
Ponto Novo,50380000,Ponto Novo,Ponto Novo - 50380000,-10.845,-40.1128,Nordeste,RPGA do Rio Itapicuru,0.0,0.0,0.0,0.0,0.0,0.0,0.0,0.0,0.0,0.0,0.0,0.0,0.0,0.0,0.0,0.0,0.0,0.0,0.0,0.0,0.0,0.0,0.0,0.0,0.0,0.0,0.0,3.8,0.2,0.0,0.0,4.0
Capim Grosso,IT-CL-03,Capim Grosso,Capim Grosso - IT-CL-03,-11.36833,-40.03417,Nordeste,RPGA do Rio Itapicuru,0.0,0.0,0.0,0.0,0.0,0.0,0.0,0.0,0.0,0.0,0.0,0.0,0.0,0.0,0.0,0.0,0.0,0.0,0.0,0.0,0.0,0.0,0.0,0.0,0.0,0.0,0.0,0.0,0.0,0.0,0.0,0.0
Aporá,IT-CL-01,Aporá,Aporá - IT-CL-01,-11.67082,-38.17485,Nordeste,RPGA do Rio Itapicuru,0.4,0.0,1.4,2.3,0.0,0.0,0.2,1.8,0.0,2.1,0.0,0.3,0.0,0.4,3.7,0.8,1.8,0.6,1.0,0.1,0.0,0.6,0.0,0.1,3.5,1.4,1.9,0.1,0.6,0.4,0.0,25.51
Pé de Serra,PG-CL-07,Pé de Serra,Pé de Serra - PG-CL-07,-11.83676,-39.65905,Nordeste,RPGA do Rio Paraguaçu,0.0,0.0,0.0,0.6,0.0,0.0,0.0,0.0,0.0,0.0,0.0,0.0,0.0,0.0,0.0,0.0,0.0,0.0,0.0,0.0,0.0,0.0,0.0,0.0,0.0,0.0,0.8,0.0,0.0,0.0,0.0,1.4
Caldas do Jorro,IT-CL-05,Tucano,Tucano (Caldas do Jorro) - IT-CL-05,-11.03477,-38.80386,Nordeste,RPGA do Rio Itapicuru,0.0,0.0,1.2,0.2,0.0,0.0,1.0,0.0,0.0,0.0,0.0,0.0,0.0,0.0,0.0,0.0,0.0,0.0,0.0,0.0,0.0,0.0,0.0,0.0,0.0,0.0,0.0,0.6,0.0,0.0,0.0,3.0
Saúde,IT-CL-04,Saúde,Saúde - IT-CL-04,-10.95669,-40.38329,Nordeste,RPGA do Rio Itapicuru,0.0,0.0,0.0,0.0,0.0,0.0,0.0,0.0,0.0,0.0,0.0,0.0,0.0,0.0,0.0,0.0,0.0,0.0,0.0,0.0,0.0,0.0,0.0,0.0,0.0,0.0,0.0,1.0,0.0,0.0,0.0,1.0
Lajinha,IT-CL-06,Várzea do Poço,Várzea do Poço (Lajinha) - IT-CL-06,-11.4964,-40.34474,Nordeste,RPGA do Rio Itapicuru,0.0,0.0,0.0,0.6,0.0,0.0,0.0,0.0,0.0,0.0,0.2,0.0,0.0,0.0,0.0,0.0,0.4,0.0,0.0,0.0,0.0,0.0,0.0,0.0,0.0,0.0,0.4,0.0,0.0,0.0,0.0,1.6
Itapeipu,IT-PR-34,Jacobina,Jacobina (Itapeipu) - IT-PR-34,-11.315629,-40.356742,Nordeste,RPGA do Rio Itapicuru,0.4,0.0,0.0,0.0,0.0,0.0,0.0,0.0,0.0,0.2,0.0,0.0,0.0,0.0,0.0,0.0,0.4,0.0,0.0,0.0,0.0,0.0,0.0,0.0,0.0,0.4,0.0,0.0,0.0,0.0,0.0,1.4
Carrapichel,IT-PR-37,Senhor do Bonfim,Senhor do Bonfim (Carrapichel) - IT-PR-37,-10.388101,-40.220067,Nordeste,RPGA do Rio Itapicuru,0.0,0.0,0.0,0.0,0.0,0.0,0.0,0.0,0.0,0.0,0.6,35.0,0.0,0.0,0.0,0.0,0.0,0.0,0.0,0.0,0.0,0.0,0.0,0.0,0.0,0.0,0.0,0.0,0.0,0.0,0.0,35.6
Santaluz,IT-PR-17,Santaluz,Santaluz - IT-PR-17,-11.24831,-39.37563,Nordeste,RPGA do Rio Itapicuru,0.0,0.0,0.0,0.0,0.0,0.0,0.0,0.0,0.0,0.0,0.0,0.0,0.0,0.0,0.0,0.0,0.0,0.0,0.0,0.0,0.0,0.0,0.0,0.0,0.0,0.0,0.0,0.6,0.0,0.0,0.0,0.6
Fazenda Boa Vista,IT-PR-18,Uauá,Uauá (Fazenda Boa Vista) - IT-PR-18,-10.05893,-39.706158,Nordeste,RPGA do Rio Itapicuru,0.0,0.0,0.0,0.0,0.0,0.0,0.0,0.0,0.0,0.0,0.0,0.0,0.0,0.0,0.0,0.0,0.0,0.0,0.0,0.0,0.0,0.0,0.0,0.0,0.0,0.0,0.0,0.0,83.1,0.0,0.0,83.1
Cansanção,IT-PR-20,Cansanção,Cansanção - IT-PR-20,-10.702836,-39.543932,Nordeste,RPGA do Rio Itapicuru,0.0,0.0,0.0,0.0,0.0,0.0,0.0,0.0,0.0,0.0,0.0,0.0,0.0,0.0,0.0,0.0,0.0,0.0,0.0,0.0,0.0,0.0,0.0,0.0,0.0,0.0,0.0,0.0,0.0,0.0,0.0,0.0
Ribeira do Amparo,A458,Ribeira do Amparo,Ribeira do Amparo - A458,-11.058722,-38.444028,Nordeste,RPGA do Rio Itapicuru,0.0,0.0,0.0,0.0,0.0,0.0,0.0,0.0,0.0,0.0,0.0,0.0,0.0,0.0,0.0,0.0,0.0,0.0,0.0,0.0,0.0,0.0,0.0,0.0,0.0,0.0,0.0,1.2,0.0,0.0,0.0,1.2
Quijingue,IT-PR-25,Quijingue,Quijingue - IT-PR-25,-10.783951,-39.20809,Nordeste,RPGA do Rio Itapicuru,0.2,210.9,0.2,0.2,0.2,0.0,0.2,0.0,0.0,0.0,0.0,0.0,0.0,0.0,0.0,0.0,0.0,0.0,0.0,0.0,0.0,0.0,0.0,0.0,0.0,0.0,0.0,0.0,0.0,0.0,0.0,211.9
Inhambupe,RN-CL-10,Inhambupe,Inhambupe - RN-CL-10,-11.69267,-38.31361,Nordeste,RPGA do Recôncavo Norte,0.0,0.2,0.0,0.0,1.8,0.0,0.0,0.0,0.2,0.0,0.0,0.2,0.0,0.0,0.2,0.0,0.0,0.4,0.0,0.0,0.2,0.0,0.0,0.0,0.0,0.0,0.0,0.2,0.0,0.0,0.0,3.41
Curral Falso,IT-PR-01,Ribeira do Pombal,Ribeira do Pombal (Curral Falso) - IT-PR-01,-10.697843,-38.5714,Nordeste,RPGA do Rio Itapicuru,0.0,0.0,0.0,0.8,0.0,0.0,0.0,0.0,0.0,0.0,0.0,0.0,0.0,0.0,0.0,0.0,0.0,0.0,0.6,0.0,0.0,0.0,0.0,0.0,0.0,0.0,0.0,0.0,0.0,0.0,0.0,1.4
Ribeira do Pombal,IT-PR-04,Ribeira do Pombal,Ribeira do Pombal - IT-PR-04,-10.823399,-38.545844,Nordeste,RPGA do Rio Itapicuru,0.0,0.0,0.0,0.0,0.0,0.0,0.0,0.0,0.0,0.0,0.0,0.0,0.0,0.0,0.0,0.0,0.0,0.0,0.0,0.0,0.0,0.0,0.0,0.0,0.0,0.0,0.0,0.2,0.0,0.0,0.0,0.2
Crisópolis,IT-PR-08,Crisópolis,Crisópolis - IT-PR-08,-11.510923,-38.120832,Nordeste,RPGA do Rio Itapicuru,0.0,0.0,0.0,0.0,0.0,0.0,0.0,0.0,0.0,0.0,0.0,0.0,0.0,0.0,0.0,0.2,0.0,0.0,0.0,0.0,0.0,0.0,0.0,0.0,0.0,0.0,0.0,5.0,0.6,0.0,0.0,5.8
Estação Experimental,IT-PR-10,Nova Soure,Nova Soure (Estação Experimental) - IT-PR-10,-11.3083,-38.5361,Nordeste,RPGA do Rio Itapicuru,0.0,0.0,0.0,0.0,0.0,0.0,0.0,0.0,0.0,0.0,0.0,0.0,0.0,0.0,0.0,0.0,0.0,0.0,0.0,0.0,0.0,0.0,0.0,0.0,0.0,0.0,0.0,2.2,0.0,0.0,0.0,2.2
Boa Hora,IT-PR-13,Ribeira do Amparo,Ribeira do Amparo (Boa Hora) - IT-PR-13,-10.965,-38.5234,Nordeste,RPGA do Rio Itapicuru,0.0,0.0,0.0,0.0,4.0,0.0,0.0,0.0,0.0,0.0,0.0,0.0,0.0,0.0,0.0,0.0,0.0,0.2,12.0,0.0,0.0,0.0,0.0,0.0,0.0,0.0,0.0,0.4,0.0,0.0,0.0,16.6
Jeremoabo,A450,Jeremoabo,Jeremoabo - A450,-10.0807,-38.3459,Nordeste,RPGA do Rio Vaza-Barris,0.0,0.0,0.0,0.0,0.0,0.0,0.0,0.0,0.0,0.0,0.0,0.0,0.0,0.0,5.2,0.0,0.0,0.0,0.0,0.0,0.0,0.0,0.0,0.0,0.0,7.0,0.2,0.6,0.2,0.0,0.0,13.2
Fazenda Alecrim ,IT-FR-21,Filadélfia,Filadélfia (Fazenda Alecrim ) - IT-FR-21,-10.7522,-40.22444,Nordeste,RPGA do Rio Itapicuru,0.0,0.0,0.0,0.0,0.0,0.0,0.0,0.0,0.0,0.0,0.0,0.0,0.0,0.0,0.0,0.0,0.6,0.0,0.0,0.0,0.0,0.0,0.0,0.0,0.0,0.0,0.0,3.0,0.0,0.0,0.0,3.6
Queimadas,IT-FR-26,Queimadas,Queimadas - IT-FR-26,-10.9733,-39.6328,Nordeste,RPGA do Rio Itapicuru,0.0,0.0,0.0,0.0,0.0,0.0,0.0,0.0,0.0,0.0,0.0,0.0,0.0,0.0,0.0,0.0,0.0,0.0,0.0,0.0,0.0,0.0,0.0,0.0,0.0,0.0,0.0,0.4,0.0,0.0,0.0,0.4
Itaberaba,291840701A,Juazeiro,Juazeiro (Itaberaba) - 291840701A,-9.44837,-40.48517,Norte,RPGA dos Rios Macururé e Curaçá,0.0,0.0,0.0,0.8,0.0,0.0,0.0,0.0,0.0,0.0,0.0,0.0,0.0,0.0,0.0,0.0,0.0,0.0,0.0,0.0,0.0,0.0,0.0,0.0,0.0,0.0,0.0,0.0,0.0,0.0,0.0,0.8
Maria Gorete,291840703A,Juazeiro,Juazeiro (Maria Gorete) - 291840703A,-9.42014,-40.49909,Norte,RPGA dos Rios Macururé e Curaçá,0.0,0.0,0.0,0.2,0.0,0.0,0.0,0.0,0.0,0.0,0.0,0.0,0.0,0.0,0.0,0.0,0.0,0.0,0.0,2.8,0.0,0.0,0.0,0.0,0.0,0.6,0.0,0.0,0.0,0.0,0.0,3.6
João Paulo II,291840704A,Juazeiro,Juazeiro (João Paulo II) - 291840704A,-9.47067,-40.49805,Norte,RPGA dos Rios Macururé e Curaçá,0.0,0.0,0.0,3.6,0.0,0.0,0.0,0.0,0.0,0.0,0.0,0.0,0.0,0.0,0.0,0.0,0.0,0.0,0.0,0.0,0.0,0.0,0.0,0.0,0.0,0.0,0.0,0.0,0.0,0.0,0.0,3.6
Lapão,291915701A,Lapão,Lapão - 291915701A,-11.38,-41.83,Norte,RPGA dos Rios Verde e Jacaré,0.0,0.0,0.0,0.0,0.0,0.0,0.0,0.0,0.0,1.0,0.0,0.0,0.0,0.0,0.0,0.0,0.0,0.0,0.0,0.0,0.0,0.0,0.0,0.0,0.0,0.0,0.0,0.0,0.0,0.0,0.0,1.0
Centro,290115501A,América Dourada,América Dourada (Centro) - 290115501A,-11.45011,-41.434004,Norte,RPGA dos Rios Verde e Jacaré,0.0,0.0,0.0,0.0,0.0,0.0,0.0,0.0,0.0,0.0,0.0,0.0,0.0,0.0,0.0,0.0,0.0,0.0,0.0,0.0,0.0,0.0,0.0,0.0,0.0,0.0,0.0,0.0,0.0,0.0,0.0,0.0
Irecê,A424,Irecê,Irecê - A424,-11.328998,-41.864504,Norte,RPGA dos Rios Verde e Jacaré,0.0,0.0,0.0,0.0,0.0,0.0,0.0,0.0,0.0,0.0,0.0,0.0,0.0,0.0,0.0,0.0,0.0,0.0,0.0,0.0,0.0,0.0,0.0,0.0,0.0,0.0,0.0,0.0,0.0,0.0,0.0,0.0
Várzea Nova,SA-CL-02,Várzea Nova,Várzea Nova - SA-CL-02,-11.23996,-40.935618,Norte,RPGA do Rio Salitre,0.0,0.0,0.0,0.0,0.3,0.1,0.0,0.0,0.0,1.4,0.0,2.5,0.0,0.0,0.0,0.1,0.0,0.2,0.0,1.7,2.0,0.0,0.0,0.0,0.0,0.0,0.0,0.0,0.0,0.0,0.0,8.3
CODEVASF Salitre,MC-CL-01,Juazeiro,Juazeiro (CODEVASF Salitre) - MC-CL-01,-9.48778,-40.61333,Norte,RPGA dos Rios Macururé e Curaçá,0.0,0.0,0.5,4.2,0.0,0.6,15.8,0.0,0.0,0.0,0.0,0.0,0.0,0.0,0.0,0.0,0.0,0.0,0.0,2.0,0.0,0.0,0.0,0.0,0.0,0.0,0.0,0.0,0.0,0.0,0.0,23.1
Campo Formoso,IT-CL-02,Campo Formoso,Campo Formoso - IT-CL-02,-10.47062,-40.33412,Norte,RPGA do Rio Itapicuru,0.0,0.0,0.0,0.0,0.0,0.0,0.0,0.0,0.0,0.0,5.0,0.0,0.0,0.0,0.0,0.0,0.0,0.0,0.0,0.0,0.0,0.0,0.0,0.0,0.0,0.0,0.0,0.0,0.0,0.0,0.0,5.0
Sento Sé,SO-CL-01,Sento Sé,Sento Sé - SO-CL-01,-9.78228,-41.81872,Norte,RPGA do Lago de Sobradinho,0.0,0.0,0.0,0.0,0.0,0.0,0.0,0.0,0.0,0.0,0.0,0.0,0.0,0.0,0.0,0.0,0.0,0.0,0.0,0.0,0.0,0.0,0.0,0.0,0.0,0.0,0.0,0.0,0.0,0.0,0.0,0.0
Itaguaçu da Bahia,VJ-CL-03,Itaguaçu da Bahia,Itaguaçu da Bahia - VJ-CL-03,-10.9549,-42.3465,Norte,RPGA dos Rios Verde e Jacaré,0.0,0.0,0.0,0.0,0.0,0.0,0.0,0.0,0.0,0.6,0.4,0.0,0.0,0.0,0.0,0.0,0.0,0.0,0.0,3.8,0.0,0.0,0.0,0.0,0.0,0.0,0.0,0.0,0.0,0.0,0.0,4.8
Juazeiro,48020000,Juazeiro,Juazeiro - 48020000,-9.4064,-40.5036,Norte,RPGA dos Rios Macururé e Curaçá,0.0,0.0,0.0,0.0,0.0,0.0,0.0,0.0,0.0,0.0,0.0,0.0,0.0,0.0,0.0,0.0,0.0,0.0,0.0,0.4,0.0,0.0,0.0,0.0,0.0,0.0,0.0,0.0,0.0,0.0,0.0,0.4
Ibipeba,VJ-CL-02,Ibipeba,Ibipeba - VJ-CL-02,-11.62667,-42.06444,Norte,RPGA dos Rios Verde e Jacaré,0.0,0.0,0.0,0.0,0.0,0.0,0.0,0.0,0.0,1.8,0.0,0.0,0.0,0.0,0.0,0.0,0.0,0.0,0.0,0.0,0.0,0.0,0.0,0.0,0.0,0.0,0.0,0.0,0.0,0.0,0.0,1.8
Aeródromo,SA-PR-03,Campo Formoso,Campo Formoso (Aeródromo) - SA-PR-03,-10.49,-40.4871,Norte,RPGA do Rio Itapicuru,0.0,0.0,0.0,0.0,0.0,0.0,0.0,0.0,0.0,0.0,1.0,0.0,0.0,0.0,0.0,0.0,0.0,0.0,0.0,0.0,0.0,0.0,0.0,0.0,0.0,0.0,0.0,0.0,0.0,0.0,0.0,1.0
Santa Rosa,SM-PR-01,Jaguarari,Jaguarari (Santa Rosa) - SM-PR-01,-10.098374,-39.869774,Norte,RPGA dos Rios Macururé e Curaçá,0.0,0.0,0.0,0.0,0.0,0.0,0.0,0.0,0.0,0.0,14.6,0.0,0.0,0.0,0.0,0.0,0.0,0.0,0.0,0.0,0.0,0.0,0.0,0.0,0.0,0.0,0.0,0.0,0.0,0.0,0.0,14.6
Jaguarari,IT-PR-28,Jaguarari,Jaguarari - IT-PR-28,-10.269489,-40.200344,Norte,RPGA do Rio Itapicuru,0.0,0.0,0.0,0.0,0.0,0.0,0.0,0.0,0.0,0.0,0.2,0.0,0.0,0.0,0.0,0.0,0.0,0.0,0.0,0.0,0.0,0.0,0.0,0.0,0.0,0.0,0.0,0.6,0.0,0.0,0.0,0.8
Nova Vida Montante,46590000,Barreiras,Barreiras (Nova Vida Montante) - 46590000,-11.867963,-45.084552,Oeste,RPGA do Rio Grande,0.0,0.0,0.0,0.0,0.0,1.4,0.0,0.0,0.0,25.6,0.0,0.0,0.0,0.0,0.0,0.0,0.0,0.0,0.0,0.0,16.8,39.4,7.8,14.0,1.2,1.2,0.0,0.0,0.0,0.0,0.0,107.4
Derocal,46455000,São Desidério,São Desidério (Derocal) - 46455000,-12.412696,-45.121499,Oeste,RPGA do Rio Grande,0.0,0.0,0.0,0.0,1.0,0.4,0.0,0.0,16.0,6.0,13.0,0.0,0.0,0.0,0.0,0.0,0.0,0.0,0.2,0.0,24.4,44.6,13.8,3.4,0.0,0.0,21.8,0.0,0.0,0.0,0.0,144.6
Arrojado,45770000,Correntina,Correntina (Arrojado) - 45770000,-13.4528,-44.5689,Oeste,"RPGA do Rio Corrente e Riachos do Ramalho, Serra Dourada e Brejo Velho",0.0,0.0,0.0,0.0,0.0,4.8,5.8,0.2,69.6,0.6,0.2,4.2,0.0,0.0,0.2,0.0,0.0,0.0,0.0,0.0,0.4,0.2,16.0,0.0,0.0,0.0,1.2,0.0,0.0,0.0,0.0,103.4
Correntina,45590000,Correntina,Correntina - 45590000,-13.3406,-44.6386,Oeste,"RPGA do Rio Corrente e Riachos do Ramalho, Serra Dourada e Brejo Velho",0.0,0.0,0.0,0.0,0.0,7.0,17.6,0.6,38.6,4.4,4.4,2.8,0.0,0.0,0.0,0.0,0.0,0.0,0.0,0.0,0.8,0.0,13.8,0.0,0.0,0.0,0.0,0.0,0.0,0.0,0.0,90.0
Fazenda Redenção,46543000,Barreiras,Barreiras (Fazenda Redenção) - 46543000,-12.1358,-45.1033,Oeste,RPGA do Rio Grande,0.0,0.0,0.0,0.0,0.0,0.0,0.0,0.0,0.0,13.0,8.4,0.0,0.0,0.0,0.0,0.0,0.0,0.0,0.0,21.6,7.4,33.6,11.2,1.6,0.0,1.4,0.0,0.0,0.0,0.0,0.0,98.2
Fazenda Santa Luzia,CA-CL-01,Cocos,Cocos (Fazenda Santa Luzia) - CA-CL-01,-14.85528,-45.93583,Oeste,RPGA do Rio Carinhanha,0.0,0.0,0.0,0.0,0.0,24.8,0.4,1.6,28.8,7.0,4.8,5.2,0.0,0.0,0.0,0.0,0.0,0.0,0.0,7.8,0.2,0.4,1.4,7.0,12.2,0.2,0.0,0.0,0.0,0.0,0.0,101.81
Fazenda Morinaga,CT-CL-01,Correntina,Correntina (Fazenda Morinaga) - CT-CL-01,-13.75194,-45.87028,Oeste,"RPGA do Rio Corrente e Riachos do Ramalho, Serra Dourada e Brejo Velho",0.0,0.0,0.0,8.4,1.2,1.0,2.6,21.6,12.2,6.4,0.8,1.6,0.2,0.0,0.0,0.0,0.0,0.0,0.0,0.0,0.0,2.0,9.0,2.4,21.2,0.0,0.0,0.0,0.0,0.0,0.0,90.61
Fazenda Madras,GR-CL-04,Riachão das Neves,Riachão das Neves (Fazenda Madras) - GR-CL-04,-11.63028,-44.84556,Oeste,RPGA do Rio Grande,0.0,0.0,0.0,0.0,0.0,0.0,0.2,0.0,0.0,23.2,0.0,0.0,0.0,0.0,0.0,0.0,0.0,0.0,0.0,0.0,3.2,0.8,1.2,0.8,0.2,0.0,0.0,0.0,0.0,0.0,0.0,29.6
Fazenda Barcelona,GR-CL-03,Formosa do Rio Preto,Formosa do Rio Preto (Fazenda Barcelona) - GR-CL-03,-11.59139,-46.02194,Oeste,RPGA do Rio Grande,0.0,0.0,0.0,0.0,11.4,0.0,0.0,3.1,36.8,0.0,1.4,0.0,0.0,0.0,0.0,0.0,0.0,0.0,1.0,0.2,0.0,6.8,3.0,40.4,0.0,0.0,0.0,0.0,0.0,0.0,0.0,104.1
PCH Pres. Goulart-J,45600000,Correntina,Correntina (PCH Pres. Goulart-J) - 45600000,-13.3344,-44.6208,Oeste,"RPGA do Rio Corrente e Riachos do Ramalho, Serra Dourada e Brejo Velho",0.0,0.0,0.0,0.0,0.0,8.4,18.0,0.4,58.4,1.4,3.2,4.2,4.4,0.0,0.0,0.0,0.0,0.0,0.0,0.0,0.8,1.4,8.2,0.0,0.0,0.0,0.2,0.0,0.0,0.0,0.0,109.01
PCH Pres. Goulart-M1,45588000,Correntina,Correntina (PCH Pres. Goulart-M1) - 45588000,-13.3408,-44.6414,Oeste,"RPGA do Rio Corrente e Riachos do Ramalho, Serra Dourada e Brejo Velho",0.0,0.0,0.0,0.0,0.0,3.6,13.4,0.6,19.0,1.2,2.0,0.8,0.0,0.0,0.0,0.0,0.0,0.0,0.0,0.0,0.2,0.0,2.6,0.0,0.0,0.0,0.0,0.0,0.0,0.0,0.0,43.41
PCH Sítio Grande-J,46453500,São Desidério,São Desidério (PCH Sítio Grande-J) - 46453500,-12.4286,-45.1528,Oeste,RPGA do Rio Grande,0.0,0.0,0.0,0.0,0.0,1.4,0.0,0.0,15.6,15.4,11.2,0.0,0.0,0.0,0.0,0.0,0.0,0.0,1.6,0.0,26.8,39.2,11.0,24.0,0.0,1.8,21.8,0.0,0.0,0.0,0.0,169.8
COACERAL,GR-CL-02,Formosa do Rio Preto,Formosa do Rio Preto (COACERAL) - GR-CL-02,-10.561944,-45.693333,Oeste,RPGA do Rio Grande,0.0,0.0,0.0,0.0,0.0,0.0,0.0,0.0,31.5,20.75,16.75,0.0,0.0,0.0,0.0,0.0,0.0,4.25,0.25,0.0,4.75,8.75,0.0,11.5,0.0,6.75,1.75,0.0,0.0,0.0,0.0,107.0
J. Zoológico,A401,Salvador,Salvador (J. Zoológico) - A401,-13.005515,-38.50576,Recôncavo,RPGA do Recôncavo Norte,0.2,0.0,0.0,0.8,1.0,0.0,0.0,0.6,0.2,0.0,0.0,0.0,0.0,0.0,0.0,0.0,2.2,1.8,5.0,0.0,0.0,0.0,0.0,0.0,0.0,10.2,3.6,0.0,0.0,2.8,0.0,28.41
Periperi,292740820A,Salvador,Salvador (Periperi) - 292740820A,-12.867344,-38.458111,Recôncavo,RPGA do Recôncavo Norte,0.0,0.0,0.0,2.8,0.0,0.6,0.0,0.2,0.2,0.0,0.0,0.0,0.0,0.0,0.0,0.2,0.6,15.0,0.2,0.6,0.4,0.0,0.0,0.0,0.0,3.8,0.0,0.0,0.0,1.2,1.6,27.41
Mussurunga,292740821A,Salvador,Salvador (Mussurunga) - 292740821A,-12.907733,-38.440111,Recôncavo,RPGA do Recôncavo Norte,0.2,0.0,0.0,1.4,0.2,0.0,0.0,7.0,0.2,0.0,0.0,0.0,0.0,0.0,0.0,3.2,0.2,2.8,0.2,0.0,0.0,0.0,0.0,0.0,0.0,2.4,0.2,0.0,0.0,2.0,0.2,20.2
Itapuã,292740819A,Salvador,Salvador (Itapuã) - 292740819A,-12.947736,-38.370136,Recôncavo,RPGA do Recôncavo Norte,0.2,0.0,0.0,1.0,0.2,0.0,0.0,0.0,0.0,0.0,0.0,0.0,0.0,0.0,0.0,0.0,0.0,0.0,0.2,0.0,0.0,0.0,0.0,0.0,0.0,4.8,0.0,0.0,0.0,3.6,0.0,10.0
Tancredo Neves,292740823A,Salvador,Salvador (Tancredo Neves) - 292740823A,-12.945347,-38.453472,Recôncavo,RPGA do Recôncavo Norte,1.2,0.2,0.0,3.0,0.2,0.0,0.0,0.8,0.0,0.0,0.0,0.0,0.0,0.6,0.0,0.0,2.6,4.8,0.2,5.8,1.0,0.2,0.0,0.0,0.0,9.2,0.6,0.6,0.0,4.0,0.2,35.2
Estação Rádio Marinha,A456,Salvador,Salvador (Estação Rádio Marinha) - A456,-12.808222,-38.495944,Recôncavo,RPGA do Recôncavo Norte,0.0,12.6,0.0,0.6,1.8,0.4,0.0,0.4,2.2,0.0,0.0,0.8,0.0,0.4,1.8,0.0,0.8,3.6,0.0,0.0,0.0,0.0,0.0,0.0,0.0,0.6,6.4,0.0,0.0,0.0,0.0,32.41
Cruz das Almas,83222,Cruz das Almas,Cruz das Almas - 83222,-12.666667,-39.083333,Recôncavo,RPGA do Rio Paraguaçu,0.0,0.0,0.0,0.0,0.0,0.0,0.0,0.0,0.0,0.0,0.0,0.0,0.0,0.0,0.0,0.0,0.0,0.5,0.0,0.0,0.0,0.0,0.0,0.0,0.0,0.0,5.6,0.0,0.0,0.0,0.0,6.1
Cachoeira,290490201A,Cachoeira,Cachoeira - 290490201A,-12.607725,-38.960655,Recôncavo,RPGA do Rio Paraguaçu,0.0,0.0,0.0,0.0,0.0,0.0,0.0,0.0,0.0,0.0,0.0,0.0,0.0,0.0,0.0,0.0,0.0,0.0,0.0,0.0,0.0,0.0,0.0,0.0,0.0,0.2,2.4,0.0,0.0,0.0,0.0,2.6
Centro,291345701A,Igrapiúna,Igrapiúna (Centro) - 291345701A,-13.819025,-39.141885,Recôncavo,RPGA do Recôncavo Sul,0.2,0.4,0.0,4.0,27.8,2.0,0.0,0.0,0.0,0.0,0.0,0.0,0.0,0.0,0.2,0.0,0.0,4.4,0.4,3.0,7.2,10.4,0.0,0.0,0.0,17.8,27.2,8.0,0.2,5.0,0.0,118.2
São Félix,292900801A,São Félix,São Félix - 292900801A,-12.606591,-38.969939,Recôncavo,RPGA do Rio Paraguaçu,0.0,0.0,0.0,0.0,0.0,0.0,0.0,0.0,0.0,0.0,0.0,0.0,0.0,0.0,0.0,0.0,0.0,0.0,0.0,0.0,0.0,0.0,0.0,0.0,0.0,0.2,2.6,0.0,0.0,0.0,0.0,2.81
Góes Calmon,293070901A,Simões Filho,Simões Filho (Góes Calmon) - 293070901A,-12.780101,-38.353331,Recôncavo,RPGA do Recôncavo Norte,0.0,0.0,0.2,15.0,1.8,0.2,0.0,0.0,0.2,0.0,0.0,0.0,0.0,0.0,3.2,0.2,4.0,31.2,0.2,0.0,3.6,0.0,0.0,0.0,0.0,3.6,0.2,0.0,0.0,0.0,0.0,63.61
Centro,293070903A,Simões Filho,Simões Filho (Centro) - 293070903A,-12.788344,-38.396864,Recôncavo,RPGA do Recôncavo Norte,0.0,0.2,0.0,2.4,3.2,0.4,0.0,0.2,0.0,0.0,0.0,0.0,0.0,0.0,0.0,0.0,0.0,19.8,1.6,1.0,0.0,0.0,0.0,0.0,0.0,0.2,0.0,0.0,0.0,0.0,0.0,29.01
Amargosa,A434,Amargosa,Amargosa - A434,-13.009468,-39.616881,Recôncavo,RPGA do Recôncavo Sul,0.0,0.0,0.0,0.0,0.2,0.0,0.0,0.0,0.0,0.0,0.0,0.0,0.0,0.0,0.0,2.6,0.0,0.8,0.0,0.0,0.0,0.0,0.0,0.0,0.0,0.0,1.0,0.0,0.0,0.2,0.2,5.01
Ondina,83229,Salvador,Salvador (Ondina) - 83229,-13.005278,-38.505833,Recôncavo,RPGA do Recôncavo Norte,0.0,0.0,0.0,1.0,1.7,0.0,0.0,1.2,0.0,0.0,0.0,0.0,0.0,0.0,0.2,0.0,2.7,2.1,5.4,0.2,0.0,0.0,0.0,0.0,0.0,6.0,8.6,0.0,0.0,3.1,0.3,32.5
Feira de Santana,PG-PR-13,Feira de Santana,Feira de Santana - PG-PR-13,-12.268161,-38.96642,Recôncavo,RPGA do Rio Paraguaçu,0.0,0.0,0.0,0.0,0.0,0.0,0.0,0.0,0.0,0.0,0.0,0.0,0.0,0.0,0.0,0.0,0.0,0.0,0.0,0.0,0.0,0.0,0.0,0.0,0.0,0.0,8.0,0.0,0.0,0.0,0.0,8.0
Centro,292740802A,Salvador,Salvador (Centro) - 292740802A,-12.97821,-38.515945,Recôncavo,RPGA do Recôncavo Norte,0.0,0.98,0.0,0.2,1.77,0.2,0.0,0.0,0.0,0.0,0.0,0.0,0.0,0.0,0.0,0.0,1.38,1.18,0.0,0.0,0.78,0.0,0.0,0.0,0.0,3.34,2.16,0.0,0.0,0.8,0.0,12.8
São tomé de Paripe,292740806A,Salvador,Salvador (São tomé de Paripe) - 292740806A,-12.795508,-38.489389,Recôncavo,RPGA do Recôncavo Norte,0.0,9.45,0.0,0.4,0.6,0.0,0.0,0.0,0.0,0.0,0.0,0.4,0.0,0.0,1.18,0.0,0.2,0.79,0.4,0.0,0.0,0.0,0.0,0.0,0.0,0.0,13.98,0.0,0.0,0.0,0.0,27.4
Federação,292740803A,Salvador,Salvador (Federação) - 292740803A,-13.000791,-38.511056,Recôncavo,RPGA do Recôncavo Norte,1.18,0.0,0.0,0.8,1.38,0.0,0.0,0.0,0.0,0.0,0.0,0.0,0.0,0.0,0.0,0.59,2.97,2.17,3.35,0.0,0.2,0.0,0.0,0.0,0.0,0.2,11.07,0.0,0.0,2.95,0.0,26.86
Cabula,292740810A,Salvador,Salvador (Cabula) - 292740810A,-12.961347,-38.460778,Recôncavo,RPGA do Recôncavo Norte,1.97,0.0,0.0,13.13,0.2,0.0,0.0,0.4,0.0,0.0,0.0,0.0,0.0,0.0,0.0,0.0,0.0,1.39,0.2,8.87,0.2,0.0,0.0,0.0,0.0,10.04,0.99,0.0,0.0,3.75,1.18,42.32
Santo Estevão,PG-CL-08,Santo Estevão,Santo Estevão - PG-CL-08,-12.43521,-39.21209,Recôncavo,RPGA do Rio Paraguaçu,0.0,0.0,0.0,0.0,0.0,0.0,0.0,0.0,0.0,0.0,0.0,0.0,0.0,0.0,0.0,0.0,0.0,0.0,0.0,0.0,0.0,0.0,0.0,0.0,0.0,0.0,0.0,0.0,0.0,0.0,0.0,0.0
Caminho das Árvores,292740815A,Salvador,Salvador (Caminho das Árvores) - 292740815A,-12.97718,-38.453834,Recôncavo,RPGA do Recôncavo Norte,0.0,0.0,0.0,0.79,0.0,0.0,0.0,0.0,0.0,0.0,0.0,0.0,0.0,0.0,0.0,0.2,1.39,0.0,0.0,0.0,0.0,0.0,0.0,0.0,0.0,0.0,0.0,0.0,0.0,0.0,0.0,2.38
Águas Claras,292740808A,Salvador,Salvador (Águas Claras) - 292740808A,-12.8944,-38.441889,Recôncavo,RPGA do Recôncavo Norte,0.4,0.0,0.0,15.74,0.2,0.2,0.0,0.0,0.0,0.0,0.0,0.0,0.0,0.0,0.0,0.0,0.59,11.02,0.0,0.0,0.0,0.0,0.0,0.0,0.0,6.95,0.2,0.0,0.0,0.0,0.0,35.31
Alto do Peru,292740812A,Salvador,Salvador (Alto do Peru) - 292740812A,-12.939122,-38.486334,Recôncavo,RPGA do Recôncavo Norte,0.0,0.0,0.0,1.19,0.79,0.39,0.0,0.0,0.0,0.0,0.0,0.0,0.0,0.0,0.0,0.0,0.4,5.11,0.59,1.78,2.36,0.0,0.0,0.0,0.0,11.61,1.97,0.0,0.0,3.74,0.0,29.93
CAB,292740811A,Salvador,Salvador (CAB) - 292740811A,-12.943354,-38.421264,Recôncavo,RPGA do Recôncavo Norte,1.97,0.0,0.0,44.12,0.79,0.0,0.0,6.91,0.0,0.0,0.0,0.0,0.0,0.0,0.0,0.0,0.0,0.99,0.39,0.0,0.0,0.0,0.0,0.0,0.0,7.08,0.2,2.78,0.0,2.96,0.0,68.19
Cosme de Farias,292740816A,Salvador,Salvador (Cosme de Farias) - 292740816A,-12.979402,-38.4855,Recôncavo,RPGA do Recôncavo Norte,2.96,0.0,0.0,0.6,0.2,0.0,0.0,0.0,0.0,0.0,0.0,0.0,0.0,0.0,0.0,0.0,3.94,1.98,0.0,0.0,0.59,0.0,0.0,0.0,0.0,6.49,3.54,0.2,0.0,0.98,0.0,21.48
São Caetano,292740814A,Salvador,Salvador (São Caetano) - 292740814A,-12.939678,-38.474667,Recôncavo,RPGA do Recôncavo Norte,0.99,0.0,0.0,5.13,0.4,0.2,0.0,0.0,0.0,0.0,0.0,0.0,0.0,0.0,0.0,0.0,0.99,4.15,0.4,6.57,3.94,0.0,0.0,0.0,0.0,11.61,1.78,0.0,0.0,4.72,0.0,40.88
Pirajá,292740801A,Salvador,Salvador (Pirajá) - 292740801A,-12.8994,-38.458833,Recôncavo,RPGA do Recôncavo Norte,0.0,0.4,0.0,6.11,0.2,0.0,0.0,0.0,0.0,0.0,0.0,0.0,0.0,0.0,0.0,0.0,0.0,1.18,0.0,0.0,0.0,0.0,0.0,0.0,0.0,6.3,0.0,0.0,0.0,0.2,0.0,14.39
Rio Sena,292740805A,Salvador,Salvador (Rio Sena) - 292740805A,-12.891344,-38.470778,Recôncavo,RPGA do Recôncavo Norte,0.0,0.0,0.0,3.73,0.2,0.2,0.0,1.57,0.0,0.0,0.0,0.0,0.0,0.0,0.0,0.0,0.79,16.33,5.12,4.53,0.0,0.0,0.0,0.0,0.0,8.29,0.6,0.79,0.0,0.0,0.0,42.15
Valéria,292740817A,Salvador,Salvador (Valéria) - 292740817A,-12.8644,-38.438276,Recôncavo,RPGA do Recôncavo Norte,0.0,1.18,0.0,3.94,0.4,1.18,0.0,0.79,0.0,0.0,0.0,0.0,0.2,0.0,0.0,0.39,0.0,18.52,0.0,2.76,0.0,0.0,0.0,0.0,0.0,6.68,0.0,0.0,0.0,0.0,0.0,36.04
Monte Serrat,292740804A,Salvador,Salvador (Monte Serrat) - 292740804A,-12.930789,-38.517167,Recôncavo,RPGA do Recôncavo Norte,0.99,3.15,0.0,0.2,0.99,0.0,0.0,0.0,0.0,0.0,0.0,0.0,0.0,0.0,0.0,0.0,0.0,16.99,0.79,0.0,0.0,0.0,0.0,0.0,0.0,5.51,1.58,0.2,0.0,1.97,0.0,32.37
Santa Terezinha,290650105A,Candeias,Candeias (Santa Terezinha) - 290650105A,-12.647172,-38.539112,Recôncavo,RPGA do Recôncavo Norte,0.0,0.0,0.0,0.0,4.52,0.0,0.0,0.0,0.0,0.0,0.59,0.0,0.0,0.0,0.0,0.0,26.46,0.0,3.75,0.0,0.0,0.0,0.0,0.0,0.0,12.41,0.4,0.0,0.79,0.0,0.0,48.92
Centro,290650101A,Candeias,Candeias (Centro) - 290650101A,-12.670229,-38.544112,Recôncavo,RPGA do Recôncavo Norte,0.0,0.59,0.0,0.0,1.39,0.0,0.0,0.0,0.0,0.0,0.2,0.0,0.0,0.0,0.59,0.0,24.45,1.4,3.97,0.0,0.0,0.0,0.0,0.0,0.0,6.9,2.0,0.6,0.0,0.0,0.0,42.09
Malemba,290650102A,Candeias,Candeias (Malemba) - 290650102A,-12.678285,-38.544112,Recôncavo,RPGA do Recôncavo Norte,0.0,0.59,0.0,0.0,1.18,0.0,0.0,0.0,0.0,0.0,0.2,0.0,0.0,0.0,0.0,0.0,37.45,1.2,1.4,0.8,0.2,0.0,0.0,0.0,0.0,2.98,1.6,0.6,0.0,0.0,0.0,48.2
Sarandi,290650104A,Candeias,Candeias (Sarandi) - 290650104A,-12.671341,-38.531056,Recôncavo,RPGA do Recôncavo Norte,0.0,0.39,0.0,0.0,2.17,0.0,0.0,0.0,0.0,0.0,0.0,0.0,0.0,0.0,1.19,0.0,22.44,0.0,2.56,0.0,0.0,0.0,0.0,0.0,0.0,8.68,0.98,0.2,0.79,0.0,0.0,39.4
Areia Branca,291920706A,Lauro de Freitas,Lauro de Freitas (Areia Branca) - 291920706A,-12.841,-38.337,Recôncavo,RPGA do Recôncavo Norte,0.0,0.0,0.0,11.2,0.99,0.0,0.0,2.37,0.2,0.0,0.0,0.0,0.0,0.0,0.0,0.2,0.0,5.91,0.98,0.8,0.59,0.0,0.0,0.0,0.0,2.76,0.0,0.0,0.0,0.0,0.0,26.0
Itinga 02,291920704A,Lauro de Freitas,Lauro de Freitas (Itinga 02) - 291920704A,-12.89,-38.353,Recôncavo,RPGA do Recôncavo Norte,0.0,0.0,0.0,12.2,0.0,0.0,0.0,2.18,0.0,0.0,0.0,0.0,0.0,0.0,0.0,5.92,0.0,2.97,0.0,1.18,0.0,0.0,0.0,0.0,0.0,3.74,0.2,0.0,0.0,0.2,0.0,28.59
Vila Praiana,291920702A,Lauro de Freitas,Lauro de Freitas (Vila Praiana) - 291920702A,-12.901,-38.308,Recôncavo,RPGA do Recôncavo Norte,0.0,0.0,0.0,0.0,0.0,0.0,0.0,0.4,0.2,0.0,0.0,0.0,0.0,0.0,0.59,1.58,0.0,1.78,0.42,2.17,0.0,0.0,0.0,0.0,0.0,1.4,0.0,0.0,0.0,1.97,0.0,10.51
Portão,291920701A,Lauro de Freitas,Lauro de Freitas (Portão) - 291920701A,-12.87,-38.305,Recôncavo,RPGA do Recôncavo Norte,0.0,0.0,0.0,9.85,0.0,0.0,0.0,5.13,0.0,0.0,0.0,0.0,0.0,0.0,0.2,0.2,0.0,3.36,0.8,0.2,0.0,0.0,0.0,0.0,0.0,11.65,0.0,0.0,0.0,0.79,0.79,32.97
Rua 02 de Julho,291920705A,Lauro de Freitas,Lauro de Freitas (Rua 02 de Julho) - 291920705A,-12.839,-38.35,Recôncavo,RPGA do Recôncavo Norte,0.0,0.0,0.4,9.84,0.8,0.0,0.0,1.97,0.0,0.0,0.0,0.0,0.0,0.0,0.4,0.4,0.0,8.48,0.0,0.0,1.18,0.0,0.2,0.0,0.0,2.96,1.0,0.0,0.0,0.0,0.0,27.64
Dois de Julho,291120401A,Gandú,Gandú (Dois de Julho) - 291120401A,-13.741357,-39.48303,Recôncavo,RPGA do Recôncavo Sul,0.0,0.0,0.0,1.8,2.59,2.0,0.0,0.0,0.0,0.0,0.0,0.2,0.0,0.0,0.0,0.0,0.0,0.0,0.2,0.0,5.74,0.0,0.0,0.0,0.0,0.0,12.98,0.0,3.36,0.2,0.2,29.27
Centro,292250801A,Nazaré,Nazaré (Centro) - 292250801A,-13.032,-39.015,Recôncavo,RPGA do Recôncavo Sul,1.21,0.0,0.0,0.0,0.0,0.0,0.0,0.0,0.0,0.0,0.0,0.0,0.0,0.0,0.0,0.99,5.56,0.0,0.0,0.0,0.0,0.0,0.0,0.0,0.0,0.0,2.36,0.0,0.0,2.0,0.0,12.12
Rua São Roque,293290301A,Valença,Valença (Rua São Roque) - 293290301A,-13.363,-39.078,Recôncavo,RPGA do Recôncavo Sul,0.98,1.77,0.0,0.0,0.98,4.72,0.0,0.0,0.0,0.0,0.0,0.0,0.0,0.0,0.2,13.58,3.75,10.62,1.77,0.2,7.08,0.0,0.0,1.77,0.0,0.4,0.4,0.2,0.0,0.0,0.0,48.42
Abaeté,RN-CL-05,Salvador,Salvador (Abaeté) - RN-CL-05,-12.9469,-38.35933,Recôncavo,RPGA do Recôncavo Norte,0.0,0.0,0.0,0.2,0.0,0.0,0.0,0.8,0.2,0.0,0.0,0.0,0.0,0.0,0.0,0.0,0.0,0.2,0.2,0.0,0.4,0.0,0.0,0.0,0.0,5.0,0.0,0.0,0.0,3.4,0.0,10.4
Lauro de Freitas,RN-CL-09,Lauro de Freitas,Lauro de Freitas - RN-CL-09,-12.88712,-38.29659,Recôncavo,RPGA do Recôncavo Norte,0.0,0.0,0.0,0.0,0.0,0.0,0.0,0.2,0.2,0.0,0.0,0.0,0.0,0.0,0.2,3.0,0.0,3.6,0.0,0.8,0.0,0.0,0.0,0.0,0.0,0.8,0.0,0.0,0.0,1.8,0.0,10.61
São Francisco do Conde,RN-CL-07,São Francisco do Conde,São Francisco do Conde - RN-CL-07,-12.61136,-38.68222,Recôncavo,RPGA do Recôncavo Norte,0.0,0.0,0.0,0.0,0.0,0.0,0.0,0.0,5.6,0.0,0.0,0.0,0.0,0.0,0.0,0.0,3.0,0.0,0.2,0.0,0.9,0.0,0.0,0.0,0.0,0.0,5.0,0.0,0.0,0.0,0.0,14.7
CIA,293070902A,Simões Filho,Simões Filho (CIA) - 293070902A,-12.825461,-38.409051,Recôncavo,RPGA do Recôncavo Norte,0.0,0.0,0.0,5.2,2.8,0.2,0.0,0.0,0.0,0.0,0.0,0.0,0.0,0.0,0.6,2.2,0.0,18.2,0.0,1.6,1.4,0.0,0.0,0.0,0.0,0.0,0.0,0.0,0.0,0.0,0.0,32.2
PC Fazenda Jurema,51346050,Rafael Jambeiro,Rafael Jambeiro (PC Fazenda Jurema) - 51346050,-12.4881,-39.6981,Recôncavo,RPGA do Rio Paraguaçu,0.0,0.0,0.0,0.0,0.0,0.0,0.2,0.0,0.0,0.0,0.0,0.0,0.0,0.0,0.0,0.0,0.2,0.0,0.0,0.0,0.0,0.0,0.0,0.0,0.0,0.0,0.0,0.0,0.0,0.0,0.0,0.4
PC Argoim,51351000,Rafael Jambeiro,Rafael Jambeiro (PC Argoim) - 51351000,-12.5867,-39.5217,Recôncavo,RPGA do Rio Paraguaçu,0.0,0.0,0.0,0.0,0.0,0.0,0.0,0.0,0.0,0.0,0.0,0.0,0.0,0.0,0.0,0.0,0.0,0.0,0.0,0.0,0.0,0.0,0.0,0.0,0.0,0.0,0.0,0.0,0.0,0.0,0.0,0.0
PC Rio Paratigi,51370000,Santo Estevão,Santo Estevão (PC Rio Paratigi) - 51370000,-12.51503,-39.38272,Recôncavo,RPGA do Rio Paraguaçu,0.0,0.0,0.0,0.0,0.0,0.0,0.0,0.0,0.0,0.0,0.0,0.0,0.0,0.0,0.0,0.0,0.0,0.4,0.0,0.0,0.0,0.0,0.0,0.0,0.0,0.0,0.0,0.0,0.0,0.0,0.0,0.4
Abaeté,RN-PR-01,Salvador,Salvador (Abaeté) - RN-PR-01,-12.945407,-38.361404,Recôncavo,RPGA do Recôncavo Norte,0.0,0.0,0.0,0.5,0.0,0.0,0.0,0.0,0.0,0.0,0.0,0.0,0.0,0.0,0.0,0.0,0.0,0.9,0.2,0.0,0.0,0.0,0.0,0.0,0.0,5.6,0.0,0.0,0.0,0.0,0.0,7.2
Cândido Sales,53620000,Cândido Sales,Cândido Sales - 53620000,-15.512891,-41.236629,Sudoeste,RPGA do Rio Pardo,0.0,0.0,0.0,0.0,1.6,0.2,0.0,0.0,0.0,0.0,0.0,0.0,0.0,0.0,0.0,0.0,0.0,0.0,0.0,0.0,0.2,0.0,0.0,0.0,0.0,0.0,0.0,0.0,0.0,0.0,0.0,2.0
Itiruçu,A407,Itiruçu,Itiruçu - A407,-13.52629,-40.12055,Sudoeste,RPGA do Recôncavo Sul,0.0,0.0,0.0,0.0,0.0,0.0,0.0,0.0,0.0,0.0,0.0,0.0,0.0,0.0,0.0,0.0,0.0,0.0,0.0,2.4,0.0,0.0,0.0,0.0,0.0,0.0,0.0,0.0,0.0,0.0,0.0,2.4
Vitória da Conquista,A414,Vitória da Conquista,Vitória da Conquista - A414,-14.886428,-40.80133,Sudoeste,RPGA do Rio Pardo,0.0,0.0,0.2,0.0,1.4,0.4,0.0,0.0,0.0,0.0,0.0,0.0,0.2,0.0,0.0,0.0,0.0,0.0,0.0,0.0,0.0,0.0,0.0,0.0,0.0,0.0,0.2,0.0,0.0,0.2,0.0,2.61
Ituaçu,83292,Ituaçu,Ituaçu - 83292,-13.812778,-41.3,Sudoeste,RPGA do Rio de Contas,0.0,0.0,0.0,0.0,0.0,0.0,0.0,0.0,0.0,0.0,0.0,0.0,0.0,0.0,0.0,0.0,0.0,0.0,0.0,0.0,0.0,0.0,0.0,0.0,0.0,0.0,0.0,0.0,0.0,0.0,0.0,0.0
Lagoa,291760701A,Jaguaquara,Jaguaquara (Lagoa) - 291760701A,-13.523228,-39.968685,Sudoeste,RPGA do Recôncavo Sul,0.0,0.0,0.0,0.0,0.0,0.0,0.0,0.0,0.0,0.0,0.0,0.0,0.0,0.0,0.0,0.0,0.0,0.0,2.6,0.0,0.0,0.0,0.0,0.0,0.0,0.0,0.0,0.0,0.0,0.0,0.0,2.6
Entroncamento,291760702A,Jaguaquara,Jaguaquara (Entroncamento) - 291760702A,-13.509869,-40.05461,Sudoeste,RPGA do Recôncavo Sul,0.0,0.0,0.0,0.0,0.0,0.0,0.0,0.0,0.0,0.2,0.0,0.0,0.0,0.0,0.0,0.0,0.0,0.0,0.0,0.0,0.0,0.0,0.0,0.0,0.0,0.0,0.0,0.0,0.0,0.0,0.0,0.2
Brumado,A433,Brumado,Brumado - A433,-14.181886,-41.672281,Sudoeste,RPGA do Rio de Contas,0.0,0.0,0.0,0.0,0.0,0.0,0.0,0.0,0.0,1.6,0.2,0.0,0.0,0.0,0.0,0.0,0.0,0.0,0.0,0.0,0.0,0.0,0.0,0.0,0.0,0.0,0.0,0.0,0.0,0.0,0.0,1.8
Itapetinga,A446,Itapetinga,Itapetinga - A446,-15.24462,-40.22955,Sudoeste,RPGA do Rio Pardo,0.0,0.0,0.0,0.0,0.0,0.2,0.2,0.0,0.0,0.0,0.0,0.0,0.0,0.0,0.0,0.0,0.0,0.0,0.0,0.0,0.0,0.0,0.0,0.0,0.0,0.0,0.0,1.2,0.0,1.0,3.8,6.4
Clerolândia,291640101A,Itapetinga,Itapetinga (Clerolândia) - 291640101A,-15.243,-40.221,Sudoeste,RPGA do Rio Pardo,0.0,0.0,0.0,0.0,0.0,0.2,0.0,0.0,0.0,0.0,0.0,0.0,0.0,0.0,0.0,0.0,0.0,0.0,0.0,0.0,0.0,0.0,0.0,0.0,0.0,0.0,0.0,0.99,0.0,4.13,2.95,8.27
Recreio,293330702A,Vitória da Conquista,Vitória da Conquista (Recreio) - 293330702A,-14.861,-40.841,Sudoeste,RPGA do Rio Pardo,0.0,0.0,0.0,0.0,0.79,0.0,0.0,0.0,0.0,0.0,0.0,0.0,0.0,0.0,0.0,0.0,0.0,0.0,0.0,0.0,0.0,0.0,0.0,0.0,0.0,0.0,0.0,0.0,0.0,0.0,0.0,0.79
Patagônia,293330704A,Vitória da Conquista,Vitória da Conquista (Patagônia) - 293330704A,-14.87,-40.863,Sudoeste,RPGA do Rio Pardo,1.18,0.0,0.0,0.0,2.56,0.0,0.0,0.0,0.0,0.0,0.0,0.0,0.0,0.0,0.0,0.0,0.0,0.0,0.0,5.11,0.0,0.0,0.0,0.0,0.0,0.0,0.0,0.0,0.0,0.0,0.0,8.86
Lomantão,293330703A,Vitória da Conquista,Vitória da Conquista (Lomantão) - 293330703A,-14.87,-40.827,Sudoeste,RPGA do Rio Pardo,0.0,0.0,0.0,0.0,0.4,0.0,0.0,0.0,0.0,0.0,0.0,0.0,0.0,0.0,0.0,0.0,0.0,0.0,0.0,0.2,0.0,0.0,0.0,0.0,0.0,0.0,0.0,0.0,0.0,0.0,0.0,0.61
Jaguaquara,RS-CL-01,Jaguaquara,Jaguaquara - RS-CL-01,-13.573055,-39.940833,Sudoeste,RPGA do Recôncavo Sul,0.0,0.0,0.0,0.0,0.25,0.0,0.0,0.0,0.0,0.0,0.0,0.0,0.0,0.0,0.0,0.0,0.0,0.0,19.25,0.25,0.0,0.0,0.0,0.0,0.0,0.0,6.25,0.5,0.0,0.0,0.0,26.5
Vitória da Conquista,PA-CL-01,Vitória da Conquista,Vitória da Conquista - PA-CL-01,-14.886111,-40.800833,Sudoeste,RPGA do Rio Pardo,0.0,0.0,0.0,0.0,1.25,0.0,0.0,0.0,0.0,0.0,0.0,0.0,0.0,0.0,0.0,0.0,0.0,0.0,0.0,0.0,0.0,0.0,0.0,0.0,0.0,0.0,0.0,0.1,0.0,0.0,0.0,1.35
Itati,LE-CL-03,Itororó,Itororó (Itati) - LE-CL-03,-15.05273,-40.02292,Sudoeste,RPGA do Leste,0.4,0.0,0.0,0.0,0.0,0.6,0.0,0.0,0.0,0.0,0.0,0.0,0.0,0.0,0.0,0.0,0.0,0.0,0.0,0.0,0.0,0.0,0.0,0.0,0.0,0.0,0.4,1.6,5.0,0.0,0.6,8.6
Itambé,291580901C,Itambé,Itambé - 291580901C,-15.22378,-40.629767,Sudoeste,RPGA do Rio Pardo,0.0,0.0,0.0,0.0,0.0,1.2,0.0,0.0,0.0,0.0,0.0,0.0,0.0,0.0,0.0,0.0,0.0,0.0,0.0,0.0,0.0,0.0,0.0,0.0,0.0,0.0,0.0,0.0,0.0,0.0,0.0,1.2
Fz Nanci,53880000,Camacã,Camacã (Fz Nanci) - 53880000,-15.581395,-39.521095,Sul,RPGA do Rio Pardo,0.8,1.8,2.0,0.0,0.0,5.8,0.0,0.0,0.0,0.0,0.0,0.0,0.0,0.0,0.0,0.0,0.6,0.0,0.0,0.0,3.6,1.0,0.0,0.0,0.0,0.0,0.6,0.0,1.8,2.4,0.4,20.8
PCH Cach. da Lixa M,55354000,Jucuruçu,Jucuruçu (PCH Cach. da Lixa M) - 55354000,-17.06703,-40.068619,Sul,"RPGA dos Rios Peruípe, Itanhém e Jucuruçu",0.0,0.0,0.0,6.4,0.4,2.0,0.0,0.0,0.0,0.0,0.2,0.0,0.0,0.0,0.0,0.0,0.0,0.0,0.0,0.0,0.0,0.0,0.0,0.0,0.0,0.0,0.2,0.0,0.0,0.0,0.0,9.2
PCH Colino II M,55355600,Vereda,Vereda (PCH Colino II M) - 55355600,-17.07126,-40.15474,Sul,"RPGA dos Rios Peruípe, Itanhém e Jucuruçu",0.0,0.0,0.0,34.5,0.0,22.5,0.0,0.0,0.0,0.0,1.5,0.0,0.0,0.0,0.0,0.0,0.0,0.0,0.0,0.0,0.0,0.0,0.0,0.0,0.0,0.0,0.0,0.0,0.0,0.0,0.0,58.5
Ilhéus,A410,Ilhéus,Ilhéus - A410,-14.658803,-39.181438,Sul,RPGA do Leste,0.6,0.6,0.2,20.2,15.8,0.8,0.0,0.2,0.0,0.0,0.2,0.0,0.2,0.2,0.2,0.0,2.0,0.4,2.4,16.8,7.6,0.8,0.2,0.2,0.0,2.6,27.6,12.6,4.4,0.2,1.2,118.21
Itajuípe,,Itajuípe,Itajuípe,-14.6744,-39.3769,Sul,RPGA do Leste,0.0,0.0,0.0,4.0,1.8,19.4,0.0,0.0,0.0,0.0,0.0,0.0,0.0,0.0,0.0,0.0,0.0,4.6,10.4,0.0,1.4,3.2,0.0,0.2,0.0,1.2,4.2,3.8,3.4,0.0,0.0,57.6
Barra do Rocha,290310201A,Barra do Rocha,Barra do Rocha - 290310201A,-14.208644,-39.598562,Sul,RPGA do Rio de Contas,0.0,0.0,0.0,0.0,3.2,1.6,0.0,0.0,0.0,0.0,0.0,0.0,0.0,0.0,0.0,0.0,0.0,0.0,0.0,0.0,0.0,0.0,0.0,0.0,0.0,0.0,7.6,7.8,2.0,0.2,0.0,22.4
Guaratinga,83446,Guaratinga,Guaratinga - 83446,-16.58,-39.78,Sul,"RPGA dos Rios dos Frades, Buranhém e Santo Antônio",10.8,0.0,0.0,1.6,4.2,0.7,0.0,0.0,0.0,0.0,0.0,0.0,0.0,0.3,1.3,0.4,0.0,0.0,0.0,0.2,0.0,0.0,0.0,0.0,0.0,0.8,0.6,0.0,0.2,0.8,0.0,21.91
Centro,290580001A,Camamu,Camamu (Centro) - 290580001A,-13.943506,-39.10251,Sul,RPGA do Recôncavo Sul,1.0,3.8,0.0,110.4,4.2,3.2,0.0,0.0,0.0,0.0,0.0,0.0,0.0,0.0,0.2,0.2,0.0,1.6,0.2,0.2,2.6,0.2,0.0,0.2,0.0,29.4,19.8,0.4,0.2,0.6,1.2,179.6
Novo Horizonte,291180801A,Guaratinga,Guaratinga (Novo Horizonte) - 291180801A,-16.582916,-39.780555,Sul,"RPGA dos Rios dos Frades, Buranhém e Santo Antônio",13.0,0.0,0.0,2.2,6.6,2.0,0.0,0.0,0.0,0.0,0.0,0.0,0.0,0.4,3.8,0.0,0.0,0.0,0.0,0.2,0.2,0.0,0.0,0.0,0.0,1.6,0.8,0.4,0.0,0.6,0.0,31.8
Passagem,291490101A,Itacaré,Itacaré (Passagem) - 291490101A,-14.280609,-39.002952,Sul,RPGA do Rio de Contas,3.2,1.2,2.0,5.2,10.2,0.0,0.0,0.0,0.0,0.0,0.0,0.0,0.0,0.0,0.0,0.0,0.0,11.0,7.4,0.0,2.0,0.8,0.0,5.2,0.0,34.2,28.4,4.2,0.0,6.6,0.2,121.81
Centro,291560101A,Itamaraju,Itamaraju (Centro) - 291560101A,-17.027541,-39.534994,Sul,"RPGA dos Rios Peruípe, Itanhém e Jucuruçu",0.0,0.0,0.0,13.0,0.0,0.0,0.0,0.0,0.0,0.0,0.0,0.0,0.0,0.0,0.0,0.0,0.2,0.0,0.0,0.0,0.0,0.0,0.0,0.0,0.0,0.8,0.0,0.0,0.0,0.0,0.0,14.0
Pau Brasil,292390201A,Pau Brasil,Pau Brasil - 292390201A,-15.46122,-39.65225,Sul,RPGA do Rio Pardo,0.2,0.0,0.0,0.0,1.0,2.6,0.0,0.0,0.0,0.0,0.0,0.0,0.0,0.0,0.0,0.8,0.0,1.4,0.0,0.0,14.2,0.0,0.0,0.0,0.0,0.0,9.4,0.6,4.0,0.4,5.6,40.2
Ribeira,292550101A,Prado,Prado (Ribeira) - 292550101A,-17.338255,-39.232281,Sul,"RPGA dos Rios Peruípe, Itanhém e Jucuruçu",0.0,0.0,0.2,0.0,0.0,0.0,0.0,0.0,0.0,0.0,0.0,0.0,0.0,0.2,0.4,0.0,0.2,0.0,0.0,0.0,0.8,0.6,0.0,0.0,0.0,7.4,2.0,1.0,0.0,0.0,0.0,12.8
Centro,292805901A,Santa Luzia,Santa Luzia (Centro) - 292805901A,-15.42976,-39.332759,Sul,RPGA do Leste,0.0,0.2,0.2,0.0,1.0,4.8,0.0,0.0,0.0,0.0,0.0,0.0,0.0,0.0,0.0,0.0,1.4,0.2,0.0,0.0,0.0,0.0,0.0,0.0,0.0,1.4,3.0,1.6,1.2,3.4,2.2,20.6
Maraú,A438,Maraú,Maraú - A438,-13.90694,-38.97222,Sul,RPGA do Recôncavo Sul,0.2,2.6,0.4,8.2,0.4,0.0,0.0,0.0,0.4,0.0,0.2,0.0,0.0,0.0,3.2,9.2,0.0,5.6,0.2,5.2,2.8,4.0,0.4,0.0,0.0,64.4,9.0,5.4,0.0,6.8,0.4,129.01
Mascote,53950000,Mascote,Mascote - 53950000,-15.565561,-39.302756,Sul,RPGA do Rio Pardo,2.4,0.0,0.6,1.2,0.0,16.2,0.0,0.0,0.0,0.0,0.0,0.0,0.0,0.0,0.0,0.0,0.0,3.4,0.4,0.0,16.0,0.0,0.0,0.0,0.0,3.8,9.0,0.2,2.4,0.2,1.4,57.2
PCH Colino I J,55357000,Jucuruçu,Jucuruçu (PCH Colino I J) - 55357000,-17.0822,-40.0772,Sul,"RPGA dos Rios Peruípe, Itanhém e Jucuruçu",1.25,0.0,0.0,5.0,0.0,6.5,0.0,0.0,0.0,0.0,2.0,0.0,0.0,0.0,0.0,0.0,0.0,0.0,0.0,0.0,0.0,0.0,0.0,0.0,0.0,0.0,0.0,0.0,0.0,0.0,0.0,14.75
Eunápolis,FB-CL-01,Eunápolis,Eunápolis - FB-CL-01,-16.290555,-39.579722,Sul,"RPGA dos Rios dos Frades, Buranhém e Santo Antônio",0.0,0.0,0.0,0.0,0.0,1.25,0.0,0.0,0.0,0.0,0.0,0.0,0.0,0.0,0.75,0.25,0.5,0.0,0.0,0.0,0.0,0.0,1.25,0.0,0.0,0.0,1.0,0.4,0.0,0.0,0.5,5.9
Centro,290560201A,Camacan,Camacan (Centro) - 290560201A,-15.422225,-39.494984,Sul,RPGA do Rio Pardo,0.99,0.0,0.0,0.0,0.0,3.75,0.0,0.0,0.0,0.0,0.0,0.0,0.0,0.0,0.0,0.0,0.2,0.0,0.0,5.51,46.82,0.79,0.0,0.0,0.0,0.2,5.36,2.59,5.73,0.6,10.15,82.69
São João do Panelinha,290560202A,Camacan,Camacan (São João do Panelinha) - 290560202A,-15.375278,-39.489984,Sul,RPGA do Rio Pardo,0.0,0.0,0.0,0.0,0.0,6.94,2.17,0.0,0.0,0.0,0.0,0.0,0.0,0.0,0.0,0.0,0.0,0.59,0.0,0.0,32.3,1.18,0.0,0.0,0.0,0.0,10.43,4.12,2.0,0.62,1.99,62.34
Centro,290560203A,Camacan,Camacan (Centro) - 290560203A,-15.416389,-39.493873,Sul,RPGA do Rio Pardo,0.2,0.0,0.0,0.0,0.0,3.95,0.0,0.0,0.0,0.0,0.0,0.0,0.0,0.0,0.0,0.2,0.0,0.2,0.0,0.39,38.08,0.2,0.0,0.0,0.0,0.0,6.11,3.75,4.14,1.39,10.05,68.66
Conquista,291360601A,Ilhéus,Ilhéus (Conquista) - 291360601A,-14.797213,-39.04608,Sul,RPGA do Leste,9.65,0.0,0.0,0.0,3.53,0.0,0.0,0.0,0.0,0.0,0.0,0.0,0.0,0.0,0.2,0.79,2.18,5.72,6.69,0.2,0.0,0.0,0.0,0.0,0.0,3.94,15.63,0.59,0.0,0.0,1.59,50.72
Malhado,291360602A,Ilhéus,Ilhéus (Malhado) - 291360602A,-14.789158,-39.048858,Sul,RPGA do Leste,14.98,0.2,0.0,0.0,2.36,0.0,0.0,0.0,0.2,0.0,0.0,0.0,0.0,0.0,0.0,0.2,0.2,7.28,8.47,0.0,0.0,0.0,0.0,0.0,0.0,3.16,17.19,1.19,0.0,0.0,0.2,55.63
São Caetano,291480202A,Itabuna,Itabuna (São Caetano) - 291480202A,-14.80638,-39.27803,Sul,RPGA do Leste,0.78,0.2,0.0,16.92,4.38,12.63,0.0,0.0,0.0,0.0,0.0,0.0,0.4,0.0,0.0,0.0,0.0,0.4,3.34,0.0,0.0,3.35,0.0,0.0,0.0,0.0,7.15,4.53,0.82,0.2,0.4,55.5
Nova Ferradas,291480203A,Itabuna,Itabuna (Nova Ferradas) - 291480203A,-14.857213,-39.346922,Sul,RPGA do Leste,0.2,0.0,0.2,2.0,14.19,8.88,0.0,0.0,0.0,0.0,0.0,0.0,0.0,0.0,0.0,0.0,0.0,1.18,0.2,0.0,0.0,12.9,0.0,0.0,0.0,0.0,4.36,6.1,1.78,0.0,0.2,52.2
Planalto I,292110401A,Medeiros Neto,Medeiros Neto (Planalto I) - 292110401A,-17.365,-40.223,Sul,"RPGA dos Rios Peruípe, Itanhém e Jucuruçu",0.0,0.0,0.0,14.97,0.0,0.0,0.0,0.0,0.0,0.0,2.17,0.2,0.0,0.0,0.0,0.0,0.0,0.0,0.0,0.0,1.38,0.0,0.0,0.0,0.0,0.0,1.77,0.0,0.0,0.0,0.0,20.49
Centro,292300102A,Nova Viçosa,Nova Viçosa (Centro) - 292300102A,-17.893,-39.372,Sul,"RPGA dos Rios Peruípe, Itanhém e Jucuruçu",12.8,0.0,0.0,0.0,0.2,0.0,0.2,0.0,0.0,0.0,16.72,0.0,0.0,0.0,0.0,0.0,0.0,0.0,0.0,0.0,6.5,0.2,0.0,0.0,0.0,2.79,0.0,0.0,13.2,0.0,3.35,55.96
Posto da Mata,292300103A,Nova Viçosa,Nova Viçosa (Posto da Mata) - 292300103A,-17.896,-39.37,Sul,"RPGA dos Rios Peruípe, Itanhém e Jucuruçu",6.48,0.0,0.0,0.0,0.2,0.0,0.0,0.0,0.0,0.0,12.78,0.0,0.0,0.0,0.0,0.0,0.0,0.0,0.0,0.0,7.67,0.2,0.0,0.0,0.0,2.37,0.0,0.0,7.1,0.0,2.17,38.98
Areião,292530301A,Porto Seguro,Porto Seguro (Areião) - 292530301A,-16.441,-39.076,Sul,"RPGA dos Rios dos Frades, Buranhém e Santo Antônio",0.0,0.8,2.38,3.93,1.19,0.0,0.0,0.0,0.0,0.0,0.0,0.0,0.0,0.0,0.0,0.0,0.0,0.8,0.0,0.98,11.41,0.0,0.0,0.0,0.0,3.35,0.0,0.0,0.0,0.0,4.93,29.78
Paraguai,292530302A,Porto Seguro,Porto Seguro (Paraguai) - 292530302A,-16.41,-39.08,Sul,"RPGA dos Rios dos Frades, Buranhém e Santo Antônio",0.0,1.59,1.18,1.19,0.79,0.0,0.0,0.0,0.0,0.0,0.0,0.0,0.0,0.0,0.0,0.0,0.0,0.4,0.2,3.16,20.13,1.58,0.0,0.0,0.0,2.77,0.2,2.17,0.0,0.0,2.76,38.13
Trancoso,292530303A,Porto Seguro,Porto Seguro (Trancoso) - 292530303A,-16.595,-39.109,Sul,"RPGA dos Rios dos Frades, Buranhém e Santo Antônio",0.0,2.36,0.0,0.0,0.2,0.0,0.0,0.0,0.0,0.0,0.0,0.0,0.0,0.0,0.0,0.0,0.0,0.0,1.18,0.6,18.5,0.0,0.0,0.0,0.0,6.76,0.0,0.2,0.0,1.19,0.6,31.6
BR367km4,292770501A,Santa Cruz Cabrália,Santa Cruz Cabrália (BR367km4) - 292770501A,-16.321,-39.023,Sul,"RPGA dos Rios dos Frades, Buranhém e Santo Antônio",0.0,11.23,3.94,3.95,0.2,0.0,0.0,0.0,0.0,0.0,0.0,0.0,0.0,0.0,0.0,0.0,0.0,0.0,0.0,1.19,3.14,0.0,0.0,0.0,0.0,2.56,0.0,0.0,0.59,0.0,8.47,35.27
Centro,291480201A,Itabuna,Itabuna (Centro) - 291480201A,-14.79,-39.274,Sul,RPGA do Leste,0.0,0.59,0.0,20.46,2.95,3.18,0.0,0.0,0.0,0.0,0.0,0.0,0.0,0.0,0.0,0.0,0.0,0.0,4.93,0.0,0.0,2.57,0.0,0.0,0.0,0.0,6.91,1.79,0.0,0.0,0.0,43.38
Jusante,54945000,Itapebi,Itapebi (Jusante) - 54945000,-15.949206,-39.5225,Sul,RPGA do Rio Jequitinhonha,0.0,2.4,0.0,0.0,1.0,2.8,0.0,0.0,0.0,0.0,0.0,0.0,0.0,0.0,0.2,2.6,5.8,1.8,0.0,0.0,0.0,0.0,0.0,0.0,0.0,0.4,1.4,0.2,0.2,4.6,2.2,25.6
Morpará,46360000,Morpará,Morpará - 46360000,-11.5583,-43.2825,São Francisco,RPGA dos Rios Paramirim e Santo Onofre,0.0,0.0,0.0,0.0,5.2,0.0,0.0,0.0,0.0,0.0,1.4,0.2,0.0,0.0,0.0,0.0,0.0,0.0,0.0,0.8,0.0,0.0,0.0,0.0,0.0,0.0,0.0,0.0,0.0,0.0,0.0,7.6
Bom Jesus da Lapa,83288,Bom Jesus da Lapa,Bom Jesus da Lapa - 83288,-13.251389,-43.405278,São Francisco,RPGA do Rio Carnaíba de Dentro,0.0,0.0,0.0,0.0,0.0,0.0,7.8,0.0,2.7,0.0,0.0,0.0,0.0,0.0,0.0,0.0,0.0,0.0,0.0,0.0,0.0,0.0,0.0,0.0,0.0,0.0,0.0,0.0,0.0,0.0,0.0,10.5
Santa Rita de Cássia,83076,Santa Rita de Cássia,Santa Rita de Cássia - 83076,-11.016667,-44.516667,São Francisco,RPGA do Rio Grande,0.0,0.0,0.0,0.0,0.0,0.0,0.0,0.0,0.0,0.0,42.2,0.0,0.0,0.0,0.0,0.0,0.0,0.4,0.0,0.0,5.9,0.0,0.0,33.4,0.0,0.0,0.0,0.0,0.0,0.0,0.0,81.9
Guanambí,A426,Guanambí,Guanambí - A426,-14.208123,-42.749647,São Francisco,RPGA do Rio Carnaíba de Dentro,0.0,0.0,0.0,0.0,0.0,0.0,0.0,12.4,0.0,0.0,0.0,0.0,0.0,0.0,0.0,0.0,0.0,0.0,0.0,0.0,12.2,0.0,0.0,0.0,0.0,0.0,0.0,0.0,0.0,0.0,0.0,24.6
Macaúbas,PM-CL-02,Macaúbas,Macaúbas - PM-CL-02,-13.07953,-42.6957,São Francisco,RPGA dos Rios Paramirim e Santo Onofre,0.0,0.0,0.0,1.8,0.0,0.0,0.0,0.0,5.0,18.6,0.0,0.0,0.0,0.0,0.0,0.0,0.0,0.0,0.0,10.4,0.0,0.0,0.0,0.0,0.0,0.0,0.0,0.0,0.0,0.0,0.0,35.81
Faz. Macambira,46675000,Cotegipe,Cotegipe (Faz. Macambira) - 46675000,-11.6106,-44.1567,São Francisco,RPGA do Rio Grande,0.0,0.0,0.0,0.0,0.0,0.0,0.0,0.0,0.0,3.2,18.0,0.2,0.0,0.0,0.0,0.0,0.0,0.0,0.2,0.2,1.2,2.6,11.6,0.4,0.0,0.0,0.0,0.0,0.0,0.0,0.0,37.6
Fz.P. Limpo,46870000,Mansidão,Mansidão (Fz.P. Limpo) - 46870000,-11.236845,-43.950633,São Francisco,RPGA do Rio Grande,0.0,0.0,0.0,0.0,0.0,0.0,0.0,0.0,3.2,0.0,9.0,9.2,0.0,0.0,0.0,0.0,0.0,14.0,0.4,0.8,20.0,0.0,0.0,8.8,0.0,0.0,2.2,0.0,0.0,0.0,0.0,67.6
Santa Maria da Vitória,45910001,Santa Maria da Vitória,Santa Maria da Vitória - 45910001,-13.4006,-44.1989,São Francisco,"RPGA do Rio Corrente e Riachos do Ramalho, Serra Dourada e Brejo Velho",0.0,0.0,0.0,0.0,1.6,23.0,67.4,0.0,10.6,1.8,1.8,8.4,0.0,0.0,0.0,0.0,0.0,0.0,0.0,0.0,5.6,2.4,0.0,0.0,0.0,1.0,44.6,0.0,0.0,0.0,0.0,168.2
Caetité,CD-CL-01,Caetité,Caetité - CD-CL-01,-13.96659,-42.60482,São Francisco,RPGA do Rio Carnaíba de Dentro,0.0,0.0,0.0,1.6,1.9,4.8,0.3,4.3,1.3,0.6,1.6,0.0,0.0,0.1,2.1,0.0,0.0,0.0,0.8,6.8,3.8,0.0,0.0,0.0,0.0,3.4,0.1,0.6,0.5,0.0,0.2,34.81
Bom Jesus da Lapa,45480000,Bom Jesus da Lapa,Bom Jesus da Lapa - 45480000,-13.2572,-43.435,São Francisco,"RPGA do Rio Corrente e Riachos do Ramalho, Serra Dourada e Brejo Velho",0.0,0.2,0.0,0.2,0.0,0.0,11.4,0.0,1.2,0.2,0.0,0.0,0.0,0.0,0.0,0.0,0.0,0.0,0.0,4.2,0.2,0.0,0.0,0.0,0.0,0.4,0.0,0.0,0.0,0.0,0.0,18.0
Barra,46998000,Barra,Barra - 46998000,-11.0928,-43.1403,São Francisco,RPGA do Rio Grande,0.0,0.0,0.0,0.0,0.0,0.0,0.0,0.0,0.0,0.0,0.0,0.0,0.0,0.0,0.0,0.0,0.0,0.0,0.0,4.2,0.8,0.0,0.0,0.0,0.0,0.0,0.0,0.0,0.0,0.0,0.0,5.0
Boqueirão,46902000,Mansidão,Mansidão (Boqueirão) - 46902000,-11.345255,-43.826056,São Francisco,RPGA do Rio Grande,0.0,0.0,0.0,0.0,1.4,0.0,0.0,0.0,0.0,0.0,2.2,0.0,0.0,0.0,0.0,0.0,0.0,0.0,0.0,3.4,24.0,4.0,0.0,0.0,14.2,0.0,0.0,0.0,0.0,0.0,0.0,49.2
Volta da Serra,CD-CL-02,Paratinga,Paratinga (Volta da Serra) - CD-CL-02,-12.57591,-43.12782,São Francisco,RPGA do Rio Carnaíba de Dentro,0.0,0.0,0.0,0.0,0.2,3.6,0.0,0.0,2.4,19.2,1.4,2.6,2.2,0.0,0.0,0.0,0.0,0.0,0.0,0.0,0.0,0.2,0.0,0.0,0.0,0.0,0.0,0.2,0.0,0.0,0.0,32.0
Xique-Xique,PM-CL-05,Xique-Xique,Xique-Xique - PM-CL-05,-10.82519,-42.68914,São Francisco,RPGA dos Rios Paramirim e Santo Onofre,0.0,0.0,0.0,0.0,0.0,0.0,0.0,0.0,0.0,0.0,0.0,0.0,0.0,0.0,0.0,0.0,0.0,0.0,0.0,0.0,0.0,0.0,0.0,0.0,0.0,0.0,0.0,0.0,0.0,0.0,0.0,0.0
Boquira,290410001C,Boquira,Boquira - 290410001C,-12.809794,-42.71825,São Francisco,RPGA dos Rios Paramirim e Santo Onofre,0.0,0.0,0.0,0.0,0.0,0.0,0.0,0.0,5.8,4.4,0.0,0.0,0.0,0.0,0.0,0.0,0.0,0.0,0.0,0.0,8.0,0.0,0.0,0.0,0.0,0.0,0.0,0.0,0.0,0.0,0.0,18.2
Fazenda Água Quente,VJ-FR-01,Gentio do Ouro,Gentio do Ouro (Fazenda Água Quente) - VJ-FR-01,-11.550069,-42.337643,São Francisco,RPGA dos Rios Verde e Jacaré,0.0,0.0,0.0,0.0,0.0,0.0,0.0,0.0,0.0,0.0,0.0,0.0,0.0,0.0,0.0,0.0,0.0,0.0,0.0,0.0,0.0,0.0,0.0,0.0,0.0,0.0,0.0,0.0,0.0,0.0,0.0,0.0
