nome_estacao,codigo,municipio,estacao,latitude,longitude,regiao,rpga,01_01_20,02_01_20,03_01_20,04_01_20,05_01_20,06_01_20,07_01_20,08_01_20,09_01_20,10_01_20,11_01_20,12_01_20,13_01_20,14_01_20,15_01_20,16_01_20,17_01_20,18_01_20,19_01_20,20_01_20,21_01_20,22_01_20,23_01_20,24_01_20,25_01_20,26_01_20,27_01_20,28_01_20,29_01_20,30_01_20,31_01_20,total
Itaberaba,A408,Itaberaba,Itaberaba - A408,-12.524,-40.3,Chapada Diamantina,RPGA do Rio Paraguaçu,3.4,0.6,0.0,0.8,11.4,2.4,0.0,0.0,0.0,0.0,0.2,0.0,0.0,0.0,0.0,0.0,0.0,0.0,0.0,0.0,0.0,3.4,0.0,8.6,0.2,7.6,4.2,0.0,0.0,0.0,0.0,42.8
Macajuba,A412,Macajuba,Macajuba - A412,-12.132,-40.354,Chapada Diamantina,RPGA do Rio Paraguaçu,0.4,0.2,3.8,0.0,32.2,0.4,0.0,0.0,0.0,0.0,0.0,0.0,0.0,0.0,0.0,0.0,0.0,0.0,0.0,0.0,0.0,0.2,0.2,0.2,0.0,0.0,0.2,0.0,0.0,0.0,0.0,37.8
Lençóis,83242,Lençóis,Lençóis - 83242,-12.557,-41.389,Chapada Diamantina,RPGA do Rio Paraguaçu,6.0,24.0,29.2,8.7,17.5,3.2,63.0,0.0,0.0,0.0,0.0,0.0,0.0,0.0,0.0,0.0,0.0,0.0,0.0,0.0,0.0,0.0,54.7,9.7,0.7,48.0,1.1,0.3,0.0,0.0,0.0,266.1
Morro do Chapéu,83184,Morro do Chapéu,Morro do Chapéu - 83184,-11.217,-41.217,Chapada Diamantina,RPGA do Rio Salitre,5.2,0.7,12.4,25.0,14.1,0.4,6.0,0.0,0.0,0.0,0.0,0.0,0.0,0.0,0.0,0.0,0.0,0.0,0.0,0.0,0.0,0.0,3.4,21.8,3.3,41.3,45.1,0.0,0.0,0.0,0.0,178.7
Piatã,A430,Piatã,Piatã - A430,-13.156,-41.774,Chapada Diamantina,RPGA do Rio de Contas,0.0,20.4,17.6,3.0,45.6,1.0,20.0,0.0,0.0,0.0,0.0,0.0,0.0,0.0,0.0,0.0,0.0,0.0,0.0,0.0,0.0,8.6,39.6,11.6,2.6,6.8,16.4,5.4,0.2,0.0,0.0,198.8
Livramento de Nossa Senhora,291950401U,Livramento de Nossa Senhora,Livramento de Nossa Senhora - 291950401U,-13.683,-41.841,Chapada Diamantina,RPGA do Rio de Contas,1.0,1.0,30.0,9.8,44.8,0.6,17.0,0.0,0.0,0.0,0.0,0.0,0.0,0.0,0.0,0.0,0.0,0.0,0.0,0.0,0.0,0.0,50.4,6.4,7.2,24.6,3.0,0.2,0.0,0.0,0.0,196.0
Lençóis,A425,Lençóis,Lençóis - A425,-12.558,-41.389,Chapada Diamantina,RPGA do Rio Paraguaçu,6.4,24.6,27.8,8.6,17.0,3.0,61.0,0.6,0.0,0.0,0.0,0.0,0.0,0.0,0.0,0.0,0.0,0.0,0.0,0.0,0.0,3.8,65.4,19.6,1.0,40.2,1.4,0.2,0.0,0.0,0.0,280.6
Itaetê,,Itaetê,Itaetê,-12.992,-40.961,Chapada Diamantina,RPGA do Rio Paraguaçu,0.0,0.0,0.0,0.0,0.0,0.0,0.0,0.2,1.6,0.2,0.0,0.0,0.0,0.0,0.0,0.0,0.0,0.0,0.0,0.0,0.0,0.0,0.0,3.0,0.2,4.2,2.2,0.2,0.0,0.0,0.0,11.8
Lagoa Bonita,PG-PR-15,Iacú,Iacú (Lagoa Bonita) - PG-PR-15,-12.932,-40.226,Chapada Diamantina,RPGA do Rio Paraguaçu,0.2,0.0,3.2,0.2,8.4,0.0,0.2,0.2,0.0,0.0,0.0,0.0,0.0,0.0,0.0,0.0,0.0,0.0,0.0,0.0,0.0,1.0,3.0,7.8,3.2,5.2,18.0,0.0,0.0,0.2,0.0,50.8
João Amaro,PG-PR-16,Iaçu,Iaçu (João Amaro) - PG-PR-16,-12.8,-40.363,Chapada Diamantina,RPGA do Rio Paraguaçu,0.4,0.0,1.0,0.2,25.8,0.2,0.0,0.0,0.0,0.0,0.0,0.0,0.0,0.0,0.0,0.0,0.0,0.0,0.0,0.0,0.0,9.2,1.6,16.4,2.0,9.6,0.8,0.0,0.0,3.8,0.0,71.0
Guiné,PG-PR-24,Mucugê,Mucugê (Guiné) - PG-PR-24,-12.772,-41.541,Chapada Diamantina,RPGA do Rio Paraguaçu,8.4,6.8,24.4,3.2,47.4,0.0,21.6,0.0,0.0,0.0,0.0,0.0,0.0,0.0,0.0,0.0,0.0,0.0,0.0,0.0,0.0,12.8,34.2,19.6,6.0,23.2,11.8,0.0,0.0,0.0,0.0,219.4
Machado Portela,PG-PR-26,Marcionílio Souza,Marcionílio Souza (Machado Portela) - PG-PR-26,-13.154,-40.768,Chapada Diamantina,RPGA do Rio Paraguaçu,0.0,0.0,14.6,1.6,27.0,0.0,0.0,0.0,0.0,0.0,0.0,0.0,0.0,0.0,0.0,0.0,0.0,0.0,0.0,0.0,0.0,2.2,33.0,17.2,21.2,18.8,0.0,0.0,0.0,0.0,0.0,135.6
Fazenda Cachoeira,PM-FD-01,Érico Cardoso,Érico Cardoso (Fazenda Cachoeira) - PM-FD-01,-13.425,-42.162,Chapada Diamantina,RPGA dos Rios Paramirim e Santo Onofre,0.0,2.2,23.0,0.0,36.2,0.4,6.8,0.0,0.0,0.0,0.0,0.0,0.0,0.0,0.0,0.0,0.0,0.0,0.0,0.0,0.0,0.4,17.0,3.0,4.0,22.4,4.0,5.4,5.6,0.0,0.0,130.4
Rio do Pires,PM-CL-04,Rio do Pires,Rio do Pires - PM-CL-04,-13.117,-42.284,Chapada Diamantina,RPGA dos Rios Paramirim e Santo Onofre,0.0,12.6,23.4,0.0,10.8,0.0,6.8,0.0,0.0,0.0,0.0,0.0,0.0,0.0,0.0,0.0,0.0,0.0,0.0,0.0,2.0,2.0,10.6,2.8,9.6,32.6,3.4,11.6,0.0,0.0,0.0,128.2
Iaçu,PG-CL-05,Iaçu,Iaçu - PG-CL-05,-12.911,-40.032,Chapada Diamantina,RPGA do Rio Paraguaçu,2.0,0.8,10.0,0.0,5.2,0.0,0.0,0.0,0.0,0.0,0.0,0.0,0.0,0.0,0.0,0.0,0.0,0.0,0.0,0.4,0.0,0.0,5.0,30.2,6.6,3.6,6.4,0.0,0.0,0.0,0.0,70.2
Mucugê,PG-PR-28,Mucugê,Mucugê - PG-PR-28,-13.077,-41.438,Chapada Diamantina,RPGA do Rio Paraguaçu,0.0,0.0,0.2,0.0,1.8,0.0,0.2,0.0,0.0,0.0,0.0,0.0,0.0,0.0,0.0,0.0,0.0,0.0,0.0,0.0,0.0,0.0,0.0,0.0,0.0,0.0,0.0,0.0,0.0,0.0,0.0,2.2
Seabra,PG-PR-01,Seabra,Seabra - PG-PR-01,-12.428,-41.77,Chapada Diamantina,RPGA do Rio Paraguaçu,7.8,2.6,24.6,2.8,15.0,10.2,37.8,0.0,0.0,0.0,0.0,0.0,0.0,0.0,0.0,0.0,0.0,0.0,0.0,0.0,0.0,36.0,61.2,8.6,4.0,17.6,15.2,7.2,0.0,0.0,0.0,250.6
Baixa Grande,PG-PR-08,Baixa Grande,Baixa Grande - PG-PR-08,-11.909,-40.184,Chapada Diamantina,RPGA do Rio Paraguaçu,0.0,2.6,12.4,0.0,51.0,0.0,0.0,0.0,0.0,0.0,0.0,0.0,0.0,0.0,0.0,0.0,0.0,0.0,0.0,0.0,0.0,8.2,0.0,1.0,0.0,3.6,13.2,0.0,0.0,0.0,0.0,92.0
Ventura,PG-PR-10,Morro do Chapéu,Morro do Chapéu (Ventura) - PG-PR-10,-11.651,-40.952,Chapada Diamantina,RPGA do Rio Paraguaçu,0.8,40.8,1.0,20.2,20.8,0.4,0.0,0.0,1.4,0.0,0.0,0.0,0.0,0.0,0.0,0.0,0.0,0.0,0.0,0.0,0.0,5.2,11.6,9.2,0.0,40.4,43.6,0.4,0.0,0.0,0.0,195.8
Bonito,PG-PR-11,Bonito,Bonito - PG-PR-11,-11.99,-41.254,Chapada Diamantina,RPGA do Rio Paraguaçu,0.0,8.0,21.4,0.2,28.8,0.4,0.4,0.0,0.0,0.0,0.0,0.0,0.0,0.0,0.0,0.0,0.0,0.0,0.0,0.0,0.0,2.0,6.0,20.6,5.4,51.4,6.0,0.0,0.0,0.0,0.0,150.6
Cafarnaum,290530501C,Cafarnaum,Cafarnaum - 290530501C,-11.745,-41.498,Chapada Diamantina,RPGA dos Rios Verde e Jacaré,2.0,0.4,8.4,0.0,12.6,1.0,0.0,0.0,0.0,0.0,0.0,0.0,0.0,0.0,0.0,0.0,0.0,0.0,0.0,0.0,0.0,0.2,30.4,29.8,3.6,16.8,1.4,2.2,0.0,0.0,0.0,108.8
Piatã,CO-CL-04,Piatã,Piatã - CO-CL-04,-13.164,-41.771,Chapada Diamantina,RPGA do Rio de Contas,0.0,32.8,19.2,1.5,40.2,1.5,11.2,0.0,0.0,0.0,0.0,0.0,0.0,0.0,0.0,0.0,0.0,0.0,0.0,0.0,0.0,6.0,45.0,8.2,2.8,4.0,29.5,9.5,0.0,0.0,0.0,211.5
PC Ponte Rio Capivari,51326200,Itaberaba,Itaberaba (PC Ponte Rio Capivari) - 51326200,-12.514,-39.934,Chapada Diamantina,RPGA do Rio Paraguaçu,0.0,0.0,0.0,0.8,8.6,0.0,0.0,0.0,0.0,0.0,0.0,0.0,0.0,0.0,0.0,0.0,0.0,0.0,0.0,0.2,0.2,0.0,0.0,10.8,0.8,0.8,10.4,0.0,0.0,0.0,0.0,32.6
Itaberaba,291470301C,Itaberaba,Itaberaba - 291470301C,-12.458,-40.202,Chapada Diamantina,RPGA do Rio Paraguaçu,0.0,0.0,0.2,0.2,10.4,0.0,0.8,0.0,0.0,0.0,0.0,0.0,0.0,0.0,0.0,0.0,0.0,0.0,0.0,0.0,0.0,2.2,0.6,7.2,0.0,4.0,3.4,0.0,0.0,0.0,0.0,29.0
Utinga,293280401C,Utinga,Utinga - 293280401C,-12.076,-41.102,Chapada Diamantina,RPGA do Rio Paraguaçu,0.0,1.0,5.2,9.0,3.8,0.0,8.6,0.0,0.0,0.0,0.0,0.0,0.0,0.0,0.0,0.0,0.0,0.0,0.0,0.0,0.0,1.2,2.6,6.0,5.4,18.8,0.0,0.0,0.0,0.0,4.0,65.6
Barro Alto,290323501C,Barro Alto,Barro Alto - 290323501C,-11.812,-41.901,Chapada Diamantina,RPGA dos Rios Verde e Jacaré,4.0,0.0,24.2,0.8,23.4,1.4,0.4,0.0,0.0,3.0,0.0,0.0,0.0,0.0,0.0,0.0,0.0,0.0,0.0,0.0,0.0,0.0,22.6,10.4,2.4,9.4,2.8,3.4,0.0,0.0,0.0,108.2
Rodelas,292710101C,Rodelas,Rodelas - 292710101C,-8.852,-38.765,Nordeste,RPGA dos Rios Macururé e Curaçá,2.0,0.8,0.2,0.2,0.2,0.0,0.0,0.0,0.0,0.0,0.0,0.0,0.0,0.0,0.0,0.0,0.0,0.0,0.0,0.0,0.0,0.6,0.0,0.2,0.2,0.0,0.2,0.0,0.0,0.0,0.0,4.6
Cipó,83192,Cipó,Cipó - 83192,-11.083,-38.517,Nordeste,RPGA do Rio Itapicuru,0.0,0.0,0.0,0.0,62.0,2.4,0.0,0.0,0.0,0.0,0.0,0.6,0.0,0.0,0.0,0.0,0.0,0.0,0.0,0.0,0.0,0.0,0.2,39.2,0.0,0.0,18.7,0.0,0.0,0.0,0.0,123.1
Jacobina,83186,Jacobina,Jacobina - 83186,-11.173,-40.534,Nordeste,RPGA do Rio Itapicuru,0.0,10.7,1.7,0.0,2.4,0.3,0.0,0.0,0.0,0.0,0.0,6.8,0.0,0.0,0.0,0.0,0.0,0.0,0.0,0.0,0.0,0.0,1.6,29.7,0.0,0.0,28.4,0.0,0.0,0.0,0.0,81.6
Ladeira Vermelha,291750801A,Jacobina,Jacobina (Ladeira Vermelha) - 291750801A,-11.162,-40.554,Nordeste,RPGA do Rio Itapicuru,1.4,31.4,5.4,0.2,26.4,0.6,0.2,0.0,0.0,0.0,0.0,4.2,0.0,0.0,0.0,0.0,0.0,0.0,0.0,0.0,0.0,0.2,3.6,39.6,0.2,0.0,49.6,0.2,0.0,0.0,0.0,163.2
Feliz Tomaz,291750802A,Jacobina,Jacobina (Feliz Tomaz) - 291750802A,-11.174,-40.518,Nordeste,RPGA do Rio Itapicuru,1.4,10.2,2.4,2.4,8.6,3.0,0.2,0.0,0.0,0.0,0.0,9.4,0.0,0.0,0.0,0.0,0.0,0.0,0.0,0.0,0.0,0.2,2.4,40.0,0.0,0.0,24.2,0.0,0.0,0.0,0.4,104.8
Conde,A431,Conde,Conde - A431,-12.036,-37.683,Nordeste,RPGA do Rio Itapicuru,12.4,44.0,0.2,0.0,0.0,0.0,0.0,0.0,0.0,0.0,0.0,0.0,0.0,0.0,0.0,1.8,2.6,0.0,0.0,1.2,0.2,0.0,7.0,11.2,0.0,0.0,0.0,0.0,0.0,0.6,5.0,86.2
Uauá,A435,Uauá,Uauá - A435,-9.834,-39.496,Nordeste,RPGA do Rio Vaza-Barris,1.4,5.0,0.0,8.4,1.2,0.0,0.0,0.0,0.0,0.0,0.0,0.0,0.0,0.0,0.0,0.0,0.0,0.0,0.0,0.0,0.0,30.0,0.0,4.8,0.0,0.0,44.0,0.0,0.0,0.0,0.0,94.8
Euclides da Cunha,A442,Euclides da Cunha,Euclides da Cunha - A442,-10.537,-38.997,Nordeste,RPGA do Rio Itapicuru,24.4,0.8,2.8,2.2,3.6,0.0,0.0,0.0,0.0,0.0,0.0,0.0,0.0,0.0,0.0,0.0,0.0,0.0,0.0,0.0,0.0,14.8,18.0,6.2,0.2,0.0,27.2,0.0,0.4,0.0,0.4,101.0
Queimadas,A436,Queimadas,Queimadas - A436,-10.985,-39.617,Nordeste,RPGA do Rio Itapicuru,0.0,1.0,1.4,0.2,4.0,0.0,0.0,0.0,0.0,0.0,0.0,2.6,0.0,0.0,0.0,0.0,0.0,0.0,0.0,0.0,0.0,11.4,1.0,6.6,0.0,0.0,11.4,0.0,0.2,0.0,0.0,39.8
Jacobina,A440,Jacobina,Jacobina - A440,-11.205,-40.465,Nordeste,RPGA do Rio Itapicuru,2.2,23.4,0.4,0.4,2.6,9.0,0.4,0.0,0.0,0.0,0.0,7.8,0.0,0.0,0.0,0.0,0.0,0.0,0.0,0.0,0.0,0.8,2.0,22.6,0.0,0.0,10.6,0.0,0.0,0.0,1.4,83.6
Heliópolis,291185701C,Heliópolis,Heliópolis - 291185701C,-10.673,-38.327,Nordeste,RPGA do Rio Real,1.6,0.0,0.0,0.0,0.0,1.0,0.0,0.0,0.0,0.0,0.0,0.0,0.0,0.0,0.0,0.0,0.0,0.0,0.0,0.0,0.0,0.0,0.0,8.2,0.0,0.0,1.0,0.0,9.0,2.4,0.6,23.8
Serrinha,A441,Serrinha,Serrinha - A441,-11.665,-39.023,Nordeste,RPGA do Rio Paraguaçu,0.0,0.2,2.2,0.0,15.2,0.0,0.0,0.0,0.0,0.0,0.2,0.0,3.0,0.0,0.0,0.0,0.0,0.0,0.0,0.0,0.0,1.6,2.6,10.8,0.0,0.0,28.6,0.0,0.0,0.0,0.0,64.4
Senhor do Bonfim,A428,Senhor do Bonfim,Senhor do Bonfim - A428,-10.443,-40.148,Nordeste,RPGA do Rio Itapicuru,0.4,0.0,0.0,0.0,6.0,0.0,0.0,0.0,0.0,0.0,0.0,0.0,0.0,0.0,0.0,0.0,0.0,0.0,0.0,0.0,0.0,46.0,0.2,6.4,0.0,0.0,27.8,0.0,0.0,0.0,0.0,86.8
Pedras Altas,50430000,Capim Grosso,Capim Grosso (Pedras Altas) - 50430000,-11.183,-40.047,Nordeste,RPGA do Rio Itapicuru,0.0,1.8,0.2,0.0,0.8,0.0,0.0,0.0,0.0,0.0,0.0,1.6,0.0,0.0,0.0,0.0,0.0,0.0,0.0,0.0,0.0,9.8,0.0,15.0,0.0,0.0,26.0,0.2,0.0,0.0,0.0,55.4
Ponto Novo,50380000,Ponto Novo,Ponto Novo - 50380000,-10.845,-40.113,Nordeste,RPGA do Rio Itapicuru,0.4,0.8,0.2,6.8,12.2,0.2,0.0,0.0,0.0,0.0,0.0,4.6,0.0,0.0,0.0,0.0,0.0,0.0,0.0,0.0,0.0,16.6,1.6,17.0,0.0,0.0,56.4,0.2,0.0,0.0,0.0,117.0
Pé de Serra,PG-CL-07,Pé de Serra,Pé de Serra - PG-CL-07,-11.837,-39.659,Nordeste,RPGA do Rio Paraguaçu,0.0,0.0,2.4,0.0,51.2,0.0,0.0,0.0,1.4,0.0,0.0,0.0,0.0,0.0,0.0,0.0,0.0,0.0,0.0,0.0,0.0,22.6,8.8,44.4,0.0,0.0,37.0,0.0,0.0,1.2,0.0,169.0
Caldas do Jorro,IT-CL-05,Tucano,Tucano (Caldas do Jorro) - IT-CL-05,-11.035,-38.804,Nordeste,RPGA do Rio Itapicuru,0.0,0.0,0.0,1.2,11.4,0.0,0.0,0.0,0.0,0.0,0.0,0.0,0.0,0.0,0.0,0.0,0.0,0.0,0.0,0.0,0.0,1.0,4.4,5.4,0.0,0.0,25.8,0.0,0.0,0.2,0.0,49.4
Saúde,IT-CL-04,Saúde,Saúde - IT-CL-04,-10.957,-40.383,Nordeste,RPGA do Rio Itapicuru,5.2,1.0,0.0,0.0,23.8,0.2,0.0,0.0,0.0,0.0,0.0,1.2,0.0,0.0,0.0,0.0,0.0,0.0,0.0,0.0,0.0,22.0,3.2,8.2,0.0,0.0,45.4,0.0,0.0,0.0,0.0,110.2
Lajinha,IT-CL-06,Várzea do Poço,Várzea do Poço (Lajinha) - IT-CL-06,-11.496,-40.345,Nordeste,RPGA do Rio Itapicuru,0.0,4.0,1.0,0.0,0.0,0.0,0.0,0.0,0.0,0.0,0.0,0.0,0.0,0.0,0.0,0.0,0.0,0.0,0.0,0.0,0.0,7.4,0.4,15.6,0.0,0.4,25.0,0.0,0.0,0.0,3.2,57.0
Cipó,IT-FR-24,Cipó,Cipó - IT-FR-24,-11.098,-38.513,Nordeste,RPGA do Rio Itapicuru,0.0,0.2,0.0,0.0,49.6,0.8,0.0,0.0,0.0,0.0,0.0,0.4,0.0,0.0,0.0,0.0,0.0,0.0,0.0,0.0,0.0,3.8,1.2,48.2,0.0,0.0,19.8,0.0,0.0,0.0,0.0,124.0
Centro,293010501A,Senhor do Bonfim,Senhor do Bonfim (Centro) - 293010501A,-10.464,-40.19,Nordeste,RPGA do Rio Itapicuru,0.4,0.0,0.0,1.8,0.0,0.0,0.0,0.0,0.0,0.0,0.0,0.0,0.0,0.0,0.0,0.0,0.0,0.0,0.0,0.0,0.0,0.0,0.0,2.2,0.0,0.0,0.0,0.0,0.0,0.0,0.0,4.3
Itapeipu,IT-PR-34,Jacobina,Jacobina (Itapeipu) - IT-PR-34,-11.316,-40.357,Nordeste,RPGA do Rio Itapicuru,0.2,25.0,12.0,0.0,0.0,0.0,0.0,0.0,0.0,0.0,0.0,0.0,0.0,0.0,0.0,0.0,0.0,0.0,0.0,0.0,0.0,4.4,0.8,7.8,0.0,0.2,10.8,0.0,0.0,0.0,6.6,67.8
Caém,IT-PR-35,Caém,Caém - IT-PR-35,-11.093,-40.438,Nordeste,RPGA do Rio Itapicuru,3.2,13.6,0.4,3.4,2.4,0.2,0.0,0.0,0.0,0.0,0.0,5.0,0.0,0.0,0.0,0.0,0.0,0.0,0.0,0.0,0.0,7.2,1.2,24.4,0.0,0.0,1.2,0.0,0.0,0.0,0.0,62.2
Tombador Araújo,IT-PR-36,Jacobina,Jacobina (Tombador Araújo) - IT-PR-36,-11.169,-40.671,Nordeste,RPGA do Rio Itapicuru,2.6,7.0,6.6,0.4,9.8,0.0,0.0,0.0,0.0,0.0,0.0,7.2,0.0,0.0,0.0,0.0,0.0,0.0,0.0,0.0,0.0,1.4,12.8,6.6,0.0,0.0,16.0,0.0,0.0,0.0,0.0,70.4
Carrapichel,IT-PR-37,Senhor do Bonfim,Senhor do Bonfim (Carrapichel) - IT-PR-37,-10.388,-40.22,Nordeste,RPGA do Rio Itapicuru,22.6,1.8,0.6,0.6,0.4,0.0,0.0,0.0,0.0,0.0,0.0,0.0,0.0,0.0,0.0,0.0,0.0,0.0,0.0,0.0,0.0,0.2,0.6,0.4,0.4,0.4,0.4,0.6,0.6,0.4,0.4,30.4
Santaluz,IT-PR-17,Santaluz,Santaluz - IT-PR-17,-11.248,-39.376,Nordeste,RPGA do Rio Itapicuru,0.4,3.4,33.4,29.8,4.6,0.0,0.0,0.0,0.0,0.0,0.0,0.0,0.0,0.0,0.0,0.0,0.0,0.0,0.0,0.0,0.0,65.4,39.2,22.0,0.0,0.0,47.4,0.0,3.4,0.0,0.0,249.0
Fazenda Boa Vista,IT-PR-18,Uauá,Uauá (Fazenda Boa Vista) - IT-PR-18,-10.059,-39.706,Nordeste,RPGA do Rio Itapicuru,2.6,0.8,8.8,0.8,0.0,0.0,0.0,0.0,0.0,0.0,0.0,0.0,0.0,0.0,0.0,0.0,0.0,0.0,0.0,0.0,0.0,9.8,3.0,1.8,0.0,0.0,7.2,0.0,0.0,0.0,0.0,34.8
Ambrósio,IT-PR-19,Cansanção,Cansanção (Ambrósio) - IT-PR-19,-10.986,-39.238,Nordeste,RPGA do Rio Itapicuru,0.0,1.8,1.6,28.8,40.4,0.0,0.0,0.0,0.0,0.0,0.0,0.4,0.0,0.0,0.0,0.0,0.0,0.0,0.0,0.0,0.0,8.0,37.4,26.8,0.0,0.0,28.6,0.0,1.4,0.0,0.6,175.8
Ribeira do Amparo,A458,Ribeira do Amparo,Ribeira do Amparo - A458,-11.059,-38.444,Nordeste,RPGA do Rio Itapicuru,0.0,0.6,0.0,0.0,18.4,0.0,0.0,0.0,0.0,0.0,0.0,0.0,0.0,0.0,0.0,0.0,0.0,0.0,0.0,0.0,0.0,0.0,12.0,7.8,0.0,0.0,21.4,0.0,0.0,0.2,0.0,60.4
Quijingue,IT-PR-25,Quijingue,Quijingue - IT-PR-25,-10.784,-39.208,Nordeste,RPGA do Rio Itapicuru,0.0,0.0,0.0,15.8,2.0,0.0,0.0,0.0,0.0,0.0,0.0,3.8,0.0,0.0,0.0,0.0,0.0,0.0,0.0,0.0,0.0,2.6,2.2,5.6,0.0,0.0,33.0,0.0,0.0,0.0,0.0,65.0
Inhambupe,RN-CL-10,Inhambupe,Inhambupe - RN-CL-10,-11.693,-38.314,Nordeste,RPGA do Recôncavo Norte,1.0,22.6,0.0,0.0,0.0,0.6,0.0,0.0,0.0,0.0,0.0,0.0,0.0,0.0,0.0,0.0,0.0,0.0,0.0,0.0,0.0,5.8,12.4,22.4,0.0,0.0,2.4,0.2,0.0,0.0,0.0,67.4
Curral Falso,IT-PR-01,Ribeira do Pombal,Ribeira do Pombal (Curral Falso) - IT-PR-01,-10.698,-38.571,Nordeste,RPGA do Rio Itapicuru,14.4,0.2,2.4,2.6,10.0,0.0,0.0,0.0,0.0,0.0,0.0,0.0,0.0,0.0,0.0,0.0,0.0,0.0,0.0,0.0,0.0,15.0,7.2,9.6,0.0,0.0,24.8,0.0,0.0,0.0,1.2,87.4
Aribicé,IT-PR-02,Euclides da Cunha,Euclides da Cunha (Aribicé) - IT-PR-02,-10.558,-38.793,Nordeste,RPGA do Rio Itapicuru,0.0,0.0,0.0,3.2,3.2,0.0,0.0,0.0,0.0,0.0,0.0,0.0,0.0,0.0,0.0,0.0,0.0,0.0,0.0,0.2,0.0,16.2,18.4,13.2,0.0,0.0,0.2,0.0,0.0,0.0,0.0,54.6
Ribeira do Pombal,IT-PR-04,Ribeira do Pombal,Ribeira do Pombal - IT-PR-04,-10.823,-38.546,Nordeste,RPGA do Rio Itapicuru,16.0,1.0,0.0,1.4,2.4,0.0,0.0,0.0,0.0,0.0,0.0,0.0,0.0,0.0,0.0,0.0,0.0,0.0,0.0,0.0,0.0,0.2,2.4,14.2,0.0,0.0,27.2,0.0,0.0,1.2,0.0,66.0
BR 116 E. Cunha / Tucano,IT-PR-05,Quijingue,Quijingue (BR 116 E. Cunha / Tucano) - IT-PR-05,-10.71,-38.923,Nordeste,RPGA do Rio Itapicuru,21.8,0.0,0.0,2.6,8.6,0.0,0.0,0.0,0.0,0.0,0.0,0.0,0.0,0.0,0.0,0.0,0.0,0.0,0.0,0.0,0.0,2.0,15.6,35.4,0.0,0.0,69.8,0.0,0.0,0.6,0.0,156.4
Fazenda Santo Antônio,IT-PR-06,Euclides da Cunha,Euclides da Cunha (Fazenda Santo Antônio) - IT-PR-06,-10.405,-39.046,Nordeste,RPGA do Rio Itapicuru,26.6,0.2,0.4,22.0,20.4,0.0,0.0,0.0,0.0,0.0,0.0,0.6,0.0,0.0,0.0,0.0,0.0,0.0,0.0,0.0,0.0,9.4,17.0,2.4,0.0,0.0,14.4,0.0,0.0,0.0,0.2,113.6
Estação Experimental,IT-PR-10,Nova Soure,Nova Soure (Estação Experimental) - IT-PR-10,-11.308,-38.536,Nordeste,RPGA do Rio Itapicuru,0.0,21.4,0.0,0.0,1.2,0.0,0.0,0.0,0.0,0.0,0.0,0.0,0.0,0.0,0.0,0.0,0.0,0.0,0.0,0.0,0.0,0.0,1.8,12.6,0.0,0.0,12.4,0.2,0.0,0.0,0.0,49.6
Boa Hora,IT-PR-13,Ribeira do Amparo,Ribeira do Amparo (Boa Hora) - IT-PR-13,-10.965,-38.523,Nordeste,RPGA do Rio Itapicuru,2.4,0.2,0.2,0.0,1.2,2.8,0.0,0.0,0.0,0.0,0.0,0.0,0.0,0.0,0.0,0.0,0.0,0.0,0.0,0.0,0.0,0.0,3.0,34.2,0.0,0.0,58.6,0.0,0.4,0.0,0.2,103.2
Jeremoabo,A450,Jeremoabo,Jeremoabo - A450,-10.081,-38.346,Nordeste,RPGA do Rio Vaza-Barris,4.4,0.2,0.0,0.0,11.2,0.0,0.0,0.0,0.0,0.0,0.0,0.0,0.0,0.0,0.0,0.0,0.0,0.0,0.0,0.0,0.0,0.8,14.2,11.6,0.0,0.0,31.2,0.2,0.2,0.2,0.0,74.2
Fazenda Pintadas,IT-FR-15,Jacobina,Jacobina (Fazenda Pintadas) - IT-FR-15,-11.189,-40.195,Nordeste,RPGA do Rio Itapicuru,0.0,0.0,0.0,0.0,0.0,0.0,0.0,0.0,0.0,0.0,0.0,0.0,0.0,0.0,0.0,0.0,0.0,0.0,0.0,0.0,0.0,0.0,0.0,0.0,0.0,0.0,19.6,0.0,0.0,0.0,0.0,19.6
Itaberaba,291840701A,Juazeiro,Juazeiro (Itaberaba) - 291840701A,-9.448,-40.485,Norte,RPGA dos Rios Macururé e Curaçá,21.4,0.0,3.2,0.0,2.2,0.0,20.0,0.0,0.0,0.0,0.0,0.2,0.0,0.0,0.0,0.0,0.0,0.0,0.0,0.0,0.0,62.2,17.2,1.8,0.0,0.0,4.0,0.4,0.0,0.0,0.0,132.6
João Paulo II,291840704A,Juazeiro,Juazeiro (João Paulo II) - 291840704A,-9.471,-40.498,Norte,RPGA dos Rios Macururé e Curaçá,27.0,0.0,3.2,0.2,5.2,0.0,20.6,0.0,0.0,0.0,0.0,0.0,0.0,0.0,0.0,0.0,0.0,0.0,0.0,0.0,0.0,60.2,12.2,1.2,0.2,0.0,2.8,1.0,0.0,0.0,0.0,133.8
Lapão,291915701A,Lapão,Lapão - 291915701A,-11.38,-41.83,Norte,RPGA dos Rios Verde e Jacaré,12.2,0.0,37.8,3.0,9.4,0.4,0.0,0.0,0.0,0.0,0.0,0.0,0.0,0.0,0.0,0.0,0.0,0.0,0.0,0.0,0.0,2.4,13.2,18.0,3.4,1.6,13.8,0.0,0.0,0.0,0.0,115.2
Centro,290115501A,América Dourada,América Dourada (Centro) - 290115501A,-11.45,-41.434,Norte,RPGA dos Rios Verde e Jacaré,1.0,0.0,6.8,1.0,21.2,1.4,5.4,0.2,0.0,0.0,0.0,0.0,0.0,0.0,0.0,0.0,0.0,0.0,0.0,0.0,0.0,3.2,10.8,20.4,1.0,0.6,2.2,7.2,0.2,0.0,0.0,82.6
Irecê,83182,Irecê,Irecê - 83182,-11.3,-41.867,Norte,RPGA dos Rios Verde e Jacaré,42.4,0.0,32.3,4.2,25.4,1.4,0.0,0.0,0.0,0.0,0.0,0.0,0.0,0.0,0.0,0.0,0.0,0.0,0.0,0.0,0.0,0.0,10.2,10.8,2.2,13.8,14.1,0.0,0.0,0.0,0.0,156.8
Remanso,82979,Remanso,Remanso - 82979,-9.633,-42.1,Norte,RPGA do Lago de Sobradinho,12.8,3.5,11.8,0.6,15.4,0.1,1.3,0.0,0.0,6.8,0.0,0.0,0.0,0.0,0.0,0.0,0.0,0.0,0.0,0.0,0.0,0.0,6.2,7.8,1.6,0.2,19.0,19.4,0.3,0.0,0.0,106.8
Delfino,A443,Umburanas,Umburanas (Delfino) - A443,-10.455,-41.207,Norte,RPGA do Rio Salitre,4.8,0.4,6.0,3.2,1.2,0.4,0.2,0.2,0.0,0.0,0.0,0.0,0.0,0.0,0.0,0.0,0.0,0.0,0.0,0.0,0.0,9.4,0.2,0.0,0.0,0.0,0.0,0.0,0.0,0.0,0.0,26.0
Remanso,A423,Remanso,Remanso - A423,-9.626,-42.077,Norte,RPGA do Lago de Sobradinho,13.6,3.6,12.4,1.0,15.8,0.2,1.4,0.0,0.0,6.8,0.0,0.0,0.0,0.0,0.0,0.0,0.0,0.0,0.0,0.0,0.0,0.0,6.0,30.0,2.0,0.4,18.0,18.6,0.4,0.0,0.0,130.2
Irecê,A424,Irecê,Irecê - A424,-11.329,-41.865,Norte,RPGA dos Rios Verde e Jacaré,38.4,0.0,32.0,2.4,19.4,0.8,0.0,0.0,0.0,0.0,0.0,0.0,0.0,0.0,0.0,0.0,0.0,0.0,0.0,0.0,0.0,4.4,12.4,13.0,2.6,17.4,12.0,0.0,0.0,0.0,0.0,154.8
Várzea Nova,SA-CL-02,Várzea Nova,Várzea Nova - SA-CL-02,-11.24,-40.936,Norte,RPGA do Rio Salitre,5.0,8.6,2.6,8.0,38.2,0.2,0.6,0.0,0.0,0.0,0.0,0.0,0.0,0.0,0.0,0.0,0.0,0.0,0.0,0.0,0.0,3.2,23.8,7.2,0.0,8.2,48.6,0.0,0.0,0.0,0.0,154.2
CODEVASF Salitre,MC-CL-01,Juazeiro,Juazeiro (CODEVASF Salitre) - MC-CL-01,-9.488,-40.613,Norte,RPGA dos Rios Macururé e Curaçá,17.8,0.8,5.4,0.0,2.2,0.0,35.2,0.0,0.0,0.0,0.0,0.0,0.0,0.0,0.0,0.0,0.0,0.0,0.0,0.0,0.0,30.6,14.0,1.6,0.0,0.0,1.0,3.2,0.0,0.0,0.0,111.8
Campo Formoso,IT-CL-02,Campo Formoso,Campo Formoso - IT-CL-02,-10.471,-40.334,Norte,RPGA do Rio Itapicuru,0.4,2.4,0.8,14.8,1.0,0.0,0.0,0.0,0.0,0.0,0.0,0.0,0.0,0.0,0.0,0.0,0.0,0.0,0.0,0.0,0.0,8.6,0.6,10.8,0.0,0.0,51.0,0.0,0.0,0.0,0.0,90.4
Sento Sé,SO-CL-01,Sento Sé,Sento Sé - SO-CL-01,-9.782,-41.819,Norte,RPGA do Lago de Sobradinho,31.0,3.2,13.0,0.0,13.8,0.0,2.6,0.0,0.4,22.4,0.0,0.0,0.0,0.0,0.0,0.0,0.0,0.0,0.0,0.0,0.0,0.8,32.2,49.6,1.6,8.6,17.4,0.0,0.0,0.0,0.0,196.6
Itaguaçu da Bahia,VJ-CL-03,Itaguaçu da Bahia,Itaguaçu da Bahia - VJ-CL-03,-10.955,-42.346,Norte,RPGA dos Rios Verde e Jacaré,24.2,0.2,67.2,0.0,11.8,0.4,0.2,2.8,7.2,3.2,0.0,0.0,0.0,0.0,0.0,0.0,0.0,0.0,0.0,0.0,7.6,11.2,12.8,20.2,3.6,0.0,3.6,0.0,0.0,0.0,0.0,176.2
Ibipeba,VJ-CL-02,Ibipeba,Ibipeba - VJ-CL-02,-11.627,-42.064,Norte,RPGA dos Rios Verde e Jacaré,7.0,2.8,63.4,0.4,35.8,0.8,42.0,0.0,0.6,5.8,0.0,0.0,0.0,0.0,0.0,0.0,0.0,0.0,0.0,0.0,1.2,0.0,31.2,14.0,1.4,10.8,21.2,5.6,0.2,0.0,0.0,244.2
Aeródromo,SA-PR-03,Campo Formoso,Campo Formoso (Aeródromo) - SA-PR-03,-10.49,-40.487,Norte,RPGA do Rio Itapicuru,3.4,11.4,3.0,0.6,12.6,0.0,0.0,0.0,0.0,0.0,0.0,0.0,0.0,0.0,0.0,0.0,0.0,0.0,0.0,0.0,0.0,0.0,2.0,25.2,0.0,0.0,10.4,0.0,0.0,0.0,0.0,68.6
Santa Rosa,SM-PR-01,Jaguarari,Jaguarari (Santa Rosa) - SM-PR-01,-10.098,-39.87,Norte,RPGA dos Rios Macururé e Curaçá,2.2,0.2,0.0,0.4,4.0,0.0,0.0,0.0,0.0,0.0,0.0,0.0,0.0,0.0,0.0,0.0,0.0,0.0,0.0,0.0,0.0,15.0,0.0,0.2,0.0,0.0,8.8,0.0,0.0,0.0,0.0,30.8
Jaguarari,IT-PR-28,Jaguarari,Jaguarari - IT-PR-28,-10.269,-40.2,Norte,RPGA do Rio Itapicuru,6.2,0.0,5.4,3.0,3.8,0.0,0.0,0.0,0.0,0.0,0.0,0.0,0.0,0.0,0.0,0.0,0.0,0.0,0.0,0.0,0.0,28.8,0.4,16.6,0.0,0.0,34.0,0.0,0.0,0.0,0.0,98.2
Fazenda Vila Verde,,Fazenda Vila Verde,Fazenda Vila Verde,-12.033,-46.054,Oeste,RPGA do Rio Grande,0.2,3.8,32.6,24.6,19.8,43.6,0.0,0.0,0.0,1.0,4.2,0.0,3.0,0.0,0.0,0.0,0.0,0.0,0.0,0.0,0.0,26.0,5.2,44.2,2.6,1.8,5.4,13.8,0.0,0.0,0.0,231.8
Arrojolândia,,Arrojolândia,Arrojolândia,-13.742,-45.466,Oeste,"RPGA do Rio Corrente e Riachos do Ramalho, Serra Dourada e Brejo Velho",0.2,0.0,20.2,7.4,17.0,8.2,48.6,2.6,4.6,25.2,0.2,0.0,0.0,0.0,0.0,0.0,0.0,0.0,0.0,0.0,3.0,4.6,0.4,18.2,20.0,3.4,22.0,8.0,23.6,0.0,0.0,237.4
Formosa do Rio Preto,A452,Formosa do Rio Preto,Formosa do Rio Preto - A452,-11.052,-45.201,Oeste,RPGA do Rio Grande,2.4,1.2,9.8,10.2,49.2,6.6,0.6,0.0,0.0,0.6,0.2,0.0,0.8,0.0,0.0,0.0,0.0,0.0,4.0,0.6,0.0,47.2,11.6,7.2,1.8,0.6,0.2,57.6,30.4,0.0,0.0,242.8
Nova Vida Montante,46590000,Barreiras,Barreiras (Nova Vida Montante) - 46590000,-11.868,-45.085,Oeste,RPGA do Rio Grande,10.8,1.4,16.4,8.8,48.8,9.2,7.6,0.2,0.4,0.0,0.0,0.0,0.0,0.0,0.0,0.0,0.0,0.8,0.0,0.0,0.0,18.8,40.4,14.8,6.4,0.8,1.2,87.6,0.2,0.2,0.0,274.8
Correntina,A416,Correntina,Correntina - A416,-13.332,-44.617,Oeste,"RPGA do Rio Corrente e Riachos do Ramalho, Serra Dourada e Brejo Velho",0.0,3.2,16.0,8.2,7.2,1.2,58.4,0.2,0.0,13.8,0.0,0.0,0.0,0.0,0.0,0.0,0.0,0.0,0.0,0.0,0.0,52.0,7.8,19.8,3.2,51.0,1.8,36.6,1.0,0.0,0.2,281.6
Barreiras,83236,Barreiras,Barreiras - 83236,-12.156,-45.008,Oeste,RPGA do Rio Grande,0.0,1.2,13.6,5.8,72.4,8.0,17.8,0.0,10.4,2.3,0.0,0.0,0.0,0.0,0.0,0.0,0.0,0.2,0.0,0.0,0.0,0.0,30.8,34.7,14.1,4.6,0.4,48.7,0.0,0.0,0.0,265.0
Arrojado,45770000,Correntina,Correntina (Arrojado) - 45770000,-13.453,-44.569,Oeste,"RPGA do Rio Corrente e Riachos do Ramalho, Serra Dourada e Brejo Velho",0.0,0.0,18.8,22.6,6.2,5.4,32.4,0.0,0.0,15.0,0.0,0.0,0.0,0.0,0.0,0.0,0.0,0.0,0.0,0.0,0.6,15.2,20.2,22.0,3.2,80.0,3.6,28.6,0.2,0.0,0.0,274.0
Correntina,45590000,Correntina,Correntina - 45590000,-13.341,-44.639,Oeste,"RPGA do Rio Corrente e Riachos do Ramalho, Serra Dourada e Brejo Velho",0.2,2.0,14.2,9.4,6.2,1.6,61.6,0.0,0.0,9.0,0.0,0.0,0.0,0.0,0.0,0.0,0.0,0.0,0.0,0.0,0.0,30.0,7.2,21.2,3.4,43.8,0.8,50.2,0.2,0.0,0.0,261.0
Fazenda Redenção,46543000,Barreiras,Barreiras (Fazenda Redenção) - 46543000,-12.136,-45.103,Oeste,RPGA do Rio Grande,1.0,0.4,48.0,9.0,55.4,18.0,37.8,0.0,6.2,11.2,0.0,0.0,0.0,0.0,0.0,0.0,0.0,0.2,0.2,0.0,0.0,16.2,12.8,19.4,12.0,0.6,0.4,38.4,0.0,0.0,0.0,287.2
Fazenda Santa Luzia,CA-CL-01,Cocos,Cocos (Fazenda Santa Luzia) - CA-CL-01,-14.855,-45.936,Oeste,RPGA do Rio Carinhanha,2.2,0.0,14.0,0.0,11.8,2.2,43.8,0.0,0.0,10.6,0.0,0.0,0.0,0.0,0.0,0.0,0.0,12.2,0.0,0.0,0.6,63.0,1.8,15.4,5.6,4.6,4.2,2.8,3.6,1.4,0.0,199.8
Fazenda Porta do Céu,CT-CL-02,Jaborandi,Jaborandi (Fazenda Porta do Céu) - CT-CL-02,-14.116,-45.844,Oeste,"RPGA do Rio Corrente e Riachos do Ramalho, Serra Dourada e Brejo Velho",53.4,0.0,3.8,0.0,10.4,2.6,84.8,0.0,30.2,3.0,0.0,0.0,0.0,0.0,0.0,0.0,0.0,0.0,0.0,0.0,3.6,43.4,8.2,20.6,13.6,0.6,0.0,0.2,0.2,0.0,20.8,299.4
Fazenda Morinaga,CT-CL-01,Correntina,Correntina (Fazenda Morinaga) - CT-CL-01,-13.752,-45.87,Oeste,"RPGA do Rio Corrente e Riachos do Ramalho, Serra Dourada e Brejo Velho",0.6,0.0,54.4,0.8,9.2,2.6,30.0,2.4,0.0,0.0,0.0,0.0,0.0,0.0,0.0,0.0,0.0,0.0,0.0,0.0,17.8,16.8,0.2,13.2,13.2,5.8,9.4,2.6,16.2,0.0,0.0,195.2
Fazenda Decisão,GR-CL-05,São Desidério,São Desidério (Fazenda Decisão) - GR-CL-05,-12.762,-45.282,Oeste,RPGA do Rio Grande,0.0,0.4,0.0,0.0,0.0,0.0,0.0,0.0,0.0,0.0,0.0,0.0,0.0,0.0,0.0,0.0,0.0,0.0,0.0,0.0,0.0,0.0,0.0,0.0,0.0,0.0,0.0,0.0,0.0,0.0,0.0,0.4
Fazenda Madras,GR-CL-04,Riachão das Neves,Riachão das Neves (Fazenda Madras) - GR-CL-04,-11.63,-44.846,Oeste,RPGA do Rio Grande,4.8,7.4,0.6,5.2,101.8,13.4,0.0,5.2,0.0,12.8,0.0,0.0,0.0,0.0,0.0,0.0,0.0,4.4,0.0,0.0,0.0,49.2,11.0,14.8,2.6,37.6,1.6,124.8,7.6,0.0,0.0,404.8
Fazenda Barcelona,GR-CL-03,Formosa do Rio Preto,Formosa do Rio Preto (Fazenda Barcelona) - GR-CL-03,-11.591,-46.022,Oeste,RPGA do Rio Grande,1.2,7.8,21.2,21.0,13.8,22.4,37.6,8.8,0.0,14.6,1.4,0.0,0.0,0.0,6.6,0.0,0.0,0.0,0.0,0.0,0.0,24.6,27.2,12.6,14.6,9.8,20.2,3.6,10.4,1.0,0.0,280.4
Mocambo,45740001,Correntina,Correntina (Mocambo) - 45740001,-13.286,-44.563,Oeste,"RPGA do Rio Corrente e Riachos do Ramalho, Serra Dourada e Brejo Velho",0.2,0.0,11.6,4.2,20.2,0.4,60.6,0.0,0.0,2.2,0.2,0.2,0.0,0.0,0.0,0.0,0.0,0.0,0.0,0.0,1.6,48.4,11.8,14.8,3.2,79.8,2.0,32.6,0.0,0.2,0.0,294.2
PCH Pres. Goulart-J,45600000,Correntina,Correntina (PCH Pres. Goulart-J) - 45600000,-13.334,-44.621,Oeste,"RPGA do Rio Corrente e Riachos do Ramalho, Serra Dourada e Brejo Velho",0.0,3.8,20.0,11.2,10.5,1.5,67.0,0.0,0.0,16.2,0.0,0.0,0.0,0.0,0.0,0.0,0.0,0.0,0.0,0.0,0.0,63.2,11.8,24.2,3.8,68.5,2.2,49.2,1.0,0.0,0.0,354.2
PCH Pres. Goulart-M1,45588000,Correntina,Correntina (PCH Pres. Goulart-M1) - 45588000,-13.341,-44.641,Oeste,"RPGA do Rio Corrente e Riachos do Ramalho, Serra Dourada e Brejo Velho",0.0,3.5,17.2,13.0,8.5,2.8,79.2,0.0,0.0,11.8,0.0,0.0,0.0,0.0,0.0,0.0,0.0,0.0,0.0,0.0,0.0,36.2,10.8,26.2,4.2,60.8,1.0,62.0,0.2,0.0,0.0,337.5
PCH Sítio Grande-J,46453500,São Desidério,São Desidério (PCH Sítio Grande-J) - 46453500,-12.429,-45.153,Oeste,RPGA do Rio Grande,7.8,2.8,13.0,43.5,86.5,5.2,86.2,0.0,11.0,2.8,0.0,0.0,0.0,0.0,0.0,0.0,0.0,0.0,0.0,0.0,0.0,8.0,11.5,20.0,11.8,11.2,0.5,23.2,3.5,1.2,0.0,349.8
COACERAL,GR-CL-02,Formosa do Rio Preto,Formosa do Rio Preto (COACERAL) - GR-CL-02,-10.562,-45.693,Oeste,RPGA do Rio Grande,3.2,9.2,0.0,48.2,7.8,55.5,0.8,0.0,0.0,29.2,0.0,0.0,0.2,0.0,0.0,2.0,0.0,0.0,0.0,0.0,9.2,0.5,34.5,17.5,0.5,22.5,16.0,4.8,4.0,0.0,0.0,265.8
Barreiras,A402,Barreiras,Barreiras - A402,-12.125,-45.027,Oeste,RPGA do Rio Grande,3.4,1.4,10.6,9.2,56.0,7.6,21.2,0.0,2.0,2.2,0.0,0.0,0.0,0.0,0.0,0.0,0.0,2.2,0.0,0.0,0.0,16.6,16.8,17.2,12.8,0.2,0.8,51.2,0.8,0.8,0.0,233.0
Luís Eduardo Magalhães,A404,Luís Eduardo Magalhães,Luís Eduardo Magalhães - A404,-12.152,-45.83,Oeste,RPGA do Rio Grande,0.0,5.4,60.4,14.4,15.6,31.8,1.4,0.0,0.0,5.8,0.0,0.0,0.0,0.0,0.0,0.0,0.0,0.0,0.0,0.0,0.0,21.6,8.6,37.6,11.2,2.2,7.6,15.2,0.4,0.0,0.0,239.2
Fazenda Evandro,,Fazenda Evandro,Fazenda Evandro,-10.601,-45.823,Oeste,RPGA do Rio Grande,0.4,0.8,1.2,0.4,6.6,0.4,0.8,0.8,0.8,0.2,0.6,0.2,0.2,0.2,0.2,0.0,0.0,0.0,0.0,0.0,0.0,0.0,0.0,0.0,0.0,0.2,0.4,1.0,1.2,0.8,0.4,17.8
J. Zoológico,A401,Salvador,Salvador (J. Zoológico) - A401,-13.006,-38.506,Recôncavo,RPGA do Recôncavo Norte,0.0,10.4,1.4,0.2,1.8,0.0,0.0,0.0,0.0,0.0,0.0,0.0,0.0,0.0,0.0,1.0,0.2,0.2,1.4,0.0,0.0,0.0,48.6,15.8,1.2,0.0,9.6,0.0,0.0,0.0,1.0,92.8
Cruz das Almas,A406,Cruz das Almas,Cruz das Almas - A406,-12.675,-39.09,Recôncavo,RPGA do Rio Paraguaçu,0.6,19.4,0.6,0.0,0.0,0.0,0.0,0.4,0.0,0.0,0.4,0.0,0.0,0.0,0.0,6.2,0.0,0.0,0.0,0.0,0.0,0.2,21.8,34.4,0.4,0.8,21.4,0.0,1.6,0.2,0.2,108.6
Feira de Santana,A413,Feira de Santana,Feira de Santana - A413,-12.196,-38.967,Recôncavo,RPGA do Recôncavo Norte,1.0,18.8,8.8,0.0,1.4,0.0,0.0,0.0,0.0,0.0,0.0,0.0,0.0,0.0,0.0,0.0,0.0,0.0,0.0,0.0,0.0,0.0,2.0,66.8,2.6,0.0,44.2,0.2,0.6,0.4,0.2,147.0
Periperi,292740820A,Salvador,Salvador (Periperi) - 292740820A,-12.867,-38.458,Recôncavo,RPGA do Recôncavo Norte,0.0,25.2,7.0,69.2,0.0,0.0,0.0,0.0,0.0,0.4,0.0,0.4,0.0,0.0,0.0,0.0,0.0,0.0,0.2,2.6,0.0,0.0,72.2,13.0,0.4,0.0,4.4,0.0,0.0,0.0,0.0,195.0
Fazenda Coutos,292740822A,Salvador,Salvador (Fazenda Coutos) - 292740822A,-12.85,-38.462,Recôncavo,RPGA do Recôncavo Norte,0.2,41.4,9.2,84.4,0.0,0.0,0.0,0.0,0.0,3.2,0.0,0.0,0.0,0.0,0.0,0.0,0.0,0.0,0.0,0.2,0.0,0.0,73.0,12.2,0.4,0.0,4.6,0.0,0.0,0.0,0.4,229.2
Itapuã,292740819A,Salvador,Salvador (Itapuã) - 292740819A,-12.948,-38.37,Recôncavo,RPGA do Recôncavo Norte,0.0,2.8,2.2,5.4,0.2,0.0,0.0,0.0,0.0,0.0,0.2,0.2,0.0,0.0,0.0,0.4,0.0,0.0,0.6,2.2,0.0,0.0,94.6,9.6,0.6,0.0,2.6,0.0,1.0,2.0,2.2,126.8
Tancredo Neves,292740823A,Salvador,Salvador (Tancredo Neves) - 292740823A,-12.945,-38.453,Recôncavo,RPGA do Recôncavo Norte,0.2,19.2,28.4,21.0,0.0,0.0,0.0,0.0,0.0,0.0,0.0,0.0,0.0,0.0,0.0,0.0,0.0,0.0,0.0,0.4,0.0,0.0,44.0,11.6,0.4,0.2,10.0,0.2,0.0,0.4,1.0,137.0
Polivalente,292860401A,Santo Amaro,Santo Amaro (Polivalente) - 292860401A,-12.553,-38.713,Recôncavo,RPGA do Recôncavo Norte,1.8,27.4,7.2,3.0,0.0,0.0,0.0,0.0,0.0,0.0,0.0,0.0,0.0,0.0,0.0,0.0,0.0,0.0,0.0,0.0,0.0,0.4,29.6,41.8,1.6,0.8,51.6,0.0,6.0,0.0,0.8,172.0
Povoado de Pedras,292860402A,Santo Amaro,Santo Amaro (Povoado de Pedras) - 292860402A,-12.55,-38.771,Recôncavo,RPGA do Recôncavo Norte,1.8,27.0,2.6,1.8,0.0,0.0,0.0,0.0,0.0,0.0,0.0,0.0,0.0,0.0,0.0,0.0,0.0,0.0,0.0,0.0,0.0,0.0,71.8,32.4,1.0,0.0,73.2,0.2,0.2,0.0,7.0,219.0
Camaçari,Tiririca,Camaçari,Camaçari - Tiririca,-12.512,-38.068,Recôncavo,RPGA do Recôncavo Norte,0.2,21.0,0.4,1.8,0.0,0.0,0.0,0.0,0.0,0.0,0.0,0.0,0.0,0.0,0.0,0.0,0.0,0.0,0.0,0.0,0.0,0.0,3.8,5.6,0.0,0.0,0.8,0.2,0.0,0.0,2.2,36.0
Estação Rádio Marinha,A456,Salvador,Salvador (Estação Rádio Marinha) - A456,-12.808,-38.496,Recôncavo,RPGA do Recôncavo Norte,0.0,1.4,13.0,39.4,0.2,0.0,0.0,0.0,0.0,0.0,0.0,0.8,0.0,0.0,0.0,1.6,0.0,0.0,0.0,0.4,0.0,0.0,9.2,2.4,0.0,0.0,2.6,0.0,0.4,0.0,0.4,71.8
Cruz das Almas,83222,Cruz das Almas,Cruz das Almas - 83222,-12.667,-39.083,Recôncavo,RPGA do Rio Paraguaçu,0.5,21.4,0.6,0.0,0.0,0.0,0.0,0.2,0.0,0.0,0.3,0.0,0.0,0.0,0.0,6.6,0.0,0.0,0.0,0.0,0.0,0.0,23.2,41.0,0.0,1.0,23.3,0.0,1.8,0.0,0.0,119.9
Cachoeira,290490201A,Cachoeira,Cachoeira - 290490201A,-12.608,-38.961,Recôncavo,RPGA do Rio Paraguaçu,0.0,3.8,11.6,0.4,0.0,0.0,0.0,0.0,0.0,0.0,0.0,0.0,0.0,0.0,0.0,0.2,0.0,0.0,0.0,0.0,0.0,0.0,51.2,45.0,17.0,0.2,35.4,0.0,0.0,0.0,0.4,165.2
Centro,291345701A,Igrapiúna,Igrapiúna (Centro) - 291345701A,-13.819,-39.142,Recôncavo,RPGA do Recôncavo Sul,23.4,2.4,0.0,6.4,0.2,0.0,0.0,0.0,0.0,0.8,3.0,0.0,0.0,0.0,0.0,5.2,0.0,0.0,0.0,1.8,0.0,0.2,59.2,23.4,0.0,0.0,13.0,0.2,0.0,0.2,4.2,143.6
São Félix,292900801A,São Félix,São Félix - 292900801A,-12.607,-38.97,Recôncavo,RPGA do Rio Paraguaçu,0.2,5.6,5.2,0.0,0.0,0.0,0.0,0.0,0.0,0.0,0.0,0.0,0.0,0.0,0.0,0.4,0.0,0.0,0.0,0.0,0.0,0.0,58.0,50.4,19.4,0.0,35.0,0.2,0.0,0.0,0.4,174.8
Góes Calmon,293070901A,Simões Filho,Simões Filho (Góes Calmon) - 293070901A,-12.78,-38.353,Recôncavo,RPGA do Recôncavo Norte,0.0,15.4,4.2,9.6,0.0,0.0,0.0,0.0,0.0,0.0,0.0,0.0,0.0,0.0,0.0,0.2,0.0,0.0,0.0,2.2,0.0,0.0,44.8,16.0,0.2,0.0,1.0,0.0,0.4,0.0,0.2,94.2
Centro,293070903A,Simões Filho,Simões Filho (Centro) - 293070903A,-12.788,-38.397,Recôncavo,RPGA do Recôncavo Norte,0.2,11.4,14.4,3.8,0.0,0.0,0.0,0.0,0.0,0.0,0.0,1.2,0.0,0.0,0.0,2.8,0.0,0.0,0.0,1.6,0.0,0.0,71.8,11.8,0.0,0.0,4.6,0.0,0.0,0.0,0.6,124.2
Amargosa,A434,Amargosa,Amargosa - A434,-13.009,-39.617,Recôncavo,RPGA do Recôncavo Sul,0.2,5.0,0.8,0.2,10.4,0.0,0.0,0.0,0.0,0.0,0.0,0.0,0.0,0.0,0.0,0.0,0.0,0.0,0.0,1.8,0.2,0.0,11.0,37.8,3.4,0.2,44.6,0.0,0.4,0.0,0.4,116.4
Valença,A444,Valença,Valença - A444,-13.344,-39.127,Recôncavo,RPGA do Recôncavo Sul,35.2,0.2,0.0,0.0,0.0,0.0,1.8,0.0,0.0,0.0,0.2,0.2,0.0,0.0,0.0,2.8,0.8,0.0,0.0,2.0,0.0,0.0,73.2,1.2,0.6,0.4,0.2,0.0,0.2,0.0,0.2,119.2
Ondina,83229,Salvador,Salvador (Ondina) - 83229,-13.005,-38.506,Recôncavo,RPGA do Recôncavo Norte,0.0,10.6,2.0,0.4,1.6,0.0,0.0,0.0,0.0,0.0,0.0,0.0,0.0,0.0,0.0,1.3,0.3,0.3,1.7,0.0,0.0,0.0,53.0,17.5,1.2,0.0,10.6,0.0,0.0,0.0,1.1,101.6
Feira de Santana,PG-PR-13,Feira de Santana,Feira de Santana - PG-PR-13,-12.268,-38.966,Recôncavo,RPGA do Rio Paraguaçu,15.6,1.2,1.4,0.0,0.4,0.0,0.0,0.2,0.0,0.0,0.0,0.0,0.0,0.0,0.0,0.0,0.0,0.0,0.0,0.0,0.0,0.0,0.0,70.4,21.2,0.0,72.4,0.0,0.2,0.0,0.0,183.0
Centro,292740802A,Salvador,Salvador (Centro) - 292740802A,-12.978,-38.516,Recôncavo,RPGA do Recôncavo Norte,0.2,13.3,0.0,0.2,0.6,0.0,0.0,0.0,0.0,3.0,0.0,0.6,0.0,0.0,0.0,3.4,0.0,0.4,0.0,0.0,0.0,0.0,52.8,20.0,1.0,0.0,6.9,0.0,0.2,3.0,3.0,108.4
Federação,292740803A,Salvador,Salvador (Federação) - 292740803A,-13.001,-38.511,Recôncavo,RPGA do Recôncavo Norte,0.0,12.6,0.2,0.4,3.9,0.0,0.0,0.0,0.0,0.0,0.0,0.0,0.0,0.0,0.0,1.0,0.0,0.4,3.2,0.0,0.0,0.0,45.1,15.0,1.0,0.0,13.6,0.0,0.0,0.0,2.2,98.6
Cabula,292740810A,Salvador,Salvador (Cabula) - 292740810A,-12.961,-38.461,Recôncavo,RPGA do Recôncavo Norte,0.0,14.1,13.8,9.1,0.0,0.0,0.0,0.0,0.0,0.0,0.0,0.0,0.0,0.0,0.0,0.0,0.0,0.0,0.0,0.0,0.0,0.0,38.8,13.6,0.4,0.0,2.8,0.0,0.0,0.0,6.1,98.7
Santo Estevão,PG-CL-08,Santo Estevão,Santo Estevão - PG-CL-08,-12.435,-39.212,Recôncavo,RPGA do Rio Paraguaçu,0.2,5.2,2.6,0.2,17.0,0.0,0.0,0.0,0.0,0.0,0.0,0.0,0.0,0.0,0.0,0.0,0.0,0.0,0.0,0.0,0.0,0.0,5.6,16.8,0.0,0.0,96.6,0.0,0.0,0.0,0.0,144.2
Caminho das Árvores,292740815A,Salvador,Salvador (Caminho das Árvores) - 292740815A,-12.977,-38.454,Recôncavo,RPGA do Recôncavo Norte,0.0,25.0,13.2,9.3,0.0,0.0,0.0,0.0,0.0,0.0,0.0,0.0,0.0,0.0,0.0,0.0,0.0,0.0,0.6,0.0,0.0,0.0,81.6,16.0,0.4,0.0,3.2,0.0,0.0,0.4,2.8,152.4
Águas Claras,292740808A,Salvador,Salvador (Águas Claras) - 292740808A,-12.894,-38.442,Recôncavo,RPGA do Recôncavo Norte,0.0,16.5,4.1,48.2,0.0,0.0,0.0,0.0,0.0,0.0,0.0,0.2,0.0,0.0,0.0,0.0,0.0,0.0,2.4,1.2,0.0,0.0,43.4,15.5,1.2,0.0,35.6,0.0,1.4,1.2,0.0,171.0
Alto do Peru,292740812A,Salvador,Salvador (Alto do Peru) - 292740812A,-12.939,-38.486,Recôncavo,RPGA do Recôncavo Norte,0.0,27.2,5.3,10.2,1.0,0.0,0.0,0.0,0.0,0.0,0.0,0.0,0.0,0.0,0.0,0.4,0.2,0.0,0.0,0.6,0.0,0.0,40.2,15.8,0.6,0.0,14.0,0.0,0.0,0.0,0.0,115.5
Cosme de Farias,292740816A,Salvador,Salvador (Cosme de Farias) - 292740816A,-12.979,-38.486,Recôncavo,RPGA do Recôncavo Norte,0.0,21.1,0.6,0.6,3.5,0.0,0.0,0.0,0.0,0.0,0.0,0.0,0.0,0.0,0.0,0.6,0.0,0.0,0.0,0.0,0.0,0.0,26.1,7.9,0.2,0.0,3.4,0.2,0.0,0.6,1.6,66.4
São Caetano,292740814A,Salvador,Salvador (São Caetano) - 292740814A,-12.94,-38.475,Recôncavo,RPGA do Recôncavo Norte,0.0,25.7,21.4,14.3,0.0,0.0,0.0,0.0,0.0,0.0,0.0,0.0,0.0,0.0,0.0,0.4,0.6,0.0,0.0,1.0,0.0,0.0,29.3,12.0,0.6,0.0,13.4,0.0,0.0,0.0,0.0,118.8
Pirajá,292740801A,Salvador,Salvador (Pirajá) - 292740801A,-12.899,-38.459,Recôncavo,RPGA do Recôncavo Norte,0.0,14.6,1.8,21.6,0.0,0.0,0.0,0.0,0.0,0.2,0.0,1.0,0.0,0.0,0.0,0.0,0.0,0.0,0.4,0.4,0.0,0.0,31.3,5.2,1.0,0.0,13.4,0.0,0.2,0.4,0.2,91.6
Rio Sena,292740805A,Salvador,Salvador (Rio Sena) - 292740805A,-12.891,-38.471,Recôncavo,RPGA do Recôncavo Norte,0.0,35.4,4.4,30.1,2.0,1.0,1.0,1.0,0.8,0.8,0.0,0.0,0.0,0.0,0.0,0.0,0.0,0.0,1.2,0.4,0.0,0.0,84.8,11.8,1.6,0.0,41.9,0.0,0.6,0.4,0.0,219.0
Valéria,292740817A,Salvador,Salvador (Valéria) - 292740817A,-12.864,-38.438,Recôncavo,RPGA do Recôncavo Norte,0.0,29.8,7.8,76.1,0.0,0.0,0.0,0.0,0.0,0.0,0.0,0.2,0.0,0.0,0.0,0.0,0.0,0.0,0.0,5.7,0.0,0.0,47.2,11.5,0.4,0.0,4.8,0.0,0.0,0.0,0.2,183.7
Monte Serrat,292740804A,Salvador,Salvador (Monte Serrat) - 292740804A,-12.931,-38.517,Recôncavo,RPGA do Recôncavo Norte,0.8,5.1,0.0,3.6,3.6,0.0,0.0,1.8,0.0,0.0,0.0,0.2,0.0,0.0,0.0,0.0,0.0,0.0,1.2,0.0,0.0,0.0,33.5,14.0,0.6,0.2,14.0,0.2,2.4,12.1,2.0,95.3
Centro,290650101A,Candeias,Candeias (Centro) - 290650101A,-12.67,-38.544,Recôncavo,RPGA do Recôncavo Norte,0.2,6.1,0.0,14.8,0.4,0.0,0.0,0.0,0.0,0.0,0.0,0.0,0.0,0.0,0.0,0.0,0.0,0.0,0.0,0.2,0.0,0.0,38.6,39.6,0.2,0.0,43.4,0.0,1.6,0.0,0.6,145.6
Sarandi,290650104A,Candeias,Candeias (Sarandi) - 290650104A,-12.671,-38.531,Recôncavo,RPGA do Recôncavo Norte,0.0,9.6,0.2,16.3,0.0,0.0,0.0,0.0,0.0,0.0,0.0,0.0,0.0,0.0,0.0,0.0,0.0,0.0,0.0,0.4,0.0,0.0,42.1,35.1,0.2,0.0,29.8,0.0,10.3,0.0,0.4,144.4
Areia Branca,291920706A,Lauro de Freitas,Lauro de Freitas (Areia Branca) - 291920706A,-12.841,-38.337,Recôncavo,RPGA do Recôncavo Norte,0.2,7.9,5.3,4.4,0.0,0.0,0.0,0.0,0.0,0.0,1.0,0.0,0.0,0.0,0.0,0.0,0.0,0.0,0.0,0.6,0.0,0.0,31.5,14.4,3.4,0.0,1.2,0.0,0.0,0.2,3.2,73.1
Vila Praiana,291920702A,Lauro de Freitas,Lauro de Freitas (Vila Praiana) - 291920702A,-12.901,-38.308,Recôncavo,RPGA do Recôncavo Norte,0.0,3.2,1.4,4.2,0.0,0.0,0.0,0.0,0.0,0.0,0.2,0.0,0.0,0.0,0.0,0.0,0.0,0.0,0.0,0.0,0.0,0.0,38.2,9.9,2.2,0.2,10.3,0.0,3.2,0.0,4.0,76.8
Portão,291920701A,Lauro de Freitas,Lauro de Freitas (Portão) - 291920701A,-12.87,-38.305,Recôncavo,RPGA do Recôncavo Norte,0.2,4.3,0.0,15.4,0.0,0.0,0.2,0.0,0.0,0.4,0.8,0.2,0.0,0.0,0.0,0.0,0.4,0.0,0.0,2.8,0.0,0.0,36.7,9.3,2.6,0.0,1.0,0.0,0.0,0.0,1.0,75.3
Muritiba,PG-PR-12,Muritiba,Muritiba - PG-PR-12,-12.618,-39.006,Recôncavo,RPGA do Rio Paraguaçu,0.2,11.0,0.2,0.0,0.0,0.0,0.0,0.0,0.0,0.0,0.0,0.0,0.0,0.0,0.0,0.0,0.0,0.0,1.0,0.0,0.0,0.0,30.8,44.0,7.4,0.0,26.4,0.0,0.0,0.0,0.0,121.0
Dois de Julho,291120401A,Gandú,Gandú (Dois de Julho) - 291120401A,-13.741,-39.483,Recôncavo,RPGA do Recôncavo Sul,17.1,0.0,0.0,0.2,4.4,0.0,0.0,0.0,0.0,0.0,0.0,0.0,0.0,0.2,0.0,0.0,0.0,0.0,0.0,4.4,0.2,1.4,9.9,30.2,9.8,0.0,0.0,0.0,0.0,0.0,4.7,82.5
Centro,292060101A,Maragogipe,Maragogipe (Centro) - 292060101A,-12.78,-38.917,Recôncavo,RPGA do Rio Paraguaçu,1.4,0.2,2.4,0.0,0.0,0.0,0.0,0.0,0.0,0.0,0.0,0.0,0.0,0.0,0.0,3.6,2.0,0.0,0.2,0.2,0.2,0.0,48.9,35.2,5.7,0.8,16.9,0.0,0.0,0.0,0.8,118.4
Rua São Roque,293290301A,Valença,Valença (Rua São Roque) - 293290301A,-13.363,-39.078,Recôncavo,RPGA do Recôncavo Sul,7.1,2.4,0.4,0.0,0.0,0.0,0.0,0.0,0.0,0.0,0.0,0.2,0.0,0.0,0.0,0.0,0.6,0.0,0.0,4.9,0.0,0.0,48.1,33.3,6.9,0.0,1.0,0.0,0.2,0.0,2.8,107.9
Amélia Rodrigues,RN-CL-03,Amélia Rodrigues,Amélia Rodrigues - RN-CL-03,-12.419,-38.777,Recôncavo,RPGA do Recôncavo Norte,3.4,37.8,14.8,3.4,0.0,0.0,0.0,0.0,0.0,0.0,0.0,0.0,0.0,0.0,0.0,0.4,0.0,0.0,0.0,0.0,0.0,2.6,7.0,30.6,1.6,0.2,50.4,0.0,0.0,0.0,0.0,152.2
Colônia Japonesa,RN-CL-04,Camaçari,Camaçari (Colônia Japonesa) - RN-CL-04,-12.489,-38.221,Recôncavo,RPGA do Recôncavo Norte,0.6,18.2,6.4,6.6,0.0,0.0,0.0,0.0,0.0,3.4,1.4,0.2,0.0,0.2,0.0,1.2,0.0,0.0,0.0,0.0,0.0,0.0,44.2,9.6,1.0,0.0,2.8,0.2,0.8,0.8,2.8,100.4
Abaeté,RN-CL-05,Salvador,Salvador (Abaeté) - RN-CL-05,-12.947,-38.359,Recôncavo,RPGA do Recôncavo Norte,1.6,3.2,1.2,29.0,0.0,0.0,0.0,0.0,0.0,0.0,0.4,0.0,0.0,0.0,0.0,0.0,0.0,0.0,0.4,0.8,0.0,0.0,106.0,10.2,1.0,0.0,4.4,0.0,1.0,1.4,1.2,161.8
Lauro de Freitas,RN-CL-09,Lauro de Freitas,Lauro de Freitas - RN-CL-09,-12.887,-38.297,Recôncavo,RPGA do Recôncavo Norte,0.8,4.2,0.0,17.4,0.0,0.0,0.0,0.0,0.0,0.0,0.0,0.0,0.0,0.0,0.0,0.0,0.0,0.0,0.0,5.2,0.0,0.0,38.2,8.8,1.6,0.0,1.4,0.0,0.0,0.0,4.0,81.6
São Francisco do Conde,RN-CL-07,São Francisco do Conde,São Francisco do Conde - RN-CL-07,-12.611,-38.682,Recôncavo,RPGA do Recôncavo Norte,0.4,4.8,3.6,0.4,0.0,0.0,0.0,0.0,0.0,0.0,0.0,0.0,0.0,0.0,0.0,0.0,0.0,0.0,0.0,0.0,0.0,0.0,22.8,47.8,1.2,0.0,49.0,0.0,18.0,0.0,2.8,150.8
CIA,293070902A,Simões Filho,Simões Filho (CIA) - 293070902A,-12.825,-38.409,Recôncavo,RPGA do Recôncavo Norte,2.6,0.8,0.2,1.6,1.2,0.2,0.2,0.2,0.0,0.0,0.0,0.0,0.0,0.0,0.0,0.2,0.0,0.0,0.0,0.4,0.0,0.0,43.2,2.2,0.2,0.4,0.4,0.2,0.2,0.0,0.0,54.4
PC Fazenda Jurema,51346050,Rafael Jambeiro,Rafael Jambeiro (PC Fazenda Jurema) - 51346050,-12.488,-39.698,Recôncavo,RPGA do Rio Paraguaçu,0.6,0.0,0.4,0.0,13.0,4.8,0.0,0.0,0.0,0.0,1.0,0.0,0.0,0.0,0.0,0.0,0.0,0.0,0.0,0.0,0.0,0.0,8.6,4.4,0.0,0.0,30.0,0.0,0.0,0.0,0.0,62.8
PC Argoim,51351000,Rafael Jambeiro,Rafael Jambeiro (PC Argoim) - 51351000,-12.587,-39.522,Recôncavo,RPGA do Rio Paraguaçu,0.0,0.8,0.2,0.0,3.2,0.6,0.0,0.0,0.0,0.0,0.4,0.0,0.0,0.0,0.0,0.0,0.0,0.0,0.0,0.0,0.0,0.0,10.6,18.2,1.0,0.0,36.8,0.0,0.0,1.2,0.0,73.0
PC Rio Paratigi,51370000,Santo Estevão,Santo Estevão (PC Rio Paratigi) - 51370000,-12.515,-39.383,Recôncavo,RPGA do Rio Paraguaçu,0.8,0.0,0.2,0.0,3.6,0.0,0.0,0.0,0.0,0.0,0.2,0.0,0.0,0.0,0.0,0.0,0.0,0.0,0.0,0.0,0.0,0.0,9.0,18.6,0.0,0.0,50.4,0.0,0.0,0.0,0.0,82.8
Feira de Santana,PC Rio Branco,Feira de Santana,Feira de Santana - PC Rio Branco,-12.233,-39.046,Recôncavo,RPGA do Rio Paraguaçu,10.2,4.4,0.2,0.0,0.4,0.0,0.0,0.0,0.0,0.0,0.0,0.0,0.0,0.0,0.0,0.0,0.0,0.0,0.0,0.0,0.0,0.0,4.8,38.0,0.4,0.0,46.4,0.0,0.0,0.0,0.0,104.8
Abaeté,RN-PR-01,Salvador,Salvador (Abaeté) - RN-PR-01,-12.945,-38.361,Recôncavo,RPGA do Recôncavo Norte,0.0,2.7,32.0,1.4,0.0,0.0,0.0,0.0,0.0,0.0,0.7,0.7,0.0,0.0,0.0,0.0,0.0,0.0,0.9,0.0,0.0,0.0,18.1,10.1,0.4,0.4,4.1,0.0,0.7,0.3,4.0,76.5
Cândido Sales,53620000,Cândido Sales,Cândido Sales - 53620000,-15.513,-41.237,Sudoeste,RPGA do Rio Pardo,0.0,0.0,22.0,2.6,19.4,0.6,94.4,0.0,0.0,0.0,0.0,0.0,0.0,0.0,0.0,0.0,0.0,0.0,0.0,0.0,0.0,1.2,41.2,3.6,1.0,42.6,5.4,21.0,0.2,0.0,0.0,255.2
Itiruçu,A407,Itiruçu,Itiruçu - A407,-13.526,-40.121,Sudoeste,RPGA do Recôncavo Sul,11.8,7.0,7.8,3.0,21.4,0.0,0.0,0.0,0.0,0.0,0.0,0.0,0.0,0.0,0.0,0.0,0.0,0.0,0.0,0.2,0.0,0.0,25.0,20.8,12.2,12.6,12.8,0.0,0.0,0.0,0.0,134.6
Vitória da Conquista,A414,Vitória da Conquista,Vitória da Conquista - A414,-14.886,-40.801,Sudoeste,RPGA do Rio Pardo,0.0,1.4,29.2,2.0,18.2,1.4,8.2,0.2,0.0,0.0,0.0,0.0,0.0,0.0,0.0,0.0,0.0,0.0,0.0,0.2,0.0,1.0,9.8,5.8,13.6,18.2,20.6,9.0,0.2,0.0,0.0,139.0
Ituaçu,83292,Ituaçu,Ituaçu - 83292,-13.813,-41.3,Sudoeste,RPGA do Rio de Contas,0.0,10.6,11.2,9.4,58.6,2.2,3.3,0.0,0.0,0.0,0.0,0.0,0.0,0.0,0.0,0.0,0.0,0.0,0.0,0.0,0.0,0.0,0.0,36.7,14.8,18.5,42.4,3.5,0.0,0.0,0.0,211.2
Lagoa,291760701A,Jaguaquara,Jaguaquara (Lagoa) - 291760701A,-13.523,-39.969,Sudoeste,RPGA do Recôncavo Sul,25.2,0.2,6.0,4.8,0.8,0.0,0.0,0.0,0.0,0.0,0.0,0.0,0.0,0.0,0.0,0.0,0.0,0.0,0.0,0.0,0.0,0.4,27.6,17.4,12.4,9.6,17.0,0.0,0.0,0.0,0.0,121.4
Entroncamento,291760702A,Jaguaquara,Jaguaquara (Entroncamento) - 291760702A,-13.51,-40.055,Sudoeste,RPGA do Recôncavo Sul,18.4,0.2,9.4,4.4,3.8,0.6,0.2,0.0,0.0,0.0,0.0,0.0,0.0,0.0,0.0,0.0,0.0,0.0,0.0,0.0,0.0,1.0,41.6,14.2,9.6,2.8,3.4,0.0,0.0,0.0,0.0,109.6
Vitória da Conquista,83344,Vitória da Conquista,Vitória da Conquista - 83344,-14.883,-40.8,Sudoeste,RPGA do Rio Pardo,0.0,1.4,28.6,2.0,17.6,1.1,8.2,0.0,0.0,0.0,0.0,0.0,0.0,0.0,0.0,0.0,0.0,0.0,0.0,0.0,0.0,0.0,8.6,6.9,13.2,22.0,15.8,9.3,0.0,0.0,0.0,134.7
Brumado,A433,Brumado,Brumado - A433,-14.182,-41.672,Sudoeste,RPGA do Rio de Contas,3.4,2.6,17.0,0.0,73.8,1.0,35.8,0.6,0.0,0.0,0.0,3.4,0.0,0.0,0.0,0.0,0.0,0.0,0.0,0.0,0.0,10.2,18.8,17.0,2.6,21.4,2.6,4.0,0.0,0.0,0.0,214.2
Ipiaú,A445,Ipiaú,Ipiaú - A445,-14.171,-39.693,Sudoeste,RPGA do Rio de Contas,0.4,6.6,0.2,26.4,2.2,0.2,0.0,0.0,0.0,0.0,0.0,0.0,0.0,0.0,0.0,0.0,0.2,0.0,3.2,0.6,0.0,0.0,32.6,55.4,2.8,0.8,0.4,0.0,0.2,0.0,0.2,132.4
Itapetinga,A446,Itapetinga,Itapetinga - A446,-15.245,-40.23,Sudoeste,RPGA do Rio Pardo,0.0,4.4,7.6,25.4,32.0,0.0,93.8,0.0,0.0,0.0,0.0,0.0,0.0,0.0,0.0,0.0,0.0,0.0,2.2,3.2,0.0,0.2,54.6,15.4,2.0,31.6,3.8,3.4,0.0,0.0,0.0,279.6
Anagé,CO-CL-01,Anagé,Anagé - CO-CL-01,-14.618,-41.15,Sudoeste,RPGA do Rio de Contas,0.0,13.5,13.8,6.0,27.5,2.8,0.8,0.0,0.0,0.0,0.0,0.0,0.0,0.0,0.0,0.0,0.0,0.0,0.0,0.2,0.0,1.2,11.5,4.8,2.5,50.0,10.8,0.0,0.0,0.0,0.0,145.2
Vitória da Conquista,Inhobim (ANA),Vitória da Conquista,Vitória da Conquista - Inhobim (ANA),-15.34,-40.934,Sudoeste,RPGA do Rio Pardo,21.8,0.2,29.4,0.2,45.6,0.2,11.8,0.0,0.0,0.0,0.0,0.0,0.0,0.0,0.0,0.0,0.0,0.0,0.0,0.4,0.0,0.8,21.6,3.4,0.8,12.4,21.4,10.8,1.8,0.0,0.0,182.6
Centro,293330701A,Vitória da Conquista,Vitória da Conquista (Centro) - 293330701A,-14.852,-40.839,Sudoeste,RPGA do Rio Pardo,0.0,5.3,26.6,1.0,21.9,0.8,21.3,0.0,0.0,0.0,0.0,0.0,0.0,0.0,0.0,0.0,0.0,0.0,0.0,0.0,0.0,0.6,13.2,13.8,12.0,27.4,14.8,4.9,0.0,0.0,0.0,163.6
Centro,291710201A,Itororó,Itororó (Centro) - 291710201A,-15.119,-40.065,Sudoeste,RPGA do Leste,1.6,0.2,7.3,4.8,4.4,0.0,3.7,0.2,0.0,0.0,0.0,0.0,0.0,0.0,0.0,0.0,0.0,0.0,0.4,2.0,0.0,0.0,36.6,5.0,0.2,0.0,0.2,0.0,0.0,0.0,0.0,66.5
Clerolândia,291640101A,Itapetinga,Itapetinga (Clerolândia) - 291640101A,-15.243,-40.221,Sudoeste,RPGA do Rio Pardo,0.0,4.3,6.6,30.3,20.2,0.2,100.3,0.0,0.0,0.0,0.0,0.0,0.0,0.0,0.0,0.0,0.0,0.0,2.2,2.8,0.0,0.0,48.1,10.8,1.6,2.6,2.6,2.2,0.0,0.0,0.0,234.6
Recreio,293330702A,Vitória da Conquista,Vitória da Conquista (Recreio) - 293330702A,-14.861,-40.841,Sudoeste,RPGA do Rio Pardo,0.0,8.3,27.4,1.0,19.8,1.0,52.9,0.2,0.0,0.0,0.0,0.0,0.0,0.0,0.0,0.0,0.0,0.0,0.0,0.0,0.0,0.4,10.2,9.1,11.0,28.3,13.0,5.2,0.0,0.0,0.0,187.8
Patagônia,293330704A,Vitória da Conquista,Vitória da Conquista (Patagônia) - 293330704A,-14.87,-40.863,Sudoeste,RPGA do Rio Pardo,0.2,23.1,20.7,0.8,21.7,1.2,76.1,0.0,0.0,0.0,0.0,0.0,0.0,0.0,0.0,0.0,0.0,0.0,0.0,0.0,0.2,1.0,7.7,5.9,9.5,23.9,12.4,3.4,0.2,0.0,0.0,207.9
Barcelar,293330705A,Vitória da Conquista,Vitória da Conquista (Barcelar) - 293330705A,-14.838,-40.856,Sudoeste,RPGA do Rio Pardo,0.2,6.1,31.3,1.4,30.6,1.8,35.2,0.2,0.0,0.0,0.0,0.0,0.0,0.0,0.0,0.0,0.0,0.0,0.0,0.2,0.0,1.0,17.7,10.8,13.0,28.8,24.8,6.5,0.2,0.0,0.6,210.6
Lomantão,293330703A,Vitória da Conquista,Vitória da Conquista (Lomantão) - 293330703A,-14.87,-40.827,Sudoeste,RPGA do Rio Pardo,0.0,3.2,25.4,1.4,18.8,1.0,35.4,0.2,0.0,0.0,0.0,0.0,0.0,0.0,0.0,0.0,0.0,0.0,0.0,0.2,0.0,0.6,9.4,9.1,9.9,26.8,13.5,5.5,0.2,0.0,0.0,160.4
Anagé,290120501C,Anagé,Anagé - 290120501C,-14.766,-41.138,Sudoeste,RPGA do Rio de Contas,25.4,0.4,2.0,0.0,0.0,0.0,0.0,0.0,0.0,0.0,0.0,0.0,0.0,0.0,0.0,0.0,0.0,0.0,0.0,0.0,0.0,0.0,0.0,0.0,0.0,0.0,0.0,0.0,0.0,0.0,0.0,27.8
Maracás,292050201C,Maracás,Maracás - 292050201C,-13.444,-40.451,Sudoeste,RPGA do Rio de Contas,0.0,3.0,0.6,1.0,14.6,0.0,0.0,0.0,0.0,0.0,0.0,0.0,0.0,0.0,0.0,0.0,0.0,0.0,0.0,0.0,0.0,0.6,31.6,21.0,12.4,11.4,0.2,0.0,3.0,0.0,0.0,99.4
Jaguaquara,RS-CL-01,Jaguaquara,Jaguaquara - RS-CL-01,-13.573,-39.941,Sudoeste,RPGA do Recôncavo Sul,14.2,0.8,3.0,4.2,0.8,0.0,1.5,0.0,0.0,0.0,0.0,0.0,0.0,0.0,0.0,0.0,0.0,0.0,0.0,0.0,0.0,0.0,46.5,14.5,10.8,8.0,14.2,0.0,0.0,0.0,0.0,118.5
Fz Nanci,53880000,Camacã,Camacã (Fz Nanci) - 53880000,-15.581,-39.521,Sul,RPGA do Rio Pardo,0.2,5.2,0.2,0.2,6.6,0.0,32.0,0.0,0.0,0.0,0.0,0.0,0.0,0.0,0.0,0.0,0.0,0.0,2.0,0.4,0.0,0.0,28.8,4.8,7.2,7.2,1.2,0.0,0.0,0.0,0.2,96.2
Caravelas,A405,Caravelas,Caravelas - A405,-17.739,-39.259,Sul,"RPGA dos Rios Peruípe, Itanhém e Jucuruçu",0.0,0.4,2.0,13.6,10.8,0.0,0.0,0.0,0.0,0.2,0.0,0.0,0.2,0.0,1.2,0.2,0.0,0.2,0.2,0.4,1.6,17.6,14.2,0.6,2.0,6.8,91.0,3.6,0.0,0.0,0.2,167.0
PCH Colino II M,55355600,Vereda,Vereda (PCH Colino II M) - 55355600,-17.071,-40.155,Sul,"RPGA dos Rios Peruípe, Itanhém e Jucuruçu",0.0,6.5,9.5,15.0,28.0,0.0,0.0,0.0,0.0,0.0,0.0,0.0,0.0,0.0,0.0,0.0,0.0,0.0,0.0,1.2,0.0,0.0,39.2,2.0,4.0,12.5,26.5,50.5,0.0,0.0,0.0,195.0
Itamaraju,A455,Itamaraju,Itamaraju - A455,-17.171,-39.588,Sul,"RPGA dos Rios Peruípe, Itanhém e Jucuruçu",5.4,0.0,2.0,10.4,13.4,0.0,0.0,0.0,0.0,0.0,0.0,0.0,0.0,0.0,0.0,0.0,0.0,0.0,0.0,2.6,0.0,0.2,12.4,8.4,2.6,0.0,4.6,7.4,0.0,0.0,0.0,69.4
Itajuípe,,Itajuípe,Itajuípe,-14.674,-39.377,Sul,RPGA do Leste,1.2,0.0,0.0,0.4,4.4,0.0,0.0,0.0,0.2,0.0,0.0,0.0,0.0,0.0,0.2,0.0,0.0,0.0,6.2,0.0,0.0,0.0,21.6,51.8,12.6,0.0,0.0,0.0,0.4,0.0,0.8,99.8
Canavieiras,83398,Canavieiras,Canavieiras - 83398,-15.667,-38.95,Sul,RPGA do Rio Pardo,7.4,4.4,0.0,0.0,0.0,0.0,0.0,0.0,0.0,1.8,0.0,0.0,0.0,0.0,0.0,0.0,0.0,0.0,4.3,0.0,0.0,0.0,10.6,4.5,23.6,0.0,0.0,1.6,0.0,0.0,0.0,58.2
Caravelas,83498,Caravelas,Caravelas - 83498,-17.739,-39.258,Sul,"RPGA dos Rios Peruípe, Itanhém e Jucuruçu",0.0,0.0,0.0,15.4,9.6,0.0,0.0,0.0,0.0,0.0,0.0,0.0,0.0,0.0,1.4,0.0,0.0,0.2,0.0,0.0,0.6,0.0,11.6,0.6,0.8,6.6,92.0,3.0,0.0,0.0,0.0,141.8
Barra do Rocha,290310201A,Barra do Rocha,Barra do Rocha - 290310201A,-14.209,-39.599,Sul,RPGA do Rio de Contas,21.0,12.2,0.0,2.2,1.4,0.0,0.0,0.0,0.0,0.0,0.0,0.0,0.0,0.0,0.0,0.0,0.0,0.0,1.6,3.0,0.0,0.0,32.2,41.4,14.4,1.2,0.0,0.0,0.0,0.0,4.6,135.2
Guaratinga,83446,Guaratinga,Guaratinga - 83446,-16.58,-39.78,Sul,"RPGA dos Rios dos Frades, Buranhém e Santo Antônio",0.0,20.8,0.0,1.4,25.4,0.0,17.2,0.0,0.0,0.0,0.0,0.0,0.0,0.0,0.0,0.0,0.0,0.0,0.0,17.7,0.0,0.0,24.0,3.6,7.8,4.0,6.1,0.4,0.0,0.0,0.0,128.4
Centro,290580001A,Camamu,Camamu (Centro) - 290580001A,-13.944,-39.103,Sul,RPGA do Recôncavo Sul,18.4,0.6,0.2,21.6,0.0,0.0,0.0,2.0,0.0,3.8,2.4,0.2,0.0,0.0,0.0,0.0,0.0,0.2,0.0,4.8,0.2,0.0,59.6,27.4,13.0,0.0,35.8,0.0,0.0,0.0,3.2,193.4
Novo Horizonte,291180801A,Guaratinga,Guaratinga (Novo Horizonte) - 291180801A,-16.583,-39.781,Sul,"RPGA dos Rios dos Frades, Buranhém e Santo Antônio",0.0,18.8,0.0,1.4,28.2,0.2,17.4,0.2,0.0,0.0,0.0,0.0,0.0,0.0,0.0,0.0,0.0,0.0,0.0,18.4,0.0,0.0,38.6,4.0,8.8,4.6,6.8,0.0,0.0,0.0,0.0,147.4
Passagem,291490101A,Itacaré,Itacaré (Passagem) - 291490101A,-14.281,-39.003,Sul,RPGA do Rio de Contas,7.0,0.2,0.0,15.0,0.0,0.0,0.0,0.0,0.0,0.0,5.0,0.2,0.0,0.0,0.0,1.2,0.2,0.0,0.0,4.2,0.0,0.2,34.6,47.0,24.6,0.2,0.0,0.0,0.0,0.0,1.8,141.4
Centro,291560101A,Itamaraju,Itamaraju (Centro) - 291560101A,-17.028,-39.535,Sul,"RPGA dos Rios Peruípe, Itanhém e Jucuruçu",6.0,0.0,1.4,10.8,10.6,0.0,0.0,0.0,0.0,0.0,0.0,0.0,0.0,0.0,0.2,0.0,0.0,0.0,0.0,4.0,0.0,0.2,13.4,10.0,3.0,0.0,4.0,7.8,0.0,0.0,0.0,71.4
Ribeira,292550101A,Prado,Prado (Ribeira) - 292550101A,-17.338,-39.232,Sul,"RPGA dos Rios Peruípe, Itanhém e Jucuruçu",0.0,0.2,3.8,17.0,0.2,0.0,0.0,0.0,0.0,0.0,0.0,0.0,0.0,0.0,0.0,0.0,0.0,0.0,0.0,0.0,0.0,4.0,8.0,3.6,1.4,0.0,16.2,0.0,0.0,0.0,0.0,54.4
Centro,292805901A,Santa Luzia,Santa Luzia (Centro) - 292805901A,-15.43,-39.333,Sul,RPGA do Leste,8.6,6.8,0.0,9.4,4.2,0.2,0.0,0.0,0.0,0.0,0.0,0.0,0.0,0.0,0.0,0.0,0.0,0.0,7.2,0.6,0.0,0.0,16.2,14.6,13.8,4.2,0.8,0.0,0.0,0.0,1.8,88.4
Maraú,A438,Maraú,Maraú - A438,-13.907,-38.972,Sul,RPGA do Recôncavo Sul,16.8,0.0,0.0,24.6,0.0,0.2,5.0,0.0,0.0,0.4,4.4,0.2,4.4,0.0,0.0,0.0,4.4,0.0,7.6,1.4,0.0,2.2,33.6,41.2,21.8,0.0,3.2,0.0,0.0,0.0,3.4,174.8
Una,A437,Una,Una - A437,-15.28,-39.091,Sul,RPGA do Leste,15.0,0.2,0.0,14.8,0.0,0.4,4.8,0.0,0.0,0.0,0.0,4.4,0.0,0.0,0.0,0.0,0.0,0.0,0.6,0.6,0.2,0.2,0.4,0.2,0.2,0.2,0.2,0.0,0.2,0.0,0.2,42.8
Porto Seguro,A427,Porto Seguro,Porto Seguro - A427,-16.389,-39.182,Sul,"RPGA dos Rios dos Frades, Buranhém e Santo Antônio",28.4,0.6,0.0,0.8,0.6,0.0,0.4,0.0,0.0,0.0,0.0,0.0,0.0,0.0,0.0,0.0,0.0,1.6,9.0,0.8,0.0,0.0,10.8,4.2,2.4,21.8,3.6,19.8,2.2,0.0,0.0,107.0
Abrolhos,A422,Caravelas,Caravelas (Abrolhos) - A422,-17.791,-39.228,Sul,"RPGA dos Rios Peruípe, Itanhém e Jucuruçu",1.8,1.0,0.0,11.0,0.0,0.0,0.0,0.0,0.0,0.0,0.0,0.0,0.0,0.0,0.0,0.0,0.0,0.0,0.0,0.0,0.0,74.6,2.0,1.8,0.2,31.6,41.0,0.0,0.0,0.0,0.0,165.0
Belmonte,A447,Belmonte,Belmonte - A447,-16.085,-39.217,Sul,"RPGA dos Rios dos Frades, Buranhém e Santo Antônio",29.4,0.0,0.0,3.4,0.6,0.0,0.0,0.0,0.0,0.0,0.0,0.0,0.0,0.0,0.2,0.0,0.2,0.0,1.6,0.4,0.0,0.2,25.6,6.4,3.4,16.2,2.0,0.0,0.0,0.0,0.0,89.6
Mascote,53950000,Mascote,Mascote - 53950000,-15.566,-39.303,Sul,RPGA do Rio Pardo,13.4,0.0,0.0,5.0,3.6,0.0,0.0,0.0,0.0,0.0,0.0,0.0,0.0,0.0,0.0,0.0,0.0,0.0,0.8,0.8,0.0,0.0,18.0,17.4,21.4,0.8,1.0,0.0,0.0,0.0,1.0,83.2
PCH Colino I J,55357000,Jucuruçu,Jucuruçu (PCH Colino I J) - 55357000,-17.082,-40.077,Sul,"RPGA dos Rios Peruípe, Itanhém e Jucuruçu",7.8,2.5,0.8,22.5,14.2,0.0,0.0,0.0,0.0,0.0,0.0,0.0,0.0,0.0,0.0,0.0,0.0,0.0,0.0,0.0,0.0,0.2,34.5,2.0,1.8,1.2,13.2,38.5,0.0,0.0,0.0,139.2
Eunápolis,FB-CL-01,Eunápolis,Eunápolis - FB-CL-01,-16.291,-39.58,Sul,"RPGA dos Rios dos Frades, Buranhém e Santo Antônio",5.0,0.0,5.0,3.2,11.8,0.0,1.2,0.0,0.0,0.0,0.0,0.0,0.0,0.0,0.0,0.0,0.0,0.0,1.0,4.0,0.0,0.2,13.0,11.0,1.2,26.8,1.8,0.0,5.8,0.2,0.0,91.2
Itabuna,Fazenda Barra,Itabuna,Itabuna - Fazenda Barra,-14.9,-39.369,Sul,RPGA do Leste,2.0,0.4,0.2,2.0,4.8,1.6,0.0,0.0,0.0,0.0,0.0,0.0,0.0,0.0,0.0,0.0,0.0,1.2,8.0,0.0,0.0,4.0,26.2,45.2,19.8,0.6,0.2,0.0,0.2,0.2,0.6,117.2
Centro,290340901A,Belmonte,Belmonte (Centro) - 290340901A,-15.859,-38.878,Sul,RPGA do Rio Jequitinhonha,2.6,0.4,0.0,0.0,0.0,0.0,0.0,0.0,0.0,1.6,2.0,0.0,0.0,0.0,0.0,0.0,0.0,0.0,4.7,2.0,0.0,0.6,7.3,2.6,13.2,0.0,0.8,0.0,0.0,0.0,0.0,37.6
São João do Panelinha,290560202A,Camacan,Camacan (São João do Panelinha) - 290560202A,-15.375,-39.49,Sul,RPGA do Rio Pardo,9.3,0.0,0.2,5.4,6.9,0.2,0.0,0.0,0.0,0.0,0.0,0.0,0.0,0.0,0.0,0.0,0.0,0.0,3.5,0.0,0.0,0.0,20.7,2.2,14.4,7.7,0.8,0.0,0.0,0.0,5.1,76.4
Centro,290560203A,Camacan,Camacan (Centro) - 290560203A,-15.416,-39.494,Sul,RPGA do Rio Pardo,6.9,0.0,0.0,7.7,6.1,0.0,4.6,0.0,0.0,0.0,0.0,0.0,0.0,0.0,0.0,0.0,0.0,0.0,5.3,0.0,0.0,0.0,18.3,4.4,13.8,5.7,0.4,0.0,0.0,0.0,0.0,73.2
Conquista,291360601A,Ilhéus,Ilhéus (Conquista) - 291360601A,-14.797,-39.046,Sul,RPGA do Leste,0.6,0.6,0.0,36.3,0.0,0.0,0.0,0.0,0.0,1.4,0.2,0.0,0.4,0.0,0.0,0.0,0.0,0.0,3.2,0.0,0.0,0.0,13.8,13.2,21.1,0.2,0.8,0.6,0.0,0.0,6.3,98.7
Malhado,291360602A,Ilhéus,Ilhéus (Malhado) - 291360602A,-14.789,-39.049,Sul,RPGA do Leste,1.8,1.6,0.0,24.6,0.0,0.0,0.0,0.0,0.0,0.0,0.0,0.0,0.0,0.0,0.0,0.0,0.0,0.0,5.5,0.0,0.0,0.0,14.2,12.0,20.1,0.2,0.6,0.2,0.0,0.0,3.3,84.2
São Caetano,291480202A,Itabuna,Itabuna (São Caetano) - 291480202A,-14.806,-39.278,Sul,RPGA do Leste,2.6,0.0,0.0,0.0,0.4,0.0,7.9,2.6,0.0,0.0,0.0,0.0,0.0,0.0,0.0,0.0,0.0,0.2,2.8,0.0,0.0,2.2,21.7,36.3,23.5,0.2,0.0,0.0,0.0,0.0,0.0,100.3
Nova Ferradas,291480203A,Itabuna,Itabuna (Nova Ferradas) - 291480203A,-14.857,-39.347,Sul,RPGA do Leste,0.0,0.0,0.0,2.8,4.6,0.2,0.0,0.0,0.0,0.0,0.0,0.0,0.0,0.0,0.0,0.0,0.0,0.0,6.9,3.9,0.0,0.0,33.4,48.3,22.5,0.2,0.0,0.0,0.0,0.0,1.8,124.4
Planalto I,292110401A,Medeiros Neto,Medeiros Neto (Planalto I) - 292110401A,-17.365,-40.223,Sul,"RPGA dos Rios Peruípe, Itanhém e Jucuruçu",1.6,0.0,0.0,32.8,27.6,0.2,0.8,0.0,0.0,0.0,0.0,0.0,0.0,0.0,0.2,0.0,0.0,0.0,0.0,0.0,0.0,0.2,20.7,3.0,3.0,9.1,20.0,32.6,0.4,0.0,0.0,152.3
Centro,292300102A,Nova Viçosa,Nova Viçosa (Centro) - 292300102A,-17.893,-39.372,Sul,"RPGA dos Rios Peruípe, Itanhém e Jucuruçu",0.0,0.0,0.0,12.2,16.6,0.0,0.0,0.0,0.0,0.0,0.0,0.0,0.0,0.0,0.0,0.2,0.0,0.0,1.2,0.2,2.8,12.2,11.2,0.8,1.0,24.4,19.8,35.0,0.0,0.0,0.0,137.7
Posto da Mata,292300103A,Nova Viçosa,Nova Viçosa (Posto da Mata) - 292300103A,-17.896,-39.37,Sul,"RPGA dos Rios Peruípe, Itanhém e Jucuruçu",0.0,0.0,0.0,12.8,0.0,0.0,0.0,0.0,0.0,0.0,0.0,0.0,0.0,0.0,0.0,0.0,0.0,0.0,2.0,0.0,4.7,12.8,13.5,0.8,1.2,21.6,18.8,34.2,0.0,0.0,0.0,122.3
Areião,292530301A,Porto Seguro,Porto Seguro (Areião) - 292530301A,-16.441,-39.076,Sul,"RPGA dos Rios dos Frades, Buranhém e Santo Antônio",6.3,0.4,0.0,10.1,4.0,0.0,0.0,0.0,0.0,0.0,0.2,0.0,0.0,0.0,0.0,0.0,0.0,0.0,15.5,0.0,0.0,0.0,13.8,7.2,1.0,10.0,3.8,0.0,0.0,0.0,0.0,72.2
Paraguai,292530302A,Porto Seguro,Porto Seguro (Paraguai) - 292530302A,-16.41,-39.08,Sul,"RPGA dos Rios dos Frades, Buranhém e Santo Antônio",15.4,0.2,0.0,2.8,5.2,0.0,0.0,0.0,0.0,0.0,0.4,0.0,0.0,0.0,0.0,0.0,0.0,0.2,10.6,5.2,0.0,3.8,14.6,7.6,1.4,1.4,9.6,0.2,0.0,0.0,0.0,78.6
Trancoso,292530303A,Porto Seguro,Porto Seguro (Trancoso) - 292530303A,-16.595,-39.109,Sul,"RPGA dos Rios dos Frades, Buranhém e Santo Antônio",7.7,1.0,1.0,0.4,11.1,0.0,0.0,0.0,0.0,0.0,0.0,0.0,0.0,0.0,0.0,0.0,0.0,0.6,8.7,0.0,0.0,0.0,16.2,2.4,2.0,15.7,2.0,0.8,0.0,0.0,0.0,69.6
BR367km4,292770501A,Santa Cruz Cabrália,Santa Cruz Cabrália (BR367km4) - 292770501A,-16.321,-39.023,Sul,"RPGA dos Rios dos Frades, Buranhém e Santo Antônio",4.2,0.0,0.0,0.4,1.0,0.0,0.8,0.0,0.0,0.0,0.8,0.0,0.0,0.0,0.0,0.0,0.0,0.8,7.0,0.0,0.0,0.8,5.9,1.2,2.4,7.7,3.4,0.0,0.0,0.0,0.0,36.2
Estádio Municipal,291530401A,Itagimirim,Itagimirim (Estádio Municipal) - 291530401A,-16.089,-39.616,Sul,RPGA do Rio Jequitinhonha,0.2,0.0,0.0,8.5,11.6,0.0,0.0,0.0,0.0,0.0,0.4,0.0,0.0,0.0,0.0,0.0,0.0,0.0,2.6,4.4,0.2,0.0,16.6,9.8,1.4,5.5,1.6,0.0,4.5,0.0,0.0,67.4
Jusante,54945000,Itapebi,Itapebi (Jusante) - 54945000,-15.949,-39.523,Sul,RPGA do Rio Jequitinhonha,1.4,0.0,2.4,1.4,6.8,0.0,0.0,0.0,0.0,0.0,0.0,0.0,0.0,0.0,0.0,0.0,0.0,0.0,1.6,0.4,0.0,0.0,68.4,2.8,5.8,14.4,0.2,0.0,3.8,0.0,0.0,109.4
Pilão Arcado,A449,Pilão Arcado,Pilão Arcado - A449,-10.004,-42.475,São Francisco,RPGA do Lago de Sobradinho,28.4,19.8,28.0,0.0,7.8,0.0,17.6,0.0,0.0,41.2,0.0,0.0,0.0,0.0,0.0,0.0,0.0,0.0,0.0,0.0,0.0,0.0,13.0,25.6,8.4,13.8,39.8,0.0,0.4,0.0,0.0,243.8
Barra,83179,Barra,Barra - 83179,-11.083,-43.167,São Francisco,RPGA do Rio Grande,1.6,0.0,36.4,1.3,38.6,0.0,2.0,18.2,1.8,14.7,0.0,0.0,0.0,0.0,0.0,0.0,0.0,0.0,0.0,0.0,0.0,0.0,28.0,13.6,11.6,50.8,15.0,55.6,0.0,0.0,0.0,289.2
Bom Jesus da Lapa,83288,Bom Jesus da Lapa,Bom Jesus da Lapa - 83288,-13.251,-43.405,São Francisco,RPGA do Rio Carnaíba de Dentro,0.0,19.2,3.0,6.2,76.8,2.2,5.5,0.0,0.0,0.0,0.0,0.0,0.0,0.0,0.0,0.0,0.0,0.0,0.0,0.0,0.0,0.0,27.2,15.3,7.2,15.4,0.0,15.5,0.0,0.0,0.0,193.5
Carinhanha,83408,Carinhanha,Carinhanha - 83408,-14.283,-43.767,São Francisco,"RPGA do Rio Corrente e Riachos do Ramalho, Serra Dourada e Brejo Velho",19.5,72.1,3.9,3.6,39.6,16.9,48.3,0.0,0.0,0.0,0.0,0.0,0.0,0.0,0.0,0.0,0.0,4.7,0.4,0.0,63.6,0.0,26.6,9.7,7.5,6.0,16.1,0.0,3.2,0.0,0.0,341.7
Santa Rita de Cássia,83076,Santa Rita de Cássia,Santa Rita de Cássia - 83076,-11.017,-44.517,São Francisco,RPGA do Rio Grande,20.9,5.2,9.0,1.2,11.0,39.4,0.2,0.6,25.8,21.2,0.0,0.3,0.0,0.0,0.0,0.0,0.0,0.0,25.0,0.0,0.0,0.0,23.0,12.4,6.0,19.0,0.0,2.3,15.8,0.0,0.0,238.3
Guanambí,A426,Guanambí,Guanambí - A426,-14.208,-42.75,São Francisco,RPGA do Rio Carnaíba de Dentro,31.2,43.6,0.2,7.4,74.0,2.4,1.4,0.0,0.0,0.0,0.0,0.0,0.0,0.0,0.0,0.0,0.0,0.0,0.0,0.0,0.0,4.0,58.8,15.2,3.0,6.8,0.6,8.0,0.0,0.0,0.0,256.6
Buritirama,A432,Buritirama,Buritirama - A432,-10.723,-43.651,São Francisco,RPGA do Rio Grande,14.0,0.0,21.4,4.2,12.4,0.0,6.0,9.4,0.6,10.8,0.0,0.0,0.0,0.0,0.0,0.0,0.0,0.0,0.0,0.0,0.0,6.8,17.0,5.8,5.4,0.6,11.2,5.2,2.2,0.0,0.0,133.0
Barra,A429,Barra,Barra - A429,-11.085,-43.139,São Francisco,RPGA do Rio Grande,5.4,0.4,45.4,1.0,46.4,0.0,2.6,22.6,1.8,9.2,3.4,0.4,0.0,0.0,0.0,0.0,0.0,0.0,0.0,0.0,0.0,0.0,34.6,17.6,14.2,27.6,40.4,57.8,0.0,0.0,0.0,330.8
Ibotirama,A439,Ibotirama,Ibotirama - A439,-12.193,-43.213,São Francisco,RPGA dos Rios Paramirim e Santo Onofre,1.4,0.2,8.8,13.0,56.0,0.0,1.0,0.0,0.4,0.0,0.0,0.0,0.0,0.0,0.2,0.0,0.0,15.0,0.0,0.0,17.8,3.2,26.8,4.4,1.6,29.4,1.2,9.0,26.2,0.0,0.0,215.6
Macaúbas,PM-CL-02,Macaúbas,Macaúbas - PM-CL-02,-13.08,-42.696,São Francisco,RPGA dos Rios Paramirim e Santo Onofre,0.0,29.8,23.2,0.2,47.2,10.4,37.2,0.0,0.0,4.6,0.0,0.0,0.0,0.0,0.0,0.0,0.0,0.0,0.0,0.0,0.0,11.8,43.4,1.6,9.8,13.0,3.2,16.6,0.0,0.0,0.0,252.0
Faz. Macambira,46675000,Cotegipe,Cotegipe (Faz. Macambira) - 46675000,-11.611,-44.157,São Francisco,RPGA do Rio Grande,21.4,3.0,9.2,0.2,45.0,0.0,17.4,108.0,17.2,0.0,0.0,0.0,0.0,0.0,0.2,0.0,0.0,0.4,0.0,0.0,0.0,5.6,22.2,12.2,2.2,1.0,1.0,0.8,0.6,0.4,0.4,268.4
Fz.P. Limpo,46870000,Mansidão,Mansidão (Fz.P. Limpo) - 46870000,-11.237,-43.951,São Francisco,RPGA do Rio Grande,12.0,5.0,39.0,14.6,40.0,0.2,3.0,0.8,0.2,9.4,0.0,0.2,0.0,0.0,0.0,0.0,0.0,0.0,0.0,0.0,0.0,1.8,49.4,12.6,9.2,52.2,0.6,36.2,0.2,9.0,0.0,295.6
Santa Maria da Vitória,45910001,Santa Maria da Vitória,Santa Maria da Vitória - 45910001,-13.401,-44.199,São Francisco,"RPGA do Rio Corrente e Riachos do Ramalho, Serra Dourada e Brejo Velho",0.0,35.0,4.6,15.6,16.0,3.6,20.4,0.0,0.0,0.0,0.0,0.0,0.0,0.0,0.0,0.0,0.0,0.0,0.0,0.0,0.0,13.6,19.8,17.2,4.0,30.0,0.0,65.4,1.2,0.0,0.0,246.4
Bom Jesus da Lapa,45480000,Bom Jesus da Lapa,Bom Jesus da Lapa - 45480000,-13.257,-43.435,São Francisco,"RPGA do Rio Corrente e Riachos do Ramalho, Serra Dourada e Brejo Velho",0.0,19.2,9.8,4.0,57.4,1.8,11.2,0.0,0.0,0.0,0.0,0.2,0.0,0.0,0.0,0.0,0.0,0.0,0.2,0.0,0.0,43.6,40.8,10.0,3.8,6.8,0.0,10.8,0.0,0.0,0.0,219.6
Barra,46998000,Barra,Barra - 46998000,-11.093,-43.14,São Francisco,RPGA do Rio Grande,2.2,0.2,41.6,2.8,50.6,0.2,1.4,36.2,4.6,11.4,0.0,0.0,0.0,0.0,0.0,0.0,0.0,0.2,0.0,0.0,0.0,0.0,30.0,12.6,13.0,49.2,11.8,48.2,0.0,0.0,0.0,316.2
Boqueirão,46902000,Mansidão,Mansidão (Boqueirão) - 46902000,-11.345,-43.826,São Francisco,RPGA do Rio Grande,11.0,0.0,31.8,12.4,54.0,0.0,16.6,0.0,0.0,28.8,0.0,0.0,0.0,0.0,0.0,0.0,0.0,0.0,0.0,0.0,0.0,25.6,69.6,9.8,10.2,55.6,1.0,19.0,0.2,0.0,0.0,345.6
Boquira,PM-PR-05,Boquira,Boquira - PM-PR-05,-12.81,-42.718,São Francisco,RPGA dos Rios Paramirim e Santo Onofre,0.0,1.6,68.6,0.8,23.6,0.8,4.6,0.0,18.8,0.0,0.0,0.0,0.0,0.0,0.0,0.0,0.0,0.0,0.0,0.0,0.0,9.0,23.6,2.4,15.8,16.8,5.0,27.0,0.0,0.2,0.0,218.6
Volta da Serra,CD-CL-02,Paratinga,Paratinga (Volta da Serra) - CD-CL-02,-12.576,-43.128,São Francisco,RPGA do Rio Carnaíba de Dentro,0.2,0.4,41.4,6.4,60.0,0.6,0.8,0.0,1.0,0.0,0.0,0.0,0.0,0.0,0.0,0.0,0.0,0.0,0.0,0.0,0.0,1.4,0.2,0.0,0.2,0.6,0.8,0.8,0.4,0.4,0.4,116.0
Xique-Xique,PM-CL-05,Xique-Xique,Xique-Xique - PM-CL-05,-10.825,-42.689,São Francisco,RPGA dos Rios Paramirim e Santo Onofre,2.2,0.0,21.4,0.0,17.8,0.0,0.8,1.0,5.4,5.4,0.0,0.0,0.0,0.0,0.0,0.0,0.0,0.0,0.0,0.0,19.0,2.4,34.6,22.2,7.8,3.2,4.2,0.0,0.0,0.0,0.0,147.4
Boquira,290410001C,Boquira,Boquira - 290410001C,-12.81,-42.718,São Francisco,RPGA dos Rios Paramirim e Santo Onofre,0.0,0.0,3.8,0.6,13.6,0.6,4.2,0.0,0.0,0.0,0.0,0.0,0.0,0.0,0.0,0.0,0.0,0.0,0.0,0.0,0.0,0.8,3.2,1.2,12.4,0.2,3.6,19.2,0.0,0.0,0.0,63.4
Guanambi,291170901C,Guanambi,Guanambi - 291170901C,-14.212,-42.839,São Francisco,RPGA do Rio Carnaíba de Dentro,0.8,37.2,0.0,1.0,97.0,2.0,11.0,0.0,0.0,0.0,0.0,0.0,0.0,0.0,0.0,0.0,0.0,0.0,0.0,0.0,0.0,7.2,56.6,13.8,4.6,2.6,0.4,8.4,0.2,0.0,0.0,242.8
Licínio de Almeida,291940501C,Licínio de Almeida,Licínio de Almeida - 291940501C,-14.689,-42.503,São Francisco,RPGA do Rio de Contas,6.4,11.4,0.8,1.0,16.2,6.6,11.4,0.0,0.0,0.0,0.0,0.0,0.0,0.0,0.0,0.0,0.0,0.0,0.0,0.0,0.0,0.2,8.4,2.6,1.6,0.0,1.6,0.2,0.4,0.0,0.0,68.8
