nome_estacao,codigo,municipio,estacao,latitude,longitude,regiao,rpga,01_09_20,02_09_20,03_09_20,04_09_20,05_09_20,06_09_20,07_09_20,08_09_20,09_09_20,10_09_20,11_09_20,12_09_20,13_09_20,14_09_20,15_09_20,16_09_20,17_09_20,18_09_20,19_09_20,20_09_20,21_09_20,22_09_20,23_09_20,24_09_20,25_09_20,26_09_20,27_09_20,28_09_20,29_09_20,30_09_20,total
Lençóis,83242,Lençóis,Lençóis - 83242,-12.557,-41.389,Chapada Diamantina,RPGA do Rio Paraguaçu,0.0,0.0,3.0,1.3,10.1,1.2,0.6,2.4,1.3,0.3,0.0,1.0,6.3,4.8,1.4,1.9,5.0,0.0,0.0,0.0,0.0,0.0,0.5,0.2,0.0,0.0,0.0,0.0,0.0,0.0,41.3
Piatã,A430,Piatã,Piatã - A430,-13.156,-41.774,Chapada Diamantina,RPGA do Rio de Contas,0.0,0.0,3.2,0.4,2.8,0.2,0.0,3.4,0.0,0.0,0.0,0.0,0.8,10.0,0.4,1.6,1.0,0.0,0.0,0.0,0.0,0.0,0.0,0.0,0.0,0.0,0.0,0.0,0.0,0.0,23.8
Livramento de Nossa Senhora,291950401U,Livramento de Nossa Senhora,Livramento de Nossa Senhora - 291950401U,-13.683,-41.841,Chapada Diamantina,RPGA do Rio de Contas,0.0,0.0,1.0,0.0,0.0,0.0,0.0,0.0,0.0,0.0,0.0,0.0,0.0,0.0,0.0,0.0,0.0,0.0,0.0,0.0,0.0,0.0,0.0,0.0,0.0,0.0,0.0,0.0,0.0,0.0,1.0
Iaçu,51280000,Iaçu,Iaçu - 51280000,-12.762,-40.214,Chapada Diamantina,RPGA do Rio Paraguaçu,0.0,6.0,6.0,0.0,3.2,0.4,1.0,1.8,2.2,0.4,0.2,0.0,3.0,5.2,2.0,2.4,1.4,0.0,0.0,0.0,0.0,0.0,0.0,0.0,0.0,0.0,0.0,0.0,0.0,0.0,35.2
Lençóis,A425,Lençóis,Lençóis - A425,-12.558,-41.389,Chapada Diamantina,RPGA do Rio Paraguaçu,0.0,0.0,3.2,1.4,11.2,1.4,0.6,2.8,1.2,0.4,0.0,1.0,7.0,4.8,1.0,1.8,4.6,0.0,0.0,0.0,0.0,0.0,0.6,0.0,0.0,0.0,0.0,0.0,0.0,0.0,43.0
Itaetê,,Itaetê,Itaetê,-12.992,-40.961,Chapada Diamantina,RPGA do Rio Paraguaçu,0.0,0.0,0.0,0.2,1.2,0.0,0.0,0.0,0.0,0.0,0.0,0.0,0.0,0.2,0.0,0.0,0.0,0.0,0.0,0.0,0.0,0.0,0.0,0.0,0.0,0.0,0.0,0.0,0.0,0.0,1.6
Lagoa Bonita,PG-PR-15,Iacú,Iacú (Lagoa Bonita) - PG-PR-15,-12.932,-40.226,Chapada Diamantina,RPGA do Rio Paraguaçu,0.0,0.0,2.0,0.2,3.4,0.8,0.0,1.8,1.6,0.2,0.0,0.4,0.4,0.0,4.6,2.2,0.2,0.0,0.0,0.0,0.0,0.2,0.6,0.0,0.0,0.0,0.0,0.0,0.0,0.0,18.6
João Amaro,PG-PR-16,Iaçu,Iaçu (João Amaro) - PG-PR-16,-12.8,-40.363,Chapada Diamantina,RPGA do Rio Paraguaçu,0.0,0.2,10.8,0.6,3.0,0.8,1.0,0.4,2.8,0.0,0.0,0.8,3.4,0.8,0.4,5.4,0.0,0.0,0.0,0.0,0.0,0.0,2.0,0.0,0.0,0.0,0.0,0.0,0.0,0.0,32.4
Guiné,PG-PR-24,Mucugê,Mucugê (Guiné) - PG-PR-24,-12.772,-41.541,Chapada Diamantina,RPGA do Rio Paraguaçu,0.0,0.6,0.4,1.8,1.0,0.4,0.0,2.4,0.0,0.6,0.0,0.0,1.8,7.2,0.8,2.8,0.0,0.0,0.0,0.0,0.0,0.0,0.0,0.0,0.0,0.0,0.0,0.0,0.0,0.0,19.8
Machado Portela,PG-PR-26,Marcionílio Souza,Marcionílio Souza (Machado Portela) - PG-PR-26,-13.154,-40.768,Chapada Diamantina,RPGA do Rio Paraguaçu,0.0,0.0,1.4,2.2,2.6,0.0,0.8,1.6,0.0,0.0,0.0,0.0,0.0,1.2,2.4,2.6,0.0,0.0,0.0,0.0,0.0,0.0,0.0,0.0,0.0,0.0,0.0,0.0,0.0,0.0,14.8
Rio do Pires,PM-CL-04,Rio do Pires,Rio do Pires - PM-CL-04,-13.117,-42.284,Chapada Diamantina,RPGA dos Rios Paramirim e Santo Onofre,0.0,0.0,0.0,0.0,0.0,0.0,0.0,0.0,0.0,0.0,0.0,0.0,0.0,0.0,0.0,0.0,0.0,0.0,0.0,0.0,0.0,0.0,0.0,0.0,0.0,0.0,0.0,0.0,0.0,0.0,0.0
Iaçu,PG-CL-05,Iaçu,Iaçu - PG-CL-05,-12.911,-40.032,Chapada Diamantina,RPGA do Rio Paraguaçu,0.0,3.8,4.4,0.0,1.2,0.8,0.2,2.8,1.6,1.8,0.0,3.4,1.2,0.2,1.6,2.6,0.0,0.0,0.0,0.0,0.0,0.0,0.0,0.0,0.0,0.0,0.0,0.0,0.0,0.0,25.6
Ibiaporã,PG-CL-01,Mundo Novo,Mundo Novo (Ibiaporã) - PG-CL-01,-12.054,-40.837,Chapada Diamantina,RPGA do Rio Paraguaçu,0.4,10.2,2.0,1.6,1.6,0.6,0.8,8.8,3.6,1.4,0.6,0.4,4.4,0.6,8.8,5.4,4.0,0.0,0.0,0.2,5.8,5.0,2.0,1.6,0.0,1.2,0.0,0.0,0.0,0.0,71.0
Marcionílio Souza,PG-CL-03,Marcionílio Souza,Marcionílio Souza - PG-CL-03,-13.0,-40.538,Chapada Diamantina,RPGA do Rio Paraguaçu,0.0,0.0,0.2,2.0,14.2,2.8,0.6,0.6,0.0,2.0,0.4,0.0,0.2,1.0,1.0,2.6,0.4,0.0,0.0,0.0,0.0,0.0,0.2,0.0,0.0,0.0,0.0,0.0,0.0,0.0,28.2
Baixa Grande,PG-PR-08,Baixa Grande,Baixa Grande - PG-PR-08,-11.909,-40.184,Chapada Diamantina,RPGA do Rio Paraguaçu,1.4,11.2,8.4,0.0,1.4,0.0,0.0,3.0,12.6,3.6,0.2,0.0,6.0,22.6,6.4,6.2,0.4,0.2,0.0,0.0,0.0,0.4,0.2,0.4,7.4,9.4,0.6,0.0,0.0,0.0,102.0
Ventura,PG-PR-10,Morro do Chapéu,Morro do Chapéu (Ventura) - PG-PR-10,-11.651,-40.952,Chapada Diamantina,RPGA do Rio Paraguaçu,1.4,2.0,1.4,0.2,1.2,0.2,0.2,1.4,6.4,1.8,0.0,0.0,2.4,7.8,3.6,2.2,0.4,0.0,0.0,0.0,0.0,0.0,0.0,0.4,0.0,0.8,0.2,0.0,0.0,0.0,34.0
Bonito,PG-PR-11,Bonito,Bonito - PG-PR-11,-11.99,-41.254,Chapada Diamantina,RPGA do Rio Paraguaçu,1.0,21.6,4.0,3.2,6.6,2.2,0.8,9.8,6.8,0.8,1.0,0.0,5.8,2.2,5.2,6.6,4.2,0.2,0.0,0.0,0.0,0.0,3.8,2.0,0.0,2.0,0.0,0.0,0.0,0.0,89.8
Cafarnaum,290530501C,Cafarnaum,Cafarnaum - 290530501C,-11.745,-41.498,Chapada Diamantina,RPGA dos Rios Verde e Jacaré,0.0,0.0,0.0,0.4,0.0,0.4,0.0,0.0,0.0,0.2,0.0,0.0,1.0,0.2,0.0,0.0,0.0,0.0,0.0,0.0,0.0,0.0,0.0,0.0,0.0,0.0,0.0,0.0,0.0,0.0,2.2
Piatã,CO-CL-04,Piatã,Piatã - CO-CL-04,-13.164,-41.771,Chapada Diamantina,RPGA do Rio de Contas,0.0,0.0,2.8,1.5,3.2,0.0,0.0,1.5,0.0,0.0,0.0,0.0,0.0,14.0,1.0,4.8,2.0,0.0,0.0,0.0,0.0,0.0,0.0,0.0,0.0,0.0,0.0,0.0,0.0,0.0,30.8
PC Ponte Rio Capivari,51326200,Itaberaba,Itaberaba (PC Ponte Rio Capivari) - 51326200,-12.514,-39.934,Chapada Diamantina,RPGA do Rio Paraguaçu,0.0,7.6,4.0,0.8,4.0,0.4,0.0,0.4,1.2,0.4,0.4,0.0,0.8,1.2,1.6,0.8,0.0,0.0,0.0,0.0,0.0,0.0,1.2,0.0,0.0,0.0,0.0,0.0,0.0,0.0,24.8
Fazenda Terra Grapiúna,PG-FR-04,Wagner,Wagner (Fazenda Terra Grapiúna) - PG-FR-04,-12.181,-41.151,Chapada Diamantina,RPGA do Rio Paraguaçu,0.0,0.6,0.0,2.4,0.4,0.4,0.2,0.6,1.2,0.0,0.0,0.0,0.8,0.0,0.0,0.8,0.6,0.0,0.0,0.0,0.0,0.0,0.0,0.0,0.0,0.0,0.0,0.0,0.0,0.0,8.0
Itaberaba,291470301C,Itaberaba,Itaberaba - 291470301C,-12.458,-40.202,Chapada Diamantina,RPGA do Rio Paraguaçu,0.0,8.8,6.4,1.2,7.8,3.4,0.6,0.6,3.0,0.0,0.0,0.2,1.4,3.0,1.2,4.2,1.6,0.0,0.0,0.0,0.0,0.4,1.4,0.2,0.0,0.8,0.0,0.0,0.0,0.0,46.2
Utinga,293280401C,Utinga,Utinga - 293280401C,-12.076,-41.102,Chapada Diamantina,RPGA do Rio Paraguaçu,0.0,3.2,0.8,0.8,0.6,0.0,0.0,1.2,1.0,0.2,0.2,0.0,1.4,2.0,1.0,0.4,0.6,0.0,0.0,0.0,0.0,0.0,0.0,0.2,0.0,0.0,0.0,0.0,0.0,0.0,13.6
Barro Alto,290323501C,Barro Alto,Barro Alto - 290323501C,-11.812,-41.901,Chapada Diamantina,RPGA dos Rios Verde e Jacaré,0.0,0.0,0.0,0.0,0.0,0.0,0.0,0.0,0.0,2.8,0.0,0.0,0.0,1.6,0.0,1.0,0.0,0.0,0.0,0.0,0.0,0.0,0.2,0.0,0.0,0.0,0.0,0.0,0.0,0.0,5.6
Ibicoara,291220201C,Ibicoara,Ibicoara - 291220201C,-13.446,-41.298,Chapada Diamantina,RPGA do Rio de Contas,0.0,0.0,1.6,3.4,0.0,1.6,1.2,10.2,0.0,0.4,0.2,0.0,9.4,4.8,1.2,4.0,1.0,0.0,0.0,0.0,0.0,0.0,0.2,1.0,0.0,0.0,0.0,0.0,0.0,0.0,40.2
Rio de Contas,292670701C,Rio de Contas,Rio de Contas - 292670701C,-13.57,-41.819,Chapada Diamantina,RPGA do Rio de Contas,0.0,0.0,5.0,0.4,0.0,0.2,0.0,0.8,0.0,0.0,0.0,0.2,1.8,1.4,0.0,0.8,0.2,0.0,0.0,0.0,0.0,0.0,0.0,0.0,0.0,0.0,0.0,0.0,0.0,0.0,10.8
Chorrochó,290770701C,Chorrochó,Chorrochó - 290770701C,-8.984,-39.118,Nordeste,RPGA dos Rios Macururé e Curaçá,0.0,0.0,0.6,0.0,0.0,0.0,0.0,0.0,0.4,0.0,0.0,0.0,0.0,0.0,0.0,0.0,0.0,0.0,0.0,0.0,0.0,0.0,0.0,0.0,0.0,0.0,0.0,0.0,0.0,0.0,1.0
Rodelas,292710101C,Rodelas,Rodelas - 292710101C,-8.852,-38.765,Nordeste,RPGA dos Rios Macururé e Curaçá,0.0,0.0,0.0,0.0,0.0,0.0,0.0,0.0,0.0,0.0,0.0,0.0,0.0,0.0,0.0,0.0,0.0,0.0,0.0,0.0,0.0,0.0,0.0,0.0,0.0,0.0,0.0,0.0,0.0,0.0,0.0
Ladeira Vermelha,291750801A,Jacobina,Jacobina (Ladeira Vermelha) - 291750801A,-11.162,-40.554,Nordeste,RPGA do Rio Itapicuru,1.4,1.4,1.8,0.8,0.8,0.0,0.0,2.0,2.0,2.8,0.0,0.0,2.0,4.0,9.4,1.6,0.2,0.0,0.0,0.0,0.0,0.0,0.0,0.0,3.0,3.0,0.6,0.0,0.0,0.0,36.8
Feliz Tomaz,291750802A,Jacobina,Jacobina (Feliz Tomaz) - 291750802A,-11.174,-40.518,Nordeste,RPGA do Rio Itapicuru,3.0,3.2,1.0,2.4,0.8,0.2,0.0,8.6,7.0,6.8,0.0,0.4,4.4,8.0,18.8,5.2,2.0,0.0,0.0,0.0,0.0,0.0,0.0,0.4,5.8,9.0,0.4,0.0,0.0,0.0,87.4
Conde,A431,Conde,Conde - A431,-12.036,-37.683,Nordeste,RPGA do Rio Itapicuru,6.0,4.0,4.6,3.8,0.0,4.8,8.8,6.6,1.0,5.0,0.0,0.0,1.2,5.0,17.8,3.0,1.2,0.0,7.2,1.2,0.4,37.8,0.0,0.0,1.2,0.6,0.0,0.0,0.0,0.0,121.2
Uauá,A435,Uauá,Uauá - A435,-9.834,-39.496,Nordeste,RPGA do Rio Vaza-Barris,0.2,0.2,0.8,0.0,0.6,0.0,0.0,0.0,0.4,0.0,0.0,0.0,0.0,0.4,0.4,1.4,0.0,0.0,0.0,0.0,0.0,0.0,0.0,0.0,0.0,0.0,0.0,0.0,0.0,0.0,4.4
Euclides da Cunha,A442,Euclides da Cunha,Euclides da Cunha - A442,-10.537,-38.997,Nordeste,RPGA do Rio Itapicuru,1.2,0.4,1.2,0.2,0.0,0.0,0.0,2.4,4.4,0.0,0.0,0.2,0.0,3.0,1.8,0.0,0.0,0.0,0.0,0.0,0.0,0.0,0.0,0.0,0.8,0.0,0.0,0.0,0.0,0.0,15.6
Queimadas,A436,Queimadas,Queimadas - A436,-10.985,-39.617,Nordeste,RPGA do Rio Itapicuru,0.4,0.8,0.0,0.0,0.0,0.0,0.0,0.4,1.4,0.0,0.0,0.0,0.0,1.6,0.0,1.0,0.0,0.0,0.0,0.0,0.0,0.0,0.0,0.0,0.2,0.0,0.0,0.0,0.0,0.0,5.8
Heliópolis,291185701C,Heliópolis,Heliópolis - 291185701C,-10.673,-38.327,Nordeste,RPGA do Rio Real,3.2,0.2,0.0,0.2,0.0,0.0,0.2,2.0,0.4,0.4,0.0,0.2,0.0,4.4,0.2,0.0,0.0,0.0,0.0,0.0,0.0,0.0,0.0,0.0,0.2,0.4,0.0,0.2,0.0,0.0,12.2
Senhor do Bonfim,A428,Senhor do Bonfim,Senhor do Bonfim - A428,-10.443,-40.148,Nordeste,RPGA do Rio Itapicuru,4.8,2.8,4.6,0.0,1.2,0.0,0.0,1.4,1.4,1.2,0.0,0.0,0.6,2.6,0.0,4.0,0.2,0.0,0.0,0.0,0.0,0.0,0.0,0.0,0.2,0.8,0.0,0.0,0.0,0.0,25.8
Pedras Altas,50430000,Capim Grosso,Capim Grosso (Pedras Altas) - 50430000,-11.183,-40.047,Nordeste,RPGA do Rio Itapicuru,3.0,1.4,0.8,0.2,0.0,0.0,0.0,0.0,0.0,1.2,0.0,0.0,0.6,5.0,1.4,1.2,0.8,0.0,0.0,0.0,0.0,0.0,0.0,0.0,1.8,0.2,0.0,0.0,0.0,0.0,17.6
Ponto Novo,50380000,Ponto Novo,Ponto Novo - 50380000,-10.845,-40.113,Nordeste,RPGA do Rio Itapicuru,2.8,1.2,1.8,0.4,1.2,0.0,0.0,2.4,0.8,0.6,0.0,0.0,0.2,3.0,1.6,0.6,0.4,0.0,0.0,0.0,0.0,0.0,0.0,0.0,0.0,1.4,0.4,0.0,0.0,0.0,18.8
Capim Grosso,IT-CL-03,Capim Grosso,Capim Grosso - IT-CL-03,-11.368,-40.034,Nordeste,RPGA do Rio Itapicuru,2.2,3.0,2.0,1.4,0.0,0.2,0.0,1.8,0.2,1.8,0.0,0.8,0.8,9.6,3.2,0.4,0.4,0.0,0.0,0.0,0.0,0.0,0.0,0.0,2.8,2.6,0.0,0.0,0.0,0.0,33.2
Aporá,IT-CL-01,Aporá,Aporá - IT-CL-01,-11.671,-38.175,Nordeste,RPGA do Rio Itapicuru,7.2,3.4,0.4,2.6,1.2,2.0,1.2,3.2,6.6,6.6,0.0,0.4,2.4,5.0,1.8,2.4,0.0,0.0,0.0,0.2,0.2,0.0,0.0,0.0,0.0,0.0,0.0,0.0,0.0,0.0,46.8
Pé de Serra,PG-CL-07,Pé de Serra,Pé de Serra - PG-CL-07,-11.837,-39.659,Nordeste,RPGA do Rio Paraguaçu,2.0,8.4,2.6,0.2,0.4,0.4,0.0,5.2,0.6,0.2,0.0,0.8,2.2,13.6,5.8,1.6,0.0,0.0,0.0,0.0,0.0,0.4,0.4,0.2,1.6,2.8,0.0,0.0,0.0,0.0,49.4
Caldas do Jorro,IT-CL-05,Tucano,Tucano (Caldas do Jorro) - IT-CL-05,-11.035,-38.804,Nordeste,RPGA do Rio Itapicuru,0.0,0.4,1.0,0.8,0.0,0.0,0.2,3.6,1.4,0.0,0.0,0.0,2.4,3.6,0.8,1.0,0.0,0.0,0.0,0.0,0.0,0.0,0.0,0.0,0.0,0.0,0.0,0.0,0.0,0.0,15.2
Saúde,IT-CL-04,Saúde,Saúde - IT-CL-04,-10.957,-40.383,Nordeste,RPGA do Rio Itapicuru,8.0,3.4,3.0,1.4,0.6,0.0,0.0,0.4,0.8,0.4,0.0,0.2,0.2,6.8,1.0,1.8,1.4,0.0,0.0,0.0,0.0,0.0,0.0,0.0,2.0,1.2,0.0,0.0,0.0,0.0,32.6
Lajinha,IT-CL-06,Várzea do Poço,Várzea do Poço (Lajinha) - IT-CL-06,-11.496,-40.345,Nordeste,RPGA do Rio Itapicuru,9.8,4.8,3.2,1.4,0.0,0.0,0.0,11.0,0.8,1.8,0.2,0.6,5.0,5.6,14.4,2.6,0.4,0.0,0.0,0.0,0.0,0.4,0.2,0.0,2.2,4.6,0.0,0.0,0.0,0.0,69.0
Itapeipu,IT-PR-34,Jacobina,Jacobina (Itapeipu) - IT-PR-34,-11.316,-40.357,Nordeste,RPGA do Rio Itapicuru,3.0,16.6,2.6,0.2,2.2,0.0,0.0,2.4,3.6,2.8,0.2,0.2,4.0,9.0,6.2,2.4,1.0,0.0,0.0,0.0,0.0,0.2,0.0,0.0,6.6,4.6,0.4,0.0,0.0,0.0,68.2
Caém,IT-PR-35,Caém,Caém - IT-PR-35,-11.093,-40.438,Nordeste,RPGA do Rio Itapicuru,3.6,2.6,5.4,1.0,1.0,0.2,0.0,5.0,5.2,1.6,0.0,0.2,1.2,10.6,8.6,3.6,6.0,0.0,0.0,0.0,0.0,0.2,0.2,0.0,3.4,7.8,0.0,0.0,0.0,0.0,67.4
Tombador Araújo,IT-PR-36,Jacobina,Jacobina (Tombador Araújo) - IT-PR-36,-11.169,-40.671,Nordeste,RPGA do Rio Itapicuru,1.2,0.2,1.2,2.6,1.2,0.0,0.0,3.4,2.6,4.4,0.0,0.0,1.0,2.8,5.0,1.0,0.8,0.0,0.0,0.0,0.0,0.0,0.0,0.0,4.2,3.4,0.2,0.0,0.0,0.0,35.2
Carrapichel,IT-PR-37,Senhor do Bonfim,Senhor do Bonfim (Carrapichel) - IT-PR-37,-10.388,-40.22,Nordeste,RPGA do Rio Itapicuru,7.2,2.6,6.6,0.2,3.2,0.0,0.0,1.2,2.2,1.4,0.0,0.0,0.2,4.2,0.4,2.0,0.0,0.0,0.0,0.0,0.0,0.0,0.0,0.0,0.0,1.2,0.0,0.0,0.0,0.0,32.6
Santaluz,IT-PR-17,Santaluz,Santaluz - IT-PR-17,-11.248,-39.376,Nordeste,RPGA do Rio Itapicuru,2.8,2.4,2.8,0.2,0.2,0.0,0.0,0.8,4.4,0.0,0.0,0.0,1.0,4.8,0.4,0.8,0.0,0.0,0.0,0.0,0.0,0.0,0.0,0.0,5.8,0.0,0.0,0.0,0.0,0.0,26.4
Fazenda Boa Vista,IT-PR-18,Uauá,Uauá (Fazenda Boa Vista) - IT-PR-18,-10.059,-39.706,Nordeste,RPGA do Rio Itapicuru,1.8,0.0,2.4,0.0,0.0,0.6,0.0,0.4,0.0,0.2,0.0,0.0,0.0,0.0,0.0,0.0,0.0,0.0,0.0,0.0,0.0,0.0,0.0,0.0,0.0,0.0,0.0,0.0,0.0,0.0,5.4
Cansanção,IT-PR-20,Cansanção,Cansanção - IT-PR-20,-10.703,-39.544,Nordeste,RPGA do Rio Itapicuru,0.8,1.4,3.0,0.0,0.6,0.0,0.6,1.2,2.0,0.2,0.0,0.0,0.6,3.0,0.4,1.2,0.2,0.0,0.0,0.0,0.0,0.0,0.0,0.0,0.0,0.0,0.0,0.0,0.0,0.0,15.2
Quijingue,IT-PR-25,Quijingue,Quijingue - IT-PR-25,-10.784,-39.208,Nordeste,RPGA do Rio Itapicuru,1.6,1.2,1.4,0.6,0.2,1.0,1.8,2.4,2.4,0.4,0.2,0.0,0.8,8.8,0.0,1.2,1.0,0.6,0.4,0.0,0.4,0.0,0.0,0.0,0.4,0.0,0.0,0.0,0.0,0.0,26.8
Inhambupe,RN-CL-10,Inhambupe,Inhambupe - RN-CL-10,-11.693,-38.314,Nordeste,RPGA do Recôncavo Norte,11.8,3.2,1.0,1.8,0.2,0.0,2.6,8.4,4.4,2.6,0.2,0.0,2.8,7.0,4.0,2.4,0.0,0.2,0.0,0.2,0.0,1.8,0.0,0.6,5.4,1.8,0.2,0.2,0.0,0.0,62.8
Curral Falso,IT-PR-01,Ribeira do Pombal,Ribeira do Pombal (Curral Falso) - IT-PR-01,-10.698,-38.571,Nordeste,RPGA do Rio Itapicuru,2.6,1.4,0.0,0.0,1.2,0.0,0.0,1.2,2.0,0.0,0.0,0.0,0.0,1.4,0.0,0.0,0.0,0.0,0.0,0.0,0.0,0.0,0.0,0.0,1.4,0.6,0.0,0.0,0.0,0.0,11.8
Ribeira do Pombal,IT-PR-04,Ribeira do Pombal,Ribeira do Pombal - IT-PR-04,-10.823,-38.546,Nordeste,RPGA do Rio Itapicuru,1.8,0.6,1.0,0.4,0.4,0.6,0.2,5.2,0.2,0.0,0.0,0.0,1.8,4.8,1.0,0.0,0.0,0.0,0.0,0.0,0.0,0.0,0.0,0.0,0.6,0.2,0.0,0.8,0.0,0.0,19.6
Crisópolis,IT-PR-08,Crisópolis,Crisópolis - IT-PR-08,-11.511,-38.121,Nordeste,RPGA do Rio Itapicuru,5.0,2.0,0.2,1.8,0.0,0.4,2.0,2.8,5.8,0.2,0.2,0.0,2.2,5.6,0.8,4.4,0.2,0.0,0.0,0.0,0.0,0.2,0.0,0.0,1.4,3.4,0.0,0.0,0.0,0.0,38.6
Estação Experimental,IT-PR-10,Nova Soure,Nova Soure (Estação Experimental) - IT-PR-10,-11.308,-38.536,Nordeste,RPGA do Rio Itapicuru,3.0,0.8,0.8,1.8,0.0,0.0,0.4,4.2,2.8,3.0,0.0,0.0,1.0,3.6,4.0,1.0,0.0,0.0,0.0,0.2,0.0,0.0,0.0,0.0,1.2,0.0,0.2,0.0,0.0,1.2,29.2
Boa Hora,IT-PR-13,Ribeira do Amparo,Ribeira do Amparo (Boa Hora) - IT-PR-13,-10.965,-38.523,Nordeste,RPGA do Rio Itapicuru,0.6,1.4,0.4,3.6,0.0,1.4,2.2,3.0,4.4,0.0,0.0,0.0,0.6,7.2,0.2,0.4,0.0,0.0,0.0,0.0,0.0,0.0,0.0,0.0,0.8,0.0,0.0,0.2,0.0,0.0,26.4
Jeremoabo,A450,Jeremoabo,Jeremoabo - A450,-10.081,-38.346,Nordeste,RPGA do Rio Vaza-Barris,0.6,0.8,0.6,0.0,1.0,0.0,1.6,0.6,0.0,1.4,0.0,0.0,0.0,1.6,4.4,0.0,0.0,2.4,0.0,0.0,0.0,0.0,0.0,0.0,0.0,0.0,0.0,0.0,0.0,0.0,15.0
Fazenda Alecrim ,IT-FR-21,Filadélfia,Filadélfia (Fazenda Alecrim ) - IT-FR-21,-10.752,-40.224,Nordeste,RPGA do Rio Itapicuru,4.8,2.0,3.4,0.0,1.2,0.0,0.0,8.4,0.4,3.8,0.8,0.0,0.6,2.0,1.0,0.6,1.0,0.0,0.0,0.0,0.0,0.0,0.0,0.0,0.4,0.6,0.0,0.0,0.0,0.0,31.0
Queimadas,IT-FR-26,Queimadas,Queimadas - IT-FR-26,-10.973,-39.633,Nordeste,RPGA do Rio Itapicuru,1.8,3.0,1.2,0.0,0.0,0.0,0.0,3.6,1.4,0.4,0.0,0.2,0.4,2.8,0.6,2.6,0.0,0.0,0.0,0.0,0.0,0.0,0.0,0.0,0.2,0.2,0.0,0.0,0.0,0.0,18.4
Quixabeira,292593101C,Quixabeira,Quixabeira - 292593101C,-11.373,-40.129,Nordeste,RPGA do Rio Itapicuru,5.4,1.6,5.0,0.0,0.0,0.8,0.0,1.0,0.0,1.4,0.0,0.2,1.8,4.8,13.6,0.6,0.0,0.0,0.0,0.0,0.0,0.0,0.0,0.0,2.4,2.0,0.2,0.0,0.0,0.0,40.8
Teofilândia,293150901C,Teofilândia,Teofilândia - 293150901C,-11.506,-38.948,Nordeste,RPGA do Recôncavo Norte,2.0,3.6,4.8,1.0,0.0,1.4,0.0,5.4,3.0,1.0,0.2,0.0,0.2,0.4,0.4,0.2,0.0,0.0,0.0,0.0,0.0,0.0,0.0,0.0,3.2,0.2,0.0,0.0,0.0,0.0,27.0
Itaberaba,291840701A,Juazeiro,Juazeiro (Itaberaba) - 291840701A,-9.448,-40.485,Norte,RPGA dos Rios Macururé e Curaçá,0.0,0.0,0.0,0.0,0.0,0.2,0.0,0.0,0.0,0.0,0.0,0.0,0.0,0.0,0.0,0.0,0.0,0.0,0.0,0.0,0.0,0.0,0.0,0.0,0.0,0.0,0.0,0.0,0.0,0.0,0.2
Maria Gorete,291840703A,Juazeiro,Juazeiro (Maria Gorete) - 291840703A,-9.42,-40.499,Norte,RPGA dos Rios Macururé e Curaçá,0.0,0.0,0.0,0.0,0.0,0.4,0.0,0.0,0.0,0.0,0.0,0.0,0.0,0.0,0.0,0.0,0.0,0.0,0.0,0.0,0.0,0.0,0.0,0.0,0.0,0.0,0.0,0.0,0.0,0.0,0.4
João Paulo II,291840704A,Juazeiro,Juazeiro (João Paulo II) - 291840704A,-9.471,-40.498,Norte,RPGA dos Rios Macururé e Curaçá,0.0,0.0,0.0,0.0,0.0,0.0,0.0,0.0,0.0,0.0,0.0,0.0,0.0,0.0,0.0,0.0,0.0,0.0,0.0,0.0,0.0,0.0,0.0,0.0,0.0,0.0,0.0,0.0,0.0,0.0,0.0
Lapão,291915701A,Lapão,Lapão - 291915701A,-11.38,-41.83,Norte,RPGA dos Rios Verde e Jacaré,0.0,0.0,0.0,0.0,0.0,0.0,0.0,0.0,1.0,0.0,0.0,0.0,1.0,0.0,0.0,0.0,0.0,0.0,0.0,0.0,0.0,0.0,0.0,0.0,0.0,0.0,0.0,0.0,0.0,0.0,2.0
Centro,290115501A,América Dourada,América Dourada (Centro) - 290115501A,-11.45,-41.434,Norte,RPGA dos Rios Verde e Jacaré,0.0,0.0,0.0,0.0,0.0,0.0,0.2,0.0,0.0,0.0,0.0,0.0,0.0,0.0,0.8,0.0,0.2,0.0,0.0,0.0,0.0,0.0,0.0,0.0,0.0,0.0,0.0,0.0,0.0,0.0,1.2
Remanso,A423,Remanso,Remanso - A423,-9.626,-42.077,Norte,RPGA do Lago de Sobradinho,0.0,0.0,0.0,0.0,0.0,0.0,0.0,0.0,0.0,0.0,0.0,0.0,0.0,0.0,0.0,0.0,0.0,0.0,0.0,0.0,0.0,0.0,0.0,0.0,0.0,0.0,0.0,0.0,0.0,0.0,0.0
Irecê,A424,Irecê,Irecê - A424,-11.329,-41.865,Norte,RPGA dos Rios Verde e Jacaré,0.0,0.0,0.0,0.0,0.0,0.0,0.0,0.0,0.0,0.2,0.0,0.0,0.2,0.2,0.8,0.0,0.0,0.0,0.0,0.0,0.0,0.0,0.0,0.0,0.0,0.0,0.0,0.0,0.0,0.0,1.4
Várzea Nova,SA-CL-02,Várzea Nova,Várzea Nova - SA-CL-02,-11.24,-40.936,Norte,RPGA do Rio Salitre,0.0,0.4,0.0,0.0,0.0,0.0,0.0,1.0,1.0,0.0,0.0,0.0,1.0,2.0,4.2,0.6,0.4,0.0,0.0,0.0,0.0,0.0,0.0,0.0,0.0,0.2,0.0,0.0,0.0,0.0,10.8
Campo Formoso,IT-CL-02,Campo Formoso,Campo Formoso - IT-CL-02,-10.471,-40.334,Norte,RPGA do Rio Itapicuru,5.2,1.8,5.6,0.4,2.8,0.0,0.0,3.4,5.4,0.0,0.0,0.0,1.0,3.6,1.4,4.0,0.4,0.0,0.0,0.0,0.0,0.0,0.0,0.0,0.4,1.0,0.0,0.0,0.2,0.0,36.6
Sento Sé,SO-CL-01,Sento Sé,Sento Sé - SO-CL-01,-9.782,-41.819,Norte,RPGA do Lago de Sobradinho,0.0,0.0,0.0,0.0,0.0,0.0,0.0,0.0,0.0,0.0,0.0,0.0,0.0,0.0,0.0,0.0,0.0,0.0,0.0,0.0,0.0,0.0,0.0,0.0,0.0,0.0,0.0,0.0,0.0,0.0,0.0
Juazeiro,48020000,Juazeiro,Juazeiro - 48020000,-9.406,-40.504,Norte,RPGA dos Rios Macururé e Curaçá,0.0,0.0,0.0,0.0,0.0,0.2,0.0,0.0,0.0,0.0,0.0,0.0,0.0,0.0,0.0,0.0,0.0,0.0,0.0,0.0,0.0,0.0,0.0,0.0,0.0,0.0,0.0,0.0,0.0,0.0,0.2
Aeródromo,SA-PR-03,Campo Formoso,Campo Formoso (Aeródromo) - SA-PR-03,-10.49,-40.487,Norte,RPGA do Rio Itapicuru,2.6,1.0,1.8,1.2,2.4,0.0,0.0,3.4,2.8,0.0,0.0,0.0,1.0,5.2,3.0,0.8,0.6,0.0,0.0,0.0,0.0,0.0,0.0,0.0,1.6,2.2,0.0,0.0,0.0,0.0,29.6
Santa Rosa,SM-PR-01,Jaguarari,Jaguarari (Santa Rosa) - SM-PR-01,-10.098,-39.87,Norte,RPGA dos Rios Macururé e Curaçá,2.0,0.2,2.6,0.0,0.0,0.4,0.0,0.4,0.6,0.0,0.0,0.0,0.0,1.8,0.0,0.4,0.0,0.0,0.0,0.0,0.0,0.0,0.0,0.0,1.6,0.2,0.0,0.0,0.0,0.0,10.2
Jaguarari,IT-PR-28,Jaguarari,Jaguarari - IT-PR-28,-10.269,-40.2,Norte,RPGA do Rio Itapicuru,1.6,0.4,1.8,0.0,0.4,0.0,0.0,0.2,3.6,1.6,0.0,0.0,2.2,10.6,0.6,1.0,0.0,0.0,0.0,0.0,0.0,0.0,0.0,0.0,0.2,0.4,0.0,0.0,0.0,0.0,24.6
Fazenda Vila Verde,,Fazenda Vila Verde,Fazenda Vila Verde,-12.033,-46.054,Oeste,RPGA do Rio Grande,0.0,0.0,0.0,0.0,0.0,0.0,0.0,0.0,0.0,0.0,0.0,0.0,0.0,0.0,0.0,0.0,0.0,0.0,0.0,0.0,0.0,0.0,0.0,1.0,0.0,0.0,0.0,0.0,0.0,0.0,1.0
Fazenda São Roque,,Fazenda São Roque,Fazenda São Roque,-11.959,-45.458,Oeste,RPGA do Rio Grande,0.0,0.0,0.0,0.0,0.0,0.0,0.0,0.0,0.0,0.0,0.0,0.0,0.0,0.0,0.0,0.0,0.0,0.0,0.0,0.0,0.0,0.0,0.0,0.0,0.0,0.0,0.0,0.0,0.0,0.0,0.0
Formosa do Rio Preto,A452,Formosa do Rio Preto,Formosa do Rio Preto - A452,-11.052,-45.201,Oeste,RPGA do Rio Grande,0.0,0.0,0.0,0.0,0.0,0.0,0.0,0.0,0.0,0.0,0.0,0.0,0.0,0.0,0.0,0.0,0.0,0.0,0.0,0.0,0.0,0.0,0.0,0.0,0.0,0.0,0.0,0.0,0.0,0.0,0.0
Nova Vida Montante,46590000,Barreiras,Barreiras (Nova Vida Montante) - 46590000,-11.868,-45.085,Oeste,RPGA do Rio Grande,0.0,0.0,0.0,0.0,0.0,0.0,0.0,0.0,0.0,0.0,0.0,0.0,0.0,0.0,0.0,0.0,0.0,0.0,0.0,0.0,0.0,0.0,0.0,2.0,0.0,0.0,0.0,0.0,0.0,0.0,2.0
Barreiras,83236,Barreiras,Barreiras - 83236,-12.156,-45.008,Oeste,RPGA do Rio Grande,0.0,0.0,0.0,0.0,0.0,0.0,0.0,0.0,0.0,0.0,0.0,0.0,0.0,0.0,0.0,0.0,0.0,0.0,0.0,0.0,0.0,0.0,0.0,0.0,8.4,0.0,0.0,0.0,0.0,0.0,8.4
Derocal,46455000,São Desidério,São Desidério (Derocal) - 46455000,-12.413,-45.121,Oeste,RPGA do Rio Grande,0.0,0.0,0.0,0.0,0.0,0.0,0.0,0.0,0.0,0.0,0.0,0.0,0.0,0.0,0.0,0.0,0.0,0.0,0.0,0.0,0.0,0.0,0.0,0.0,0.0,0.0,0.0,0.0,0.0,0.0,0.0
Arrojado,45770000,Correntina,Correntina (Arrojado) - 45770000,-13.453,-44.569,Oeste,"RPGA do Rio Corrente e Riachos do Ramalho, Serra Dourada e Brejo Velho",0.0,0.0,0.0,0.0,0.0,0.0,0.0,0.0,0.0,0.0,0.0,0.0,0.0,0.0,0.0,0.0,0.0,0.0,0.0,0.0,0.0,0.0,0.0,0.0,0.0,0.0,0.0,0.0,0.0,0.0,0.0
Correntina,45590000,Correntina,Correntina - 45590000,-13.341,-44.639,Oeste,"RPGA do Rio Corrente e Riachos do Ramalho, Serra Dourada e Brejo Velho",0.0,0.0,0.0,0.0,0.0,0.0,0.0,0.0,0.0,0.0,0.0,0.0,0.0,0.0,0.0,0.0,0.0,0.0,0.0,0.0,0.0,0.2,0.0,0.0,0.0,0.0,0.0,0.0,0.0,0.0,0.2
Fazenda Redenção,46543000,Barreiras,Barreiras (Fazenda Redenção) - 46543000,-12.136,-45.103,Oeste,RPGA do Rio Grande,0.0,0.0,0.0,0.0,0.0,0.0,0.0,0.0,0.0,0.0,0.0,0.0,0.0,0.0,0.0,0.0,0.0,0.0,0.0,0.0,0.0,0.0,0.0,0.2,0.0,0.0,0.0,0.0,0.0,0.0,0.2
Fazenda Santa Luzia,CA-CL-01,Cocos,Cocos (Fazenda Santa Luzia) - CA-CL-01,-14.855,-45.936,Oeste,RPGA do Rio Carinhanha,0.0,0.0,0.0,0.0,0.0,0.0,0.0,0.0,0.0,0.0,0.0,0.0,0.0,0.0,0.0,0.0,0.0,0.0,0.0,0.0,0.0,0.0,0.0,0.0,0.0,0.0,0.0,0.0,0.0,0.0,0.0
Fazenda Morinaga,CT-CL-01,Correntina,Correntina (Fazenda Morinaga) - CT-CL-01,-13.752,-45.87,Oeste,"RPGA do Rio Corrente e Riachos do Ramalho, Serra Dourada e Brejo Velho",0.0,0.0,0.0,0.0,0.0,0.0,0.0,0.0,0.0,0.0,0.0,0.0,0.0,0.0,0.0,0.0,0.0,0.0,0.0,0.0,0.0,0.0,0.0,0.0,0.2,0.0,0.0,0.0,0.0,0.0,0.2
Fazenda Madras,GR-CL-04,Riachão das Neves,Riachão das Neves (Fazenda Madras) - GR-CL-04,-11.63,-44.846,Oeste,RPGA do Rio Grande,0.0,0.0,0.0,0.0,0.0,0.0,0.0,0.0,0.0,0.0,0.0,0.0,0.0,0.0,0.0,0.0,0.0,0.0,0.0,0.0,0.0,0.0,0.0,0.2,4.8,0.0,0.0,0.0,0.0,0.0,5.0
Mocambo,45740001,Correntina,Correntina (Mocambo) - 45740001,-13.286,-44.563,Oeste,"RPGA do Rio Corrente e Riachos do Ramalho, Serra Dourada e Brejo Velho",0.0,0.0,0.0,0.0,0.0,0.0,0.0,0.0,0.0,0.0,0.0,0.0,0.0,0.0,0.0,0.0,0.0,0.0,0.0,0.0,0.0,0.0,0.0,0.0,0.0,0.0,0.0,0.0,0.0,0.0,0.0
PCH Pres. Goulart-M1,45588000,Correntina,Correntina (PCH Pres. Goulart-M1) - 45588000,-13.341,-44.641,Oeste,"RPGA do Rio Corrente e Riachos do Ramalho, Serra Dourada e Brejo Velho",0.0,0.0,0.0,0.0,0.0,0.0,0.0,0.0,0.0,0.0,0.0,0.0,0.0,0.0,0.0,0.0,0.0,0.0,0.0,0.0,0.0,0.0,0.0,0.0,0.0,0.0,0.0,0.0,0.0,0.0,0.0
PCH Sítio Grande-J,46453500,São Desidério,São Desidério (PCH Sítio Grande-J) - 46453500,-12.429,-45.153,Oeste,RPGA do Rio Grande,0.0,0.0,0.0,0.0,0.0,0.0,0.0,0.0,0.0,0.0,0.0,0.0,0.0,0.0,0.0,0.0,0.0,0.0,0.0,0.0,0.0,0.0,0.0,6.6,0.0,0.0,0.0,0.0,0.0,0.0,6.6
Luís Eduardo Magalhães,A404,Luís Eduardo Magalhães,Luís Eduardo Magalhães - A404,-12.152,-45.83,Oeste,RPGA do Rio Grande,0.0,0.0,0.0,0.0,0.0,0.0,0.0,0.0,0.0,0.0,0.0,0.0,0.0,0.0,0.0,0.0,0.0,0.0,0.0,0.0,0.0,0.0,0.0,0.2,0.0,0.0,0.0,0.0,0.0,0.0,0.2
Fazenda Evandro,,Fazenda Evandro,Fazenda Evandro,-10.601,-45.823,Oeste,RPGA do Rio Grande,0.0,0.0,0.0,0.0,0.0,0.0,0.0,0.0,0.0,0.0,0.0,0.0,0.0,0.0,0.0,0.0,0.0,0.0,0.0,0.0,0.0,0.0,0.0,0.0,0.0,0.0,0.0,0.0,0.0,0.0,0.0
J. Zoológico,A401,Salvador,Salvador (J. Zoológico) - A401,-13.006,-38.506,Recôncavo,RPGA do Recôncavo Norte,13.2,9.6,11.6,6.6,1.6,3.4,4.0,0.6,7.6,2.6,0.0,0.0,3.4,6.4,0.0,9.0,0.0,0.0,0.0,0.0,1.8,1.6,0.0,0.0,1.4,3.0,0.0,0.0,0.0,0.0,87.4
Cruz das Almas,A406,Cruz das Almas,Cruz das Almas - A406,-12.675,-39.09,Recôncavo,RPGA do Rio Paraguaçu,0.0,0.2,0.0,0.2,0.0,0.0,0.0,0.0,0.0,0.0,0.0,0.0,0.0,0.2,0.0,0.0,0.0,0.0,0.0,0.0,0.0,0.0,0.0,0.0,0.0,0.0,0.0,0.0,0.0,0.0,0.6
Feira de Santana,A413,Feira de Santana,Feira de Santana - A413,-12.196,-38.967,Recôncavo,RPGA do Recôncavo Norte,4.4,0.4,5.2,1.8,1.2,0.8,0.6,7.4,6.6,0.2,0.0,0.0,1.4,20.8,1.0,4.4,0.0,0.0,0.0,0.0,0.0,0.4,0.0,0.0,2.0,5.2,0.0,0.0,0.0,0.0,63.8
Periperi,292740820A,Salvador,Salvador (Periperi) - 292740820A,-12.867,-38.458,Recôncavo,RPGA do Recôncavo Norte,11.2,4.0,17.4,10.8,1.4,5.0,5.0,1.6,10.4,1.0,0.0,0.0,5.6,19.4,0.4,10.0,0.0,0.0,0.0,0.0,5.2,4.2,0.0,0.0,0.8,10.8,0.0,0.0,0.0,0.0,124.2
Itapuã,292740819A,Salvador,Salvador (Itapuã) - 292740819A,-12.948,-38.37,Recôncavo,RPGA do Recôncavo Norte,7.4,2.6,9.8,9.2,2.2,0.0,7.0,1.2,13.0,2.4,0.0,0.0,2.8,15.0,0.4,14.2,0.0,0.0,0.0,0.0,0.0,5.2,0.2,0.0,2.0,3.6,0.0,0.0,0.0,0.0,98.2
Tancredo Neves,292740823A,Salvador,Salvador (Tancredo Neves) - 292740823A,-12.945,-38.453,Recôncavo,RPGA do Recôncavo Norte,9.6,18.2,18.4,10.2,2.0,1.8,8.0,5.2,4.8,0.0,0.0,0.0,9.0,26.8,0.0,12.4,0.0,0.0,0.0,0.0,0.0,2.0,0.2,0.0,1.4,11.8,0.0,0.0,0.0,0.0,141.8
Polivalente,292860401A,Santo Amaro,Santo Amaro (Polivalente) - 292860401A,-12.553,-38.713,Recôncavo,RPGA do Recôncavo Norte,4.2,2.4,15.0,7.4,2.4,1.4,4.6,11.4,1.8,1.0,0.0,0.2,1.2,23.4,1.0,14.0,0.2,0.2,0.0,0.0,0.0,7.0,6.0,0.0,4.4,3.6,0.2,0.0,0.0,0.0,113.0
Estação Rádio Marinha,A456,Salvador,Salvador (Estação Rádio Marinha) - A456,-12.808,-38.496,Recôncavo,RPGA do Recôncavo Norte,3.2,1.4,13.2,3.8,1.2,1.6,2.0,7.4,5.8,1.2,0.0,1.4,1.4,12.0,0.4,3.6,0.0,0.0,0.0,0.0,0.0,4.0,0.0,0.0,0.8,3.6,0.0,0.0,0.0,0.0,68.0
Cruz das Almas,83222,Cruz das Almas,Cruz das Almas - 83222,-12.667,-39.083,Recôncavo,RPGA do Rio Paraguaçu,10.5,3.9,11.8,7.0,2.6,1.5,0.6,4.5,8.4,3.7,0.0,0.0,3.6,15.4,1.5,4.7,0.0,0.0,0.0,0.0,0.0,14.0,4.1,0.0,3.4,5.2,0.0,0.0,0.0,0.0,106.4
Cachoeira,290490201A,Cachoeira,Cachoeira - 290490201A,-12.608,-38.961,Recôncavo,RPGA do Rio Paraguaçu,21.2,12.0,16.2,6.2,1.0,6.0,9.6,6.8,4.8,0.2,0.0,0.0,4.2,41.4,11.2,3.8,0.2,0.0,0.0,0.0,0.0,6.6,4.4,0.0,7.2,6.4,0.2,0.0,0.0,0.0,169.6
Centro,291345701A,Igrapiúna,Igrapiúna (Centro) - 291345701A,-13.819,-39.142,Recôncavo,RPGA do Recôncavo Sul,2.2,17.6,4.0,6.4,5.6,2.6,0.0,4.6,4.0,1.4,3.4,0.2,18.4,14.4,3.6,4.0,0.0,0.0,0.0,0.2,0.4,9.2,12.0,2.0,0.6,0.2,0.0,0.0,0.2,0.0,117.2
São Félix,292900801A,São Félix,São Félix - 292900801A,-12.607,-38.97,Recôncavo,RPGA do Rio Paraguaçu,20.2,8.0,15.4,5.4,1.0,6.4,10.0,6.0,4.6,0.0,0.2,0.0,4.6,37.4,10.4,4.0,0.0,0.0,0.0,0.0,0.0,6.0,1.8,0.0,6.8,6.6,0.0,0.0,0.0,0.0,154.8
Góes Calmon,293070901A,Simões Filho,Simões Filho (Góes Calmon) - 293070901A,-12.78,-38.353,Recôncavo,RPGA do Recôncavo Norte,9.8,4.6,15.2,3.4,2.0,5.8,10.2,5.8,8.0,1.0,0.2,2.2,1.4,16.0,6.8,9.2,0.2,0.0,0.0,0.2,2.2,5.6,0.6,0.2,2.8,7.0,0.2,0.0,0.2,0.0,120.8
Centro,293070903A,Simões Filho,Simões Filho (Centro) - 293070903A,-12.788,-38.397,Recôncavo,RPGA do Recôncavo Norte,7.4,9.8,17.2,6.8,2.0,6.2,8.4,2.4,5.8,3.6,0.0,0.0,1.2,20.2,5.4,7.4,0.2,0.0,0.0,0.0,0.8,4.4,0.0,0.0,7.0,11.8,0.0,0.0,0.0,0.0,128.0
Amargosa,A434,Amargosa,Amargosa - A434,-13.009,-39.617,Recôncavo,RPGA do Recôncavo Sul,1.0,11.8,14.6,6.0,6.4,4.2,0.2,3.8,11.6,2.4,0.0,2.2,6.4,2.2,9.4,17.6,0.2,0.0,0.0,0.0,0.0,1.8,4.8,1.4,0.0,1.8,0.0,0.0,0.0,0.0,109.8
Ondina,83229,Salvador,Salvador (Ondina) - 83229,-13.005,-38.506,Recôncavo,RPGA do Recôncavo Norte,14.5,11.0,24.5,7.9,1.8,4.2,4.6,0.9,8.5,3.4,0.1,0.1,4.0,7.4,0.0,9.8,0.0,0.0,0.0,0.0,2.1,2.0,0.0,0.0,2.2,4.1,0.0,0.0,0.0,0.0,113.1
Feira de Santana,PG-PR-13,Feira de Santana,Feira de Santana - PG-PR-13,-12.268,-38.966,Recôncavo,RPGA do Rio Paraguaçu,0.0,0.0,12.2,1.6,1.0,1.8,1.8,10.4,0.6,1.0,0.0,0.0,4.0,21.6,0.0,1.4,2.0,0.0,0.0,0.0,0.0,1.0,3.2,0.0,0.2,2.8,0.0,0.0,0.0,0.0,66.6
Centro,292740802A,Salvador,Salvador (Centro) - 292740802A,-12.978,-38.516,Recôncavo,RPGA do Recôncavo Norte,7.1,5.1,7.9,4.1,0.4,1.0,2.6,0.6,4.7,1.6,0.0,0.2,4.7,10.6,2.0,3.8,1.6,1.0,0.2,0.0,2.0,1.2,0.2,0.0,2.0,5.1,0.0,0.0,0.0,0.0,69.7
Federação,292740803A,Salvador,Salvador (Federação) - 292740803A,-13.001,-38.511,Recôncavo,RPGA do Recôncavo Norte,14.8,9.9,13.4,8.9,3.2,4.1,4.3,0.6,6.9,1.8,0.0,0.0,6.7,7.1,5.1,7.3,0.0,0.0,0.0,0.0,1.0,1.0,0.0,0.0,1.8,3.6,0.0,0.0,0.0,0.0,101.3
Cabula,292740810A,Salvador,Salvador (Cabula) - 292740810A,-12.961,-38.461,Recôncavo,RPGA do Recôncavo Norte,18.3,13.8,20.6,18.7,2.2,1.4,4.9,3.6,10.2,0.0,0.0,0.4,19.9,26.8,1.4,15.2,0.0,0.0,0.2,0.0,0.0,2.2,0.0,0.0,3.2,12.0,0.0,0.0,0.0,0.0,174.8
Santo Estevão,PG-CL-08,Santo Estevão,Santo Estevão - PG-CL-08,-12.435,-39.212,Recôncavo,RPGA do Rio Paraguaçu,9.0,4.0,10.8,1.2,0.8,0.6,3.4,3.0,4.8,10.8,0.0,0.0,9.2,14.6,1.6,4.6,0.0,0.2,0.0,0.0,0.0,6.4,5.0,0.0,7.0,4.4,0.2,0.0,0.0,0.0,101.6
Caminho das Árvores,292740815A,Salvador,Salvador (Caminho das Árvores) - 292740815A,-12.977,-38.454,Recôncavo,RPGA do Recôncavo Norte,12.4,16.5,14.8,12.6,2.2,3.2,6.1,1.8,8.1,0.0,0.0,1.0,9.5,11.8,1.6,16.4,0.0,0.0,1.0,0.0,0.0,1.6,0.0,0.0,3.3,6.7,0.0,0.0,0.0,0.0,130.4
Águas Claras,292740808A,Salvador,Salvador (Águas Claras) - 292740808A,-12.894,-38.442,Recôncavo,RPGA do Recôncavo Norte,9.6,2.8,15.8,8.7,0.8,0.6,3.6,2.8,6.1,1.4,0.0,0.0,4.5,14.6,0.0,7.7,0.0,0.0,0.0,0.0,1.2,2.2,0.2,0.4,3.6,6.3,0.0,0.0,0.0,0.0,92.7
Alto do Peru,292740812A,Salvador,Salvador (Alto do Peru) - 292740812A,-12.939,-38.486,Recôncavo,RPGA do Recôncavo Norte,18.9,24.6,25.2,8.7,2.2,1.6,5.7,4.3,9.1,0.0,0.2,0.6,9.6,33.6,0.0,10.4,0.0,0.0,0.0,0.0,7.3,1.6,0.2,0.0,3.7,7.9,0.0,0.0,0.0,0.0,175.4
Cosme de Farias,292740816A,Salvador,Salvador (Cosme de Farias) - 292740816A,-12.979,-38.486,Recôncavo,RPGA do Recôncavo Norte,12.8,10.6,15.4,4.9,0.4,1.2,2.8,0.6,10.3,0.4,0.0,0.6,13.2,26.7,1.6,20.3,0.0,0.0,0.0,0.0,1.2,1.8,0.4,0.0,1.4,14.2,0.0,0.0,0.0,0.0,140.6
São Caetano,292740814A,Salvador,Salvador (São Caetano) - 292740814A,-12.94,-38.475,Recôncavo,RPGA do Recôncavo Norte,13.2,14.4,20.2,8.5,2.0,1.8,5.9,4.3,5.9,0.4,0.0,0.2,7.3,28.3,0.0,9.1,0.0,0.0,0.0,0.0,5.0,1.6,0.2,0.0,1.8,13.6,0.0,0.0,0.0,0.0,143.5
Pirajá,292740801A,Salvador,Salvador (Pirajá) - 292740801A,-12.899,-38.459,Recôncavo,RPGA do Recôncavo Norte,14.3,9.1,18.7,8.5,1.2,3.5,4.9,3.4,9.3,1.6,0.6,0.0,6.3,18.3,0.4,8.7,0.0,0.0,0.0,0.0,1.4,2.2,0.0,0.0,2.0,8.9,0.0,0.0,0.0,0.0,123.1
Rio Sena,292740805A,Salvador,Salvador (Rio Sena) - 292740805A,-12.891,-38.471,Recôncavo,RPGA do Recôncavo Norte,14.2,7.7,16.7,6.7,0.0,4.9,3.6,3.6,7.1,1.4,0.6,0.0,5.7,20.1,0.0,6.3,0.0,0.0,0.0,0.0,4.9,2.4,0.0,0.2,2.0,7.9,0.0,0.0,0.0,0.0,116.1
Valéria,292740817A,Salvador,Salvador (Valéria) - 292740817A,-12.864,-38.438,Recôncavo,RPGA do Recôncavo Norte,8.5,1.6,18.9,5.5,2.0,6.7,5.1,1.4,9.6,1.8,0.0,0.0,6.5,14.2,1.2,11.8,0.0,0.0,0.0,0.0,5.5,3.6,0.0,0.0,0.8,5.5,0.0,0.0,0.0,0.0,110.2
Santa Terezinha,290650105A,Candeias,Candeias (Santa Terezinha) - 290650105A,-12.647,-38.539,Recôncavo,RPGA do Recôncavo Norte,1.8,2.4,11.8,2.0,2.2,1.6,2.8,10.6,4.4,1.2,0.0,0.0,2.8,18.5,0.2,3.4,0.2,0.0,0.0,0.0,0.0,6.7,0.2,0.0,3.8,6.7,0.0,0.0,0.0,0.0,83.0
Centro,290650101A,Candeias,Candeias (Centro) - 290650101A,-12.67,-38.544,Recôncavo,RPGA do Recôncavo Norte,2.2,7.9,11.0,4.0,6.5,1.8,3.2,9.4,5.3,4.4,0.0,0.0,6.3,25.4,1.2,6.5,0.4,0.0,0.0,0.0,0.0,9.1,0.0,0.0,2.0,9.1,0.0,0.0,0.0,0.0,115.6
Malemba,290650102A,Candeias,Candeias (Malemba) - 290650102A,-12.678,-38.544,Recôncavo,RPGA do Recôncavo Norte,2.2,10.2,12.0,1.2,1.6,2.2,4.6,8.5,3.4,4.1,0.0,0.0,4.6,19.7,0.4,5.5,0.2,0.0,0.0,0.0,0.0,8.3,0.0,0.0,1.6,10.6,0.0,0.0,0.0,0.0,100.7
Sarandi,290650104A,Candeias,Candeias (Sarandi) - 290650104A,-12.671,-38.531,Recôncavo,RPGA do Recôncavo Norte,2.8,4.7,11.8,1.6,1.4,2.8,3.0,9.2,5.5,3.0,0.0,0.2,6.9,25.4,0.4,6.1,1.2,0.0,0.0,0.0,0.2,12.4,0.0,0.0,2.0,6.5,0.0,0.0,0.0,0.0,107.0
Areia Branca,291920706A,Lauro de Freitas,Lauro de Freitas (Areia Branca) - 291920706A,-12.841,-38.337,Recôncavo,RPGA do Recôncavo Norte,4.9,6.9,24.2,2.0,2.8,3.7,6.5,1.2,3.4,0.4,1.4,0.2,4.5,19.3,2.0,12.0,0.0,0.0,0.0,0.0,1.4,6.9,0.0,0.2,8.1,14.4,0.0,0.0,0.0,0.0,126.3
Vila Praiana,291920702A,Lauro de Freitas,Lauro de Freitas (Vila Praiana) - 291920702A,-12.901,-38.308,Recôncavo,RPGA do Recôncavo Norte,4.0,5.6,12.4,11.4,2.6,1.2,2.6,0.6,4.2,0.2,0.0,0.0,3.6,13.4,0.2,5.9,0.0,0.0,0.0,0.0,0.0,4.0,0.0,0.0,10.6,11.4,0.0,0.0,0.0,0.0,93.8
Portão,291920701A,Lauro de Freitas,Lauro de Freitas (Portão) - 291920701A,-12.87,-38.305,Recôncavo,RPGA do Recôncavo Norte,7.1,3.2,14.4,5.9,3.7,6.3,5.7,2.6,3.2,1.6,1.4,0.0,6.9,15.0,1.0,10.0,0.0,0.0,0.0,0.0,0.0,7.7,0.0,0.0,4.1,24.8,0.0,0.0,0.0,0.0,124.6
Rua 02 de Julho,291920705A,Lauro de Freitas,Lauro de Freitas (Rua 02 de Julho) - 291920705A,-12.839,-38.35,Recôncavo,RPGA do Recôncavo Norte,5.1,13.0,22.6,2.6,2.4,5.1,8.3,2.2,4.6,0.6,1.4,0.0,4.4,17.2,1.0,10.4,0.2,0.0,0.0,0.0,2.4,8.3,0.0,0.0,11.4,13.8,0.0,0.0,0.0,0.0,136.8
Dois de Julho,291120401A,Gandú,Gandú (Dois de Julho) - 291120401A,-13.741,-39.483,Recôncavo,RPGA do Recôncavo Sul,0.0,5.4,4.0,1.8,3.2,2.8,0.4,7.3,0.6,0.2,2.2,0.2,10.2,2.8,4.3,4.9,0.2,0.0,0.0,0.0,0.0,1.4,4.2,11.1,0.4,0.2,0.0,0.0,0.0,0.2,67.8
Centro,292060101A,Maragogipe,Maragogipe (Centro) - 292060101A,-12.78,-38.917,Recôncavo,RPGA do Rio Paraguaçu,6.1,5.1,10.0,15.2,5.4,2.0,1.8,5.6,11.6,16.2,0.0,0.8,8.1,17.4,3.6,11.3,0.0,0.0,0.0,0.0,0.0,6.7,0.4,0.0,8.2,8.2,0.0,0.0,0.0,0.0,143.6
Centro,292250801A,Nazaré,Nazaré (Centro) - 292250801A,-13.032,-39.015,Recôncavo,RPGA do Recôncavo Sul,12.0,16.4,25.6,12.2,4.2,5.7,3.4,4.8,15.0,4.8,0.0,0.0,7.1,14.0,10.8,11.1,0.2,0.0,0.0,0.0,0.0,5.4,2.2,0.2,4.0,3.2,0.0,0.2,0.0,0.0,162.1
Rua São Roque,293290301A,Valença,Valença (Rua São Roque) - 293290301A,-13.363,-39.078,Recôncavo,RPGA do Recôncavo Sul,2.8,17.1,25.9,13.1,2.4,8.5,0.6,9.3,8.9,2.0,0.6,3.0,7.1,7.9,4.8,18.1,0.6,0.0,0.0,0.0,1.4,6.3,3.0,0.0,4.2,3.2,0.6,0.0,0.4,0.2,151.7
Abaeté,RN-CL-05,Salvador,Salvador (Abaeté) - RN-CL-05,-12.947,-38.359,Recôncavo,RPGA do Recôncavo Norte,5.8,2.4,9.2,8.4,2.0,0.0,7.4,2.0,12.2,1.6,0.0,0.0,3.4,15.4,0.4,13.4,0.0,0.0,0.0,0.0,0.0,5.6,0.2,0.0,2.0,3.2,0.0,0.0,0.0,0.0,94.6
Lauro de Freitas,RN-CL-09,Lauro de Freitas,Lauro de Freitas - RN-CL-09,-12.887,-38.297,Recôncavo,RPGA do Recôncavo Norte,4.2,4.2,12.8,7.8,3.6,4.0,4.6,0.6,2.8,1.8,0.0,0.0,9.0,12.2,0.0,13.0,0.0,0.0,0.0,0.0,0.0,6.2,0.0,0.0,5.4,14.0,0.0,0.0,0.0,0.0,106.2
São Francisco do Conde,RN-CL-07,São Francisco do Conde,São Francisco do Conde - RN-CL-07,-12.611,-38.682,Recôncavo,RPGA do Recôncavo Norte,3.8,3.8,18.4,4.8,4.8,4.8,11.2,10.0,6.2,0.2,0.0,0.0,1.8,26.4,0.0,22.8,0.8,0.0,0.0,0.0,0.0,6.8,5.8,0.0,2.8,5.8,0.0,0.0,0.0,0.0,141.0
CIA,293070902A,Simões Filho,Simões Filho (CIA) - 293070902A,-12.825,-38.409,Recôncavo,RPGA do Recôncavo Norte,2.8,11.6,15.6,4.0,1.4,4.6,8.8,1.8,4.8,1.0,0.0,0.0,3.2,18.2,1.8,8.0,0.0,0.0,0.0,0.0,2.6,2.8,0.0,0.0,5.4,16.8,0.0,0.0,0.0,0.0,115.2
PC Fazenda Jurema,51346050,Rafael Jambeiro,Rafael Jambeiro (PC Fazenda Jurema) - 51346050,-12.488,-39.698,Recôncavo,RPGA do Rio Paraguaçu,0.0,7.2,3.6,0.0,4.6,1.0,0.4,1.2,4.8,2.4,0.4,0.0,0.0,0.4,10.8,1.6,0.0,0.4,0.0,0.0,0.0,1.2,1.2,0.0,0.8,1.6,0.4,0.0,0.0,0.0,44.0
PC Argoim,51351000,Rafael Jambeiro,Rafael Jambeiro (PC Argoim) - 51351000,-12.587,-39.522,Recôncavo,RPGA do Rio Paraguaçu,0.4,8.8,8.0,0.2,0.6,0.8,2.0,2.0,7.6,1.6,0.0,0.0,2.8,4.2,1.4,2.0,0.4,0.0,0.0,0.0,0.0,5.4,5.4,0.0,0.0,0.4,0.4,0.0,0.0,0.0,54.4
PC Rio Paratigi,51370000,Santo Estevão,Santo Estevão (PC Rio Paratigi) - 51370000,-12.515,-39.383,Recôncavo,RPGA do Rio Paraguaçu,1.2,8.8,6.8,0.0,2.8,0.0,1.6,4.4,3.2,4.0,0.0,0.4,0.0,9.2,0.8,4.6,5.4,0.0,0.0,0.0,0.0,5.6,5.2,0.4,2.8,1.2,0.0,0.0,0.0,0.0,68.4
Abaeté,RN-PR-01,Salvador,Salvador (Abaeté) - RN-PR-01,-12.945,-38.361,Recôncavo,RPGA do Recôncavo Norte,6.1,2.3,9.1,9.4,0.0,1.6,7.4,0.8,10.5,2.1,0.0,0.0,2.9,14.7,0.0,14.8,0.0,0.0,0.0,0.0,0.0,3.8,0.0,0.0,2.3,3.5,0.0,0.0,0.0,0.0,91.3
Cândido Sales,53620000,Cândido Sales,Cândido Sales - 53620000,-15.513,-41.237,Sudoeste,RPGA do Rio Pardo,0.0,0.0,0.4,0.0,0.2,2.2,0.0,0.0,0.0,0.0,0.0,0.0,2.4,2.2,0.2,0.0,0.0,0.0,0.0,0.0,0.0,0.0,0.0,0.0,0.0,0.0,0.0,0.0,0.0,0.0,7.6
Itiruçu,A407,Itiruçu,Itiruçu - A407,-13.526,-40.121,Sudoeste,RPGA do Recôncavo Sul,0.0,2.0,8.0,2.4,3.2,1.0,0.8,3.2,0.4,1.4,0.0,3.6,4.2,1.6,1.2,2.8,0.0,0.0,0.0,0.0,0.0,0.0,0.2,0.2,0.6,1.0,0.0,0.0,0.0,0.0,37.8
Vitória da Conquista,A414,Vitória da Conquista,Vitória da Conquista - A414,-14.886,-40.801,Sudoeste,RPGA do Rio Pardo,0.2,0.0,0.6,0.4,0.4,0.6,0.4,0.2,0.0,0.0,0.0,0.0,1.2,0.0,0.0,0.0,0.0,0.0,0.0,0.0,0.0,0.0,0.0,0.4,0.8,0.0,0.0,0.0,0.0,0.0,5.2
Ituaçu,83292,Ituaçu,Ituaçu - 83292,-13.813,-41.3,Sudoeste,RPGA do Rio de Contas,0.0,0.0,0.0,0.0,0.0,0.0,0.0,0.0,0.0,0.0,0.0,0.0,0.0,0.0,0.0,0.0,0.0,0.0,0.0,0.0,0.0,0.0,0.0,0.0,0.0,0.0,0.0,0.0,0.0,0.0,0.0
Lagoa,291760701A,Jaguaquara,Jaguaquara (Lagoa) - 291760701A,-13.523,-39.969,Sudoeste,RPGA do Recôncavo Sul,0.0,2.6,2.2,5.0,2.0,1.2,0.2,0.4,0.2,1.6,0.2,1.8,1.8,3.0,1.0,2.4,0.2,0.0,0.0,0.0,0.0,0.0,0.0,0.0,1.0,0.8,0.0,0.0,0.0,0.0,27.6
Entroncamento,291760702A,Jaguaquara,Jaguaquara (Entroncamento) - 291760702A,-13.51,-40.055,Sudoeste,RPGA do Recôncavo Sul,0.0,1.4,2.8,3.8,2.0,1.2,0.0,1.2,0.0,1.4,0.0,1.0,2.4,0.6,0.0,1.4,0.0,0.0,0.0,0.0,0.0,0.0,0.4,0.0,0.6,0.0,0.0,0.0,0.0,0.0,20.2
Brumado,A433,Brumado,Brumado - A433,-14.182,-41.672,Sudoeste,RPGA do Rio de Contas,0.0,0.0,0.0,0.0,0.0,0.4,0.2,0.0,0.0,0.0,0.0,0.0,1.4,0.0,0.0,0.0,0.0,0.0,0.0,0.0,0.0,0.0,0.0,0.0,0.0,0.0,0.0,0.0,0.0,0.0,2.0
Ipiaú,A445,Ipiaú,Ipiaú - A445,-14.171,-39.693,Sudoeste,RPGA do Rio de Contas,0.2,0.4,4.2,5.6,3.8,3.2,2.0,12.8,0.4,7.8,0.2,0.0,7.8,2.0,7.8,1.0,0.2,0.2,0.0,0.2,0.0,4.2,0.2,1.8,3.2,1.2,0.0,0.0,0.2,0.0,70.6
Itapetinga,A446,Itapetinga,Itapetinga - A446,-15.245,-40.23,Sudoeste,RPGA do Rio Pardo,1.4,0.4,1.2,6.2,1.2,2.0,4.6,6.8,0.0,0.2,0.0,0.0,3.2,4.6,0.0,0.0,0.0,0.0,0.0,0.0,0.0,0.0,0.0,0.2,0.0,0.0,0.0,0.0,0.0,0.0,32.0
Centro,293330701A,Vitória da Conquista,Vitória da Conquista (Centro) - 293330701A,-14.852,-40.839,Sudoeste,RPGA do Rio Pardo,0.0,0.0,0.2,0.0,0.2,0.2,0.0,0.0,0.0,0.0,0.0,0.0,0.4,0.2,0.0,0.0,0.0,0.0,0.0,0.0,0.0,0.0,0.0,0.0,1.0,0.0,0.0,0.0,0.0,0.0,2.2
Centro,291710201A,Itororó,Itororó (Centro) - 291710201A,-15.119,-40.065,Sudoeste,RPGA do Leste,0.0,0.0,3.4,4.4,0.0,0.0,1.4,1.6,0.0,0.0,0.0,0.0,0.4,4.2,0.0,0.0,0.0,0.0,0.0,0.0,0.0,0.0,0.2,2.8,0.0,0.0,0.0,0.0,0.0,0.0,18.3
Clerolândia,291640101A,Itapetinga,Itapetinga (Clerolândia) - 291640101A,-15.243,-40.221,Sudoeste,RPGA do Rio Pardo,1.2,0.0,0.4,4.7,1.0,1.4,2.4,6.3,0.2,0.0,0.0,0.0,2.0,4.4,0.2,0.0,0.0,0.0,0.0,0.0,0.0,0.0,0.0,0.6,0.0,0.0,0.0,0.0,0.0,0.0,24.8
Recreio,293330702A,Vitória da Conquista,Vitória da Conquista (Recreio) - 293330702A,-14.861,-40.841,Sudoeste,RPGA do Rio Pardo,0.0,0.0,0.0,0.2,0.0,0.4,0.0,0.0,0.0,0.0,0.0,0.0,0.8,0.0,0.0,0.0,0.0,0.0,0.0,0.0,0.0,0.0,0.0,0.0,0.4,0.2,0.0,0.0,0.0,0.0,2.0
Patagônia,293330704A,Vitória da Conquista,Vitória da Conquista (Patagônia) - 293330704A,-14.87,-40.863,Sudoeste,RPGA do Rio Pardo,0.0,0.0,0.0,0.4,0.0,0.2,0.8,0.4,0.0,0.0,0.0,0.0,0.4,0.0,0.0,0.0,0.0,0.0,0.0,0.0,0.0,0.0,0.0,0.0,0.2,0.0,0.0,0.0,0.0,0.0,2.4
Lomantão,293330703A,Vitória da Conquista,Vitória da Conquista (Lomantão) - 293330703A,-14.87,-40.827,Sudoeste,RPGA do Rio Pardo,0.0,0.0,0.2,0.2,0.2,0.4,0.8,0.0,0.0,0.0,0.0,0.0,0.8,0.0,0.0,0.0,0.0,0.0,0.0,0.0,0.0,0.0,0.0,0.0,0.8,0.0,0.0,0.0,0.0,0.0,3.4
Maracás,292050201C,Maracás,Maracás - 292050201C,-13.444,-40.451,Sudoeste,RPGA do Rio de Contas,0.0,0.2,4.0,2.2,1.2,1.0,0.4,0.2,0.0,3.2,0.2,1.0,4.2,0.0,0.0,0.8,0.0,0.0,0.0,0.0,0.0,0.0,0.0,0.0,0.0,0.2,0.0,0.0,0.0,0.0,18.8
Jaguaquara,RS-CL-01,Jaguaquara,Jaguaquara - RS-CL-01,-13.573,-39.941,Sudoeste,RPGA do Recôncavo Sul,0.0,5.0,10.2,4.2,4.8,1.5,0.8,2.2,1.8,2.5,0.0,2.2,3.2,1.8,1.8,2.8,0.2,0.0,0.0,0.0,0.0,0.0,1.5,0.2,1.2,1.0,0.0,0.0,0.0,0.0,49.0
Vitória da Conquista,PA-CL-01,Vitória da Conquista,Vitória da Conquista - PA-CL-01,-14.886,-40.801,Sudoeste,RPGA do Rio Pardo,0.0,0.0,0.0,0.2,0.2,0.2,0.0,0.0,0.0,0.0,0.0,0.0,0.8,0.0,0.0,0.0,0.0,0.0,0.0,0.0,0.0,0.0,0.0,0.2,0.2,0.0,0.0,0.0,0.0,0.0,2.0
Itati,LE-CL-03,Itororó,Itororó (Itati) - LE-CL-03,-15.053,-40.023,Sudoeste,RPGA do Leste,0.0,0.0,4.6,0.2,0.0,0.0,2.8,3.4,0.2,1.0,0.0,0.0,4.2,3.4,0.0,0.0,0.0,0.0,0.0,0.0,0.0,0.0,1.0,2.4,1.6,0.6,0.6,0.0,0.0,0.0,26.0
Itiruçu,291690601C,Itiruçu,Itiruçu - 291690601C,-13.397,-40.138,Sudoeste,RPGA do Recôncavo Sul,0.0,1.8,3.0,4.2,2.0,1.6,0.8,5.8,0.8,2.6,0.2,0.6,2.6,0.6,1.8,3.2,0.0,0.0,0.0,0.0,0.0,0.0,0.8,0.0,0.2,0.0,0.0,0.0,0.2,0.0,32.8
Nova Canaã,292270601C,Nova Canaã,Nova Canaã - 292270601C,-14.663,-40.275,Sudoeste,RPGA do Rio de Contas,0.0,0.0,9.0,0.4,0.6,4.0,4.0,2.8,0.0,0.0,0.4,0.0,9.0,2.6,1.4,0.0,0.0,0.0,0.0,0.0,0.0,0.6,0.0,1.0,2.4,0.4,0.0,0.0,0.0,0.0,38.6
Caculé,290500801C,Caculé,Caculé - 290500801C,-14.498,-42.26,Sudoeste,RPGA do Rio de Contas,0.0,0.0,0.0,0.0,0.0,0.0,0.0,0.0,0.0,0.0,0.0,0.0,0.0,0.0,0.0,0.0,0.0,0.0,0.0,0.0,0.0,0.0,0.0,0.2,0.0,0.0,0.0,0.0,0.0,0.0,0.2
Rio do Antônio,292680601C,Rio do Antônio,Rio do Antônio - 292680601C,-14.348,-42.185,Sudoeste,RPGA do Rio de Contas,0.0,0.0,0.0,0.0,0.0,0.0,0.0,0.0,0.0,0.0,0.0,0.0,0.0,0.0,0.0,0.0,0.0,0.0,0.0,0.0,0.0,0.0,0.0,0.0,0.0,0.0,0.0,0.0,0.0,0.0,0.0
Caraíbas,290689901C,Caraíbas,Caraíbas - 290689901C,-14.725,-41.277,Sudoeste,RPGA do Rio de Contas,0.0,0.0,0.0,0.0,0.0,0.0,0.0,0.0,0.0,0.0,0.0,0.0,0.0,0.0,0.0,0.0,0.0,0.0,0.0,0.0,0.0,0.0,0.0,0.0,0.0,0.0,0.0,0.0,0.0,0.0,0.0
Fz Nanci,53880000,Camacã,Camacã (Fz Nanci) - 53880000,-15.581,-39.521,Sul,RPGA do Rio Pardo,0.0,1.6,1.0,0.6,2.0,5.8,0.2,3.4,0.0,0.4,0.0,0.2,4.4,1.4,0.0,0.0,0.0,0.2,0.2,0.0,0.0,2.0,8.8,0.0,0.0,0.4,0.0,0.0,0.0,0.0,32.6
PCH Cach. da Lixa M,55354000,Jucuruçu,Jucuruçu (PCH Cach. da Lixa M) - 55354000,-17.067,-40.069,Sul,"RPGA dos Rios Peruípe, Itanhém e Jucuruçu",0.8,1.0,1.2,0.8,0.0,0.0,2.0,0.0,0.0,0.0,0.0,0.0,0.2,2.8,0.2,0.0,2.6,0.0,0.0,0.0,0.0,0.0,0.0,6.6,3.2,0.0,0.0,0.0,0.0,0.0,21.4
PCH Colino II M,55355600,Vereda,Vereda (PCH Colino II M) - 55355600,-17.071,-40.155,Sul,"RPGA dos Rios Peruípe, Itanhém e Jucuruçu",0.2,5.5,3.0,0.5,0.2,0.0,0.0,0.0,0.0,0.0,0.0,0.0,0.0,7.2,0.2,1.8,0.2,0.0,0.0,0.0,0.0,0.0,0.0,11.8,0.0,0.0,0.0,0.0,0.0,0.0,30.8
Itamaraju,A455,Itamaraju,Itamaraju - A455,-17.171,-39.588,Sul,"RPGA dos Rios Peruípe, Itanhém e Jucuruçu",1.0,0.0,0.0,0.8,0.0,0.0,2.8,3.6,0.2,0.0,0.0,0.0,0.0,1.2,0.0,0.0,1.6,0.0,0.0,0.0,0.0,0.0,0.0,1.6,0.2,0.4,0.0,0.0,0.0,0.0,13.4
Itajuípe,,Itajuípe,Itajuípe,-14.674,-39.377,Sul,RPGA do Leste,0.0,0.2,7.8,3.6,2.6,3.4,6.2,8.2,0.0,1.2,1.6,0.0,16.4,5.2,0.2,0.6,0.0,0.0,0.0,0.0,0.6,3.2,0.8,3.4,2.8,1.4,0.0,0.0,0.0,0.0,69.4
Barra do Rocha,290310201A,Barra do Rocha,Barra do Rocha - 290310201A,-14.209,-39.599,Sul,RPGA do Rio de Contas,0.0,1.0,8.0,2.8,4.8,3.2,1.8,13.4,2.6,10.8,0.0,0.0,7.4,1.2,2.8,1.0,0.2,0.0,0.0,0.0,0.0,2.6,0.2,0.8,2.2,1.4,0.0,0.0,0.0,0.0,68.2
Centro,290580001A,Camamu,Camamu (Centro) - 290580001A,-13.944,-39.103,Sul,RPGA do Recôncavo Sul,0.4,18.4,6.4,4.2,7.4,6.2,0.2,9.6,0.0,2.0,0.0,2.6,12.6,6.2,3.0,4.0,0.2,0.0,0.0,0.0,2.0,9.6,1.6,13.0,0.0,0.2,0.0,0.0,0.0,2.4,112.2
Novo Horizonte,291180801A,Guaratinga,Guaratinga (Novo Horizonte) - 291180801A,-16.583,-39.781,Sul,"RPGA dos Rios dos Frades, Buranhém e Santo Antônio",0.2,0.0,0.2,2.2,0.2,0.0,1.2,3.2,0.2,0.8,0.0,0.0,0.0,2.2,0.2,0.0,1.4,0.0,0.0,0.0,0.8,0.8,0.0,1.4,0.4,0.0,0.0,0.0,0.0,0.0,15.4
Passagem,291490101A,Itacaré,Itacaré (Passagem) - 291490101A,-14.281,-39.003,Sul,RPGA do Rio de Contas,0.0,12.2,6.2,5.6,0.4,5.2,4.8,4.6,4.8,1.0,0.4,0.0,10.2,0.2,13.0,9.0,0.0,0.0,0.0,0.0,2.2,3.6,4.4,3.6,6.4,0.4,0.2,0.0,0.0,0.2,98.6
Centro,291560101A,Itamaraju,Itamaraju (Centro) - 291560101A,-17.028,-39.535,Sul,"RPGA dos Rios Peruípe, Itanhém e Jucuruçu",1.2,0.0,3.0,1.4,0.0,1.0,3.2,0.2,0.0,0.0,0.0,0.0,0.0,2.4,0.0,0.0,1.6,0.0,0.0,0.0,0.0,0.0,0.0,2.8,0.2,0.0,0.0,0.0,0.0,0.0,17.0
Pau Brasil,292390201A,Pau Brasil,Pau Brasil - 292390201A,-15.461,-39.652,Sul,RPGA do Rio Pardo,1.4,1.8,4.0,4.2,1.8,8.2,1.4,3.2,0.0,0.0,0.0,0.0,7.4,2.2,1.8,0.0,0.0,0.0,0.0,0.0,0.0,0.0,4.8,0.0,1.0,0.4,0.0,0.0,0.0,0.0,43.6
Ribeira,292550101A,Prado,Prado (Ribeira) - 292550101A,-17.338,-39.232,Sul,"RPGA dos Rios Peruípe, Itanhém e Jucuruçu",0.0,1.6,0.0,0.2,0.0,0.0,3.0,0.0,0.0,0.0,0.0,0.0,0.4,0.8,0.0,6.2,0.2,0.0,0.0,0.0,0.0,0.0,0.6,0.2,0.0,0.0,0.0,0.0,0.0,0.0,13.2
Centro,292805901A,Santa Luzia,Santa Luzia (Centro) - 292805901A,-15.43,-39.333,Sul,RPGA do Leste,1.4,1.6,5.8,1.2,0.8,5.6,1.8,6.6,0.0,0.0,0.0,0.0,11.0,7.0,0.0,0.0,0.2,0.0,0.0,0.0,0.0,7.8,4.0,0.4,1.4,1.4,0.2,0.0,0.0,0.0,58.2
Maraú,A438,Maraú,Maraú - A438,-13.907,-38.972,Sul,RPGA do Recôncavo Sul,9.8,9.8,3.0,5.0,3.6,2.8,0.6,4.0,0.0,3.6,1.8,0.4,10.8,11.0,4.0,0.4,0.0,0.0,0.0,0.2,1.4,7.6,1.0,2.4,0.4,0.0,0.0,0.2,0.0,1.2,85.0
Mascote,53950000,Mascote,Mascote - 53950000,-15.566,-39.303,Sul,RPGA do Rio Pardo,0.0,4.2,11.0,3.8,2.4,6.0,0.2,3.6,0.0,2.2,0.0,0.0,7.4,1.2,0.2,0.0,0.0,0.0,0.0,0.0,0.0,3.0,7.4,4.2,2.2,1.2,0.0,0.0,0.0,0.0,60.2
PCH Colino I J,55357000,Jucuruçu,Jucuruçu (PCH Colino I J) - 55357000,-17.082,-40.077,Sul,"RPGA dos Rios Peruípe, Itanhém e Jucuruçu",0.8,0.8,1.8,0.5,0.0,0.2,0.5,0.2,0.2,0.0,0.0,0.0,0.0,4.0,0.0,0.0,0.0,0.0,0.0,0.0,0.0,0.0,0.0,10.2,0.5,0.0,0.0,0.0,0.0,0.0,19.8
Eunápolis,FB-CL-01,Eunápolis,Eunápolis - FB-CL-01,-16.291,-39.58,Sul,"RPGA dos Rios dos Frades, Buranhém e Santo Antônio",0.0,0.0,1.5,1.5,0.0,3.8,0.5,5.2,0.0,0.0,0.0,0.0,0.0,3.0,0.0,0.0,2.0,0.0,0.0,0.0,0.0,0.0,0.0,1.0,0.2,0.0,0.0,0.0,0.0,0.0,18.8
Centro,290560201A,Camacan,Camacan (Centro) - 290560201A,-15.422,-39.495,Sul,RPGA do Rio Pardo,0.0,1.8,7.3,3.0,1.0,6.1,0.8,5.3,0.0,1.6,0.0,0.0,11.0,10.3,0.6,0.0,0.0,0.0,0.0,0.0,0.0,8.5,0.8,0.0,2.2,3.0,0.0,0.0,0.0,0.0,63.3
Itabuna,Fazenda Barra,Itabuna,Itabuna - Fazenda Barra,-14.9,-39.369,Sul,RPGA do Leste,0.0,2.4,5.0,0.0,0.4,3.8,8.8,3.2,0.0,0.8,0.8,0.6,7.4,5.2,3.6,0.0,7.6,0.0,0.0,0.0,0.0,10.0,7.6,0.0,2.6,1.6,0.2,0.2,0.0,0.0,71.8
São João do Panelinha,290560202A,Camacan,Camacan (São João do Panelinha) - 290560202A,-15.375,-39.49,Sul,RPGA do Rio Pardo,0.6,1.0,12.8,2.4,7.5,5.4,0.4,6.1,0.0,0.2,0.0,0.0,9.3,8.3,0.2,0.0,0.0,0.0,0.0,0.0,0.0,2.8,1.4,1.0,4.6,3.6,0.0,0.0,0.0,0.0,67.4
Centro,290560203A,Camacan,Camacan (Centro) - 290560203A,-15.416,-39.494,Sul,RPGA do Rio Pardo,0.0,1.6,6.5,2.2,1.0,5.9,0.6,5.3,0.2,2.0,0.0,0.0,9.5,7.5,0.6,0.2,0.0,0.0,0.0,0.0,0.0,8.0,0.6,0.2,3.4,0.8,0.0,0.0,0.0,0.0,56.1
Conquista,291360601A,Ilhéus,Ilhéus (Conquista) - 291360601A,-14.797,-39.046,Sul,RPGA do Leste,0.0,9.1,6.7,1.0,3.7,8.3,9.3,10.0,0.0,0.6,3.4,0.2,13.6,2.8,5.1,0.0,0.0,0.0,0.0,0.4,3.8,12.8,16.4,0.8,0.4,2.4,0.2,0.0,0.0,0.0,110.8
Malhado,291360602A,Ilhéus,Ilhéus (Malhado) - 291360602A,-14.789,-39.049,Sul,RPGA do Leste,0.0,10.2,5.7,1.8,3.6,7.1,7.9,7.5,0.2,0.8,1.8,0.0,11.6,1.8,3.2,0.0,0.0,0.0,0.0,0.2,4.8,17.9,12.6,0.8,1.6,2.0,0.2,0.0,0.0,0.0,103.3
São Caetano,291480202A,Itabuna,Itabuna (São Caetano) - 291480202A,-14.806,-39.278,Sul,RPGA do Leste,0.0,0.4,1.4,6.7,1.8,6.7,8.1,7.5,0.0,0.8,1.2,0.2,4.6,2.8,2.2,0.0,0.0,0.0,0.0,0.0,3.4,3.8,2.8,0.4,1.0,0.4,0.2,0.0,0.0,0.0,56.3
Nova Ferradas,291480203A,Itabuna,Itabuna (Nova Ferradas) - 291480203A,-14.857,-39.347,Sul,RPGA do Leste,0.2,1.0,2.6,0.0,1.8,4.1,8.7,8.3,0.0,0.2,1.6,1.0,4.5,2.8,1.8,0.0,0.0,0.0,0.0,0.0,8.1,3.7,2.2,0.0,1.8,0.6,0.0,0.0,0.0,0.0,55.0
Planalto I,292110401A,Medeiros Neto,Medeiros Neto (Planalto I) - 292110401A,-17.365,-40.223,Sul,"RPGA dos Rios Peruípe, Itanhém e Jucuruçu",0.2,0.2,0.6,0.0,0.0,0.2,0.6,0.0,0.0,0.0,0.0,0.0,0.0,0.4,0.2,0.0,0.0,0.0,0.0,0.0,0.0,0.0,0.0,14.8,1.4,0.0,0.0,0.0,0.0,0.0,18.6
Centro,292300102A,Nova Viçosa,Nova Viçosa (Centro) - 292300102A,-17.893,-39.372,Sul,"RPGA dos Rios Peruípe, Itanhém e Jucuruçu",0.2,0.2,0.0,0.0,0.0,0.0,0.0,3.2,0.0,0.0,0.0,0.0,0.0,0.2,0.0,0.0,0.0,0.0,0.0,0.0,0.0,1.4,0.0,29.7,0.0,0.0,0.0,0.0,0.0,0.0,34.9
Posto da Mata,292300103A,Nova Viçosa,Nova Viçosa (Posto da Mata) - 292300103A,-17.896,-39.37,Sul,"RPGA dos Rios Peruípe, Itanhém e Jucuruçu",0.0,0.2,0.0,0.0,0.0,0.0,0.0,2.6,0.0,0.0,0.0,0.0,0.0,0.0,0.0,0.0,0.0,0.0,0.0,0.0,0.0,1.0,0.0,28.5,0.0,0.0,0.0,0.0,0.0,0.0,32.3
Areião,292530301A,Porto Seguro,Porto Seguro (Areião) - 292530301A,-16.441,-39.076,Sul,"RPGA dos Rios dos Frades, Buranhém e Santo Antônio",0.2,0.0,0.4,0.0,0.0,3.9,2.6,0.0,0.0,0.2,0.0,0.0,1.0,0.0,0.0,9.7,0.0,0.0,0.0,0.0,0.0,3.6,5.7,1.2,1.8,0.0,0.0,0.0,0.0,0.0,30.2
Paraguai,292530302A,Porto Seguro,Porto Seguro (Paraguai) - 292530302A,-16.41,-39.08,Sul,"RPGA dos Rios dos Frades, Buranhém e Santo Antônio",0.0,1.6,0.2,0.0,0.0,3.0,0.8,0.0,0.0,0.2,0.0,0.0,0.6,0.6,0.0,5.3,0.2,0.0,0.0,0.0,1.0,5.1,4.9,2.4,0.2,0.0,0.0,0.0,0.0,0.0,26.0
Trancoso,292530303A,Porto Seguro,Porto Seguro (Trancoso) - 292530303A,-16.595,-39.109,Sul,"RPGA dos Rios dos Frades, Buranhém e Santo Antônio",0.0,0.8,9.3,1.4,0.2,2.0,4.2,0.4,0.0,0.0,0.0,0.0,2.6,4.9,0.2,2.8,0.2,0.0,0.0,0.0,0.0,0.0,1.4,2.4,3.2,0.0,0.0,0.0,0.0,0.0,35.8
BR367km4,292770501A,Santa Cruz Cabrália,Santa Cruz Cabrália (BR367km4) - 292770501A,-16.321,-39.023,Sul,"RPGA dos Rios dos Frades, Buranhém e Santo Antônio",0.2,1.4,2.0,3.4,0.0,6.1,5.3,1.2,0.0,0.0,0.0,0.0,0.6,0.2,0.0,0.0,0.0,0.0,0.4,0.0,0.8,2.2,0.8,0.6,0.2,0.0,0.0,0.0,0.0,0.0,25.3
Estádio Municipal,291530401A,Itagimirim,Itagimirim (Estádio Municipal) - 291530401A,-16.089,-39.616,Sul,RPGA do Rio Jequitinhonha,0.0,0.8,1.4,0.6,0.0,2.4,0.0,0.6,0.2,1.2,0.0,0.0,0.0,0.8,0.2,0.0,4.5,0.0,0.0,0.0,0.0,0.2,0.6,0.2,0.4,0.2,0.0,0.0,0.0,0.0,14.2
Jusante,54945000,Itapebi,Itapebi (Jusante) - 54945000,-15.949,-39.523,Sul,RPGA do Rio Jequitinhonha,0.4,1.8,4.0,1.8,0.0,2.8,0.8,0.6,0.0,0.4,0.2,0.0,0.0,2.8,0.0,0.0,2.2,0.0,0.0,0.0,0.0,0.0,0.4,6.2,0.4,1.8,3.6,0.0,0.0,0.0,30.2
Morpará,46360000,Morpará,Morpará - 46360000,-11.558,-43.282,São Francisco,RPGA dos Rios Paramirim e Santo Onofre,0.0,0.0,0.0,0.0,0.0,0.0,3.0,0.0,0.0,0.0,0.0,0.0,0.0,0.0,0.0,0.0,0.0,0.0,0.0,0.0,0.0,0.0,0.0,0.0,0.0,0.0,0.0,0.0,0.0,0.0,3.0
Bom Jesus da Lapa,A418,Bom Jesus da Lapa,Bom Jesus da Lapa - A418,-13.251,-43.405,São Francisco,RPGA do Rio Carnaíba de Dentro,22.8,0.0,0.0,0.0,0.0,0.0,0.0,0.0,0.0,0.0,0.0,0.0,0.0,0.0,0.0,0.0,0.0,0.0,0.0,0.0,0.0,0.0,0.0,4.8,0.0,0.0,0.0,0.0,0.0,0.0,27.6
Pilão Arcado,A449,Pilão Arcado,Pilão Arcado - A449,-10.004,-42.475,São Francisco,RPGA do Lago de Sobradinho,0.0,0.0,0.0,0.0,0.0,0.0,0.0,0.0,0.0,0.0,0.0,0.0,0.0,0.0,0.0,0.0,0.0,0.0,0.0,0.0,0.0,0.0,0.0,0.0,0.0,0.0,0.0,0.0,0.0,0.0,0.0
Bom Jesus da Lapa,83288,Bom Jesus da Lapa,Bom Jesus da Lapa - 83288,-13.251,-43.405,São Francisco,RPGA do Rio Carnaíba de Dentro,0.0,0.0,0.0,0.0,0.0,0.0,0.0,0.0,0.0,0.0,0.0,0.0,0.0,0.0,0.0,0.0,0.0,0.0,0.0,0.0,0.0,0.0,0.0,4.7,0.0,0.0,0.0,0.0,0.0,0.0,4.7
Santa Rita de Cássia,83076,Santa Rita de Cássia,Santa Rita de Cássia - 83076,-11.017,-44.517,São Francisco,RPGA do Rio Grande,0.0,0.0,0.0,0.0,0.0,0.0,0.0,0.0,0.0,0.0,0.0,0.0,0.0,0.0,0.0,0.0,0.0,0.0,0.0,0.0,0.0,0.0,0.0,0.0,0.5,0.0,0.0,0.0,0.0,0.0,0.5
Guanambí,A426,Guanambí,Guanambí - A426,-14.208,-42.75,São Francisco,RPGA do Rio Carnaíba de Dentro,0.0,0.0,0.0,0.0,0.0,0.0,0.0,0.0,0.0,0.0,0.0,0.0,0.0,0.0,0.0,0.0,0.0,0.0,0.0,0.0,0.0,0.0,0.0,0.0,0.0,0.0,0.0,0.0,0.0,0.0,0.0
Barra,A429,Barra,Barra - A429,-11.085,-43.139,São Francisco,RPGA do Rio Grande,0.0,0.0,0.0,0.0,0.0,0.0,0.0,0.0,0.0,0.0,0.0,0.0,0.0,0.0,0.0,0.0,0.0,0.0,0.0,0.0,0.0,0.0,0.0,0.0,0.0,0.0,0.0,0.0,0.0,0.0,0.0
Ibotirama,A439,Ibotirama,Ibotirama - A439,-12.193,-43.213,São Francisco,RPGA dos Rios Paramirim e Santo Onofre,0.0,0.0,0.0,0.0,0.0,0.0,0.0,0.0,0.0,0.0,0.0,0.0,0.0,0.0,0.0,0.0,0.0,0.0,0.0,0.0,0.0,0.0,0.0,0.0,0.0,0.0,0.0,0.0,0.0,0.0,0.0
Macaúbas,PM-CL-02,Macaúbas,Macaúbas - PM-CL-02,-13.08,-42.696,São Francisco,RPGA dos Rios Paramirim e Santo Onofre,0.0,0.0,0.0,0.0,0.0,0.0,0.0,0.0,0.0,0.0,0.0,0.0,0.0,0.4,0.0,0.0,0.0,0.0,0.0,0.0,0.0,0.0,0.0,0.0,0.0,0.0,0.0,0.0,0.0,0.0,0.4
Faz. Macambira,46675000,Cotegipe,Cotegipe (Faz. Macambira) - 46675000,-11.611,-44.157,São Francisco,RPGA do Rio Grande,0.0,0.0,0.0,0.0,0.0,0.0,0.0,0.0,0.0,0.0,0.0,0.0,0.0,0.0,0.0,0.0,0.0,0.0,0.0,0.0,0.0,0.0,0.0,0.0,0.0,0.0,0.0,0.0,0.0,0.0,0.0
Fz.P. Limpo,46870000,Mansidão,Mansidão (Fz.P. Limpo) - 46870000,-11.237,-43.951,São Francisco,RPGA do Rio Grande,0.0,0.0,0.0,0.0,0.0,0.0,0.0,0.0,0.0,0.0,0.0,0.0,0.0,0.0,0.0,0.0,0.0,0.0,0.0,0.0,0.0,0.0,0.0,0.0,2.0,0.0,0.0,0.0,0.0,0.0,2.0
Santa Maria da Vitória,45910001,Santa Maria da Vitória,Santa Maria da Vitória - 45910001,-13.401,-44.199,São Francisco,"RPGA do Rio Corrente e Riachos do Ramalho, Serra Dourada e Brejo Velho",0.0,0.0,0.0,0.0,0.0,0.0,0.0,0.0,0.0,0.0,0.0,0.0,0.0,0.0,0.0,0.0,0.0,0.0,0.0,0.0,0.0,0.0,0.0,0.0,0.0,0.0,0.0,0.0,0.0,0.0,0.0
Caetité,CD-CL-01,Caetité,Caetité - CD-CL-01,-13.967,-42.605,São Francisco,RPGA do Rio Carnaíba de Dentro,0.0,0.0,0.0,0.0,0.0,0.0,0.0,0.0,0.0,0.0,0.0,0.0,0.0,0.0,0.0,0.0,0.0,0.0,0.0,0.0,0.0,0.0,0.0,0.0,0.0,0.0,0.0,0.0,0.0,0.0,0.0
Bom Jesus da Lapa,45480000,Bom Jesus da Lapa,Bom Jesus da Lapa - 45480000,-13.257,-43.435,São Francisco,"RPGA do Rio Corrente e Riachos do Ramalho, Serra Dourada e Brejo Velho",0.0,0.0,0.0,0.0,0.0,0.0,0.0,0.0,0.0,0.0,0.0,0.0,0.0,0.0,0.0,0.0,0.0,0.0,0.0,0.0,0.0,0.0,0.2,1.6,0.0,0.2,0.0,0.0,0.0,0.0,2.0
Boqueirão,46902000,Mansidão,Mansidão (Boqueirão) - 46902000,-11.345,-43.826,São Francisco,RPGA do Rio Grande,0.0,0.0,0.0,0.0,0.0,0.0,0.0,0.0,0.0,0.0,0.0,0.0,0.0,0.0,0.0,0.0,0.0,0.0,0.0,0.0,0.0,0.0,0.0,0.0,0.0,0.0,0.0,0.0,0.0,0.0,0.0
Volta da Serra,CD-CL-02,Paratinga,Paratinga (Volta da Serra) - CD-CL-02,-12.576,-43.128,São Francisco,RPGA do Rio Carnaíba de Dentro,0.0,0.0,0.0,0.0,0.0,0.0,0.0,0.0,0.0,0.0,0.0,0.0,0.0,0.0,0.0,0.0,0.0,0.0,0.0,0.0,0.0,0.0,0.0,0.2,0.0,0.0,0.0,0.0,0.0,0.0,0.2
Xique-Xique,PM-CL-05,Xique-Xique,Xique-Xique - PM-CL-05,-10.825,-42.689,São Francisco,RPGA dos Rios Paramirim e Santo Onofre,0.0,0.0,0.0,0.0,0.0,0.0,0.0,0.0,0.0,0.0,0.0,0.0,0.0,0.0,0.0,0.0,0.0,0.0,0.0,0.0,0.0,0.0,0.0,0.0,0.0,0.0,0.0,0.0,0.0,0.0,0.0
Boquira,290410001C,Boquira,Boquira - 290410001C,-12.81,-42.718,São Francisco,RPGA dos Rios Paramirim e Santo Onofre,0.0,0.0,0.0,0.0,0.0,0.0,0.0,0.0,0.0,0.0,0.0,0.0,0.0,0.0,0.0,0.0,0.0,0.0,0.0,0.0,0.0,0.0,0.0,0.0,0.0,0.0,0.0,0.0,0.0,0.0,0.0
Licínio de Almeida,291940501C,Licínio de Almeida,Licínio de Almeida - 291940501C,-14.689,-42.503,São Francisco,RPGA do Rio de Contas,0.0,0.0,0.0,0.0,0.0,0.0,0.0,3.2,0.0,0.0,0.0,0.0,0.0,0.0,0.0,0.0,0.0,0.0,0.0,0.0,0.0,0.0,0.0,0.0,0.0,0.0,0.0,0.0,0.0,0.0,3.2
