nome_estacao,codigo,municipio,estacao,latitude,longitude,regiao,rpga,01_03_22,02_03_22,03_03_22,04_03_22,05_03_22,06_03_22,07_03_22,08_03_22,09_03_22,10_03_22,11_03_22,12_03_22,13_03_22,14_03_22,total
Lagoa Bonita,PG-PR-15,Iacú,Iacú (Lagoa Bonita) - PG-PR-15,-12.931506,-40.226468,Chapada Diamantina,RPGA do Rio Paraguaçu,0.0,0.0,0.0,0.0,3.8,4.6,16.6,3.6,0.4,1.2,0.0,0.6,0.0,0.0,30.8
Wagner,PG-PR-22,Wagner,Wagner - PG-PR-22,-12.289538,-41.161774,Chapada Diamantina,RPGA do Rio Paraguaçu,0.0,0.0,0.0,0.8,11.6,11.8,1.0,8.0,0.2,0.0,12.8,0.8,0.2,0.0,47.2
Guiné,PG-PR-24,Mucugê,Mucugê (Guiné) - PG-PR-24,-12.771772,-41.540679,Chapada Diamantina,RPGA do Rio Paraguaçu,0.0,0.0,0.0,0.0,4.8,1.6,1.6,3.0,3.4,3.2,0.6,0.0,0.0,0.0,18.21
Machado Portela,PG-PR-26,Marcionílio Souza,Marcionílio Souza (Machado Portela) - PG-PR-26,-13.153732,-40.768155,Chapada Diamantina,RPGA do Rio Paraguaçu,0.0,0.0,0.0,0.2,7.2,14.4,8.8,0.8,1.2,0.2,7.6,3.6,0.2,0.0,44.21
Iaçu,PG-CL-05,Iaçu,Iaçu - PG-CL-05,-12.9114,-40.03177,Chapada Diamantina,RPGA do Rio Paraguaçu,0.0,0.0,0.0,0.4,2.4,2.2,5.0,0.0,1.2,0.2,4.2,0.0,0.0,0.0,15.6
Marcionílio Souza,PG-CL-03,Marcionílio Souza,Marcionílio Souza - PG-CL-03,-13.00021,-40.537783,Chapada Diamantina,RPGA do Rio Paraguaçu,0.0,0.0,2.4,9.6,13.2,17.2,29.4,7.2,0.6,0.0,3.2,1.0,0.0,0.0,83.8
Iraquara,PG-PR-02,Iraquara,Iraquara - PG-PR-02,-12.255093,-41.61679,Chapada Diamantina,RPGA do Rio Paraguaçu,0.0,0.0,0.0,0.4,5.2,14.4,0.4,0.4,0.0,2.0,0.0,0.0,0.0,0.0,22.8
Ventura,PG-PR-10,Morro do Chapéu,Morro do Chapéu (Ventura) - PG-PR-10,-11.650911,-40.951765,Chapada Diamantina,RPGA do Rio Paraguaçu,0.0,0.0,0.0,27.8,17.8,15.0,0.0,0.8,0.6,1.8,0.4,0.0,0.0,0.0,64.2
Morro do Chapéu,83184,Morro do Chapéu,Morro do Chapéu - 83184,-11.216667,-41.216667,Chapada Diamantina,RPGA do Rio Salitre,0.0,0.0,0.0,7.7,9.3,21.3,0.0,0.6,0.0,1.2,0.0,0.0,0.0,0.0,40.1
Piatã,A430,Piatã,Piatã - A430,-13.155681,-41.774125,Chapada Diamantina,RPGA do Rio de Contas,0.0,0.0,0.0,5.4,10.4,2.4,10.0,5.2,1.8,0.0,0.8,0.8,0.0,0.0,36.8
Centro,291900901A,Lajedinho,Lajedinho (Centro) - 291900901A,-12.35585,-40.90228,Chapada Diamantina,RPGA do Rio Paraguaçu,0.6,0.0,0.0,7.8,3.0,18.6,6.4,8.0,0.2,0.2,1.8,0.0,0.2,0.0,46.81
Fazenda Terra Grapiúna,PG-FR-04,Wagner,Wagner (Fazenda Terra Grapiúna) - PG-FR-04,-12.181482,-41.150663,Chapada Diamantina,RPGA do Rio Paraguaçu,0.0,0.0,0.0,1.2,4.2,19.6,0.0,0.2,1.6,0.0,4.2,0.6,0.0,0.2,31.8
Usina Mucugê,PG-FR-20,Mucugê,Mucugê (Usina Mucugê) - PG-FR-20,-13.008835,-41.37113,Chapada Diamantina,RPGA do Rio Paraguaçu,0.2,0.0,0.0,0.8,4.6,15.6,6.8,18.4,1.4,0.8,0.6,1.8,2.0,0.0,53.0
Iaçu,51280000,Iaçu,Iaçu - 51280000,-12.7622,-40.2136,Chapada Diamantina,RPGA do Rio Paraguaçu,0.0,0.0,0.0,0.0,14.2,10.8,5.2,1.4,1.0,0.0,10.8,9.0,0.0,0.0,52.4
Lençóis,A425,Lençóis,Lençóis - A425,-12.557854,-41.388808,Chapada Diamantina,RPGA do Rio Paraguaçu,0.2,0.0,0.0,1.2,12.4,12.4,2.8,10.8,1.2,0.4,0.0,3.0,0.0,0.0,44.41
Pé de Serra,PG-CL-07,Pé de Serra,Pé de Serra - PG-CL-07,-11.83676,-39.65905,Nordeste,RPGA do Rio Paraguaçu,0.0,0.0,0.0,4.2,27.4,11.2,0.8,0.2,0.0,2.2,4.4,0.4,0.0,0.0,50.8
Caldas do Jorro,IT-CL-05,Tucano,Tucano (Caldas do Jorro) - IT-CL-05,-11.03477,-38.80386,Nordeste,RPGA do Rio Itapicuru,0.0,0.0,2.2,26.2,6.2,3.4,1.4,0.2,0.0,1.0,1.0,0.4,0.0,0.0,42.0
Saúde,IT-CL-04,Saúde,Saúde - IT-CL-04,-10.95669,-40.38329,Nordeste,RPGA do Rio Itapicuru,0.0,0.8,0.0,5.6,37.0,5.6,1.4,2.0,0.0,1.6,1.0,0.4,0.0,0.0,55.4
Lajinha,IT-CL-06,Várzea do Poço,Várzea do Poço (Lajinha) - IT-CL-06,-11.4964,-40.34474,Nordeste,RPGA do Rio Itapicuru,0.0,0.6,0.0,9.0,18.0,31.4,0.0,2.0,0.0,2.2,0.4,5.8,0.0,0.0,69.4
Ipirá,PG-CL-02,Ipirá,Ipirá - PG-CL-02,-12.14986,-39.76454,Nordeste,RPGA do Rio Paraguaçu,0.0,0.0,0.2,2.2,2.2,32.8,0.2,0.0,2.8,0.2,1.6,0.0,0.0,0.0,42.2
Valente,PG-PR-04,Valente,Valente - PG-PR-04,-11.40119,-39.458099,Nordeste,RPGA do Rio Paraguaçu,0.0,0.0,0.0,76.2,7.6,9.0,0.8,0.0,0.0,9.2,0.2,0.0,0.0,0.0,103.0
Pé de Serra,PG-PR-06,Pé de Serra,Pé de Serra - PG-PR-06,-11.833423,-39.623663,Nordeste,RPGA do Rio Paraguaçu,0.0,0.0,0.0,0.0,13.0,11.0,0.0,0.0,0.0,3.4,0.6,2.8,0.0,0.0,30.8
Itapeipu,IT-PR-34,Jacobina,Jacobina (Itapeipu) - IT-PR-34,-11.315629,-40.356742,Nordeste,RPGA do Rio Itapicuru,0.0,0.0,0.0,4.4,11.4,17.0,0.6,2.0,0.0,1.4,6.6,1.4,0.0,0.0,44.8
Caém,IT-PR-35,Caém,Caém - IT-PR-35,-11.093399,-40.437579,Nordeste,RPGA do Rio Itapicuru,0.6,0.0,0.0,0.0,30.4,13.2,0.2,5.0,0.0,0.0,0.0,0.0,0.0,0.0,49.41
Ladeira Vermelha,291750801A,Jacobina,Jacobina (Ladeira Vermelha) - 291750801A,-11.161707,-40.554213,Nordeste,RPGA do Rio Itapicuru,0.0,0.8,0.8,0.2,16.0,6.8,0.0,6.4,0.4,0.2,3.6,0.0,0.0,0.0,35.2
Feliz Tomaz,291750802A,Jacobina,Jacobina (Feliz Tomaz) - 291750802A,-11.174316,-40.517837,Nordeste,RPGA do Rio Itapicuru,0.0,2.4,0.0,0.0,36.0,10.0,0.0,5.8,0.2,0.2,5.8,1.8,0.0,0.0,62.2
Santaluz,IT-PR-17,Santaluz,Santaluz - IT-PR-17,-11.24831,-39.37563,Nordeste,RPGA do Rio Itapicuru,0.0,0.0,0.0,5.4,6.0,1.8,0.0,0.0,0.0,0.8,2.0,0.0,0.0,0.0,16.0
Conde,A431,Conde,Conde - A431,-12.03622,-37.68322,Nordeste,RPGA do Rio Itapicuru,0.0,0.0,0.2,5.6,9.4,0.2,0.4,0.0,0.0,0.0,0.8,1.0,3.2,0.0,20.8
Nordestina,IT-PR-22,Nordestina,Nordestina - IT-PR-22,-10.826728,-39.437543,Nordeste,RPGA do Rio Itapicuru,0.0,0.0,0.0,22.6,5.4,4.8,2.4,0.0,0.0,0.0,0.2,0.0,0.0,0.0,35.4
Ribeira do Amparo,A458,Ribeira do Amparo,Ribeira do Amparo - A458,-11.058722,-38.444028,Nordeste,RPGA do Rio Itapicuru,0.0,0.0,0.0,16.6,19.2,4.0,4.2,0.0,0.0,0.0,1.2,0.0,0.0,0.0,45.2
Curral Falso,IT-PR-01,Ribeira do Pombal,Ribeira do Pombal (Curral Falso) - IT-PR-01,-10.697843,-38.5714,Nordeste,RPGA do Rio Itapicuru,0.0,2.4,0.0,2.4,8.6,0.0,0.0,0.0,0.6,0.6,0.4,1.4,14.2,0.0,30.6
Ribeira do Pombal,IT-PR-04,Ribeira do Pombal,Ribeira do Pombal - IT-PR-04,-10.823399,-38.545844,Nordeste,RPGA do Rio Itapicuru,0.0,0.0,1.4,9.8,0.4,1.0,0.2,0.0,0.0,0.0,0.6,1.0,0.0,0.0,14.4
Crisópolis,IT-PR-08,Crisópolis,Crisópolis - IT-PR-08,-11.510923,-38.120832,Nordeste,RPGA do Rio Itapicuru,0.0,0.0,0.0,32.6,2.8,1.2,2.8,0.0,0.0,5.2,0.2,0.4,0.0,0.0,45.2
Fazenda Laranjeiras III,IT-PR-09,Araci,Araci (Fazenda Laranjeiras III) - IT-PR-09,-11.334248,-38.968638,Nordeste,RPGA do Rio Itapicuru,0.0,0.0,0.0,5.4,33.0,1.4,0.0,0.0,0.0,0.2,2.8,0.8,0.0,0.0,43.6
Fazenda Alecrim ,IT-FR-21,Filadélfia,Filadélfia (Fazenda Alecrim ) - IT-FR-21,-10.7522,-40.22444,Nordeste,RPGA do Rio Itapicuru,0.0,0.0,0.4,10.2,12.6,5.4,0.2,5.2,0.2,0.0,1.8,0.4,0.0,0.0,36.4
Fazenda Grutinha,IT-FR-13,Pindobaçu,Pindobaçu (Fazenda Grutinha) - IT-FR-13,-10.7589,-40.4367,Nordeste,RPGA do Rio Itapicuru,0.0,0.0,0.2,6.8,96.6,2.8,2.8,13.4,0.2,0.8,0.0,2.2,3.0,0.0,128.8
Conde-Usina Altamira,IT-FR-27,Conde-Usina Altamira,Conde-Usina Altamira - IT-FR-27,-11.7347,-37.8033,Nordeste,RPGA do Rio Itapicuru,0.0,0.0,1.6,50.0,11.0,16.8,7.4,5.4,3.8,2.6,4.8,5.4,0.4,0.2,109.41
Pedras Altas,50430000,Capim Grosso,Capim Grosso (Pedras Altas) - 50430000,-11.18288,-40.04725,Nordeste,RPGA do Rio Itapicuru,0.0,0.0,0.2,1.2,26.6,15.0,5.8,5.4,0.0,8.0,0.2,0.0,0.0,0.0,62.4
Ponto Novo,50380000,Ponto Novo,Ponto Novo - 50380000,-10.845,-40.1128,Nordeste,RPGA do Rio Itapicuru,0.0,0.0,0.0,9.0,12.6,0.4,0.4,5.2,0.2,0.0,0.0,0.2,0.2,0.0,28.2
Itaberaba,291840701A,Juazeiro,Juazeiro (Itaberaba) - 291840701A,-9.44837,-40.48517,Norte,RPGA dos Rios Macururé e Curaçá,0.0,0.0,0.0,0.0,0.0,0.0,0.0,0.0,0.0,0.0,0.0,0.0,0.0,0.0,0.0
Maria Gorete,291840703A,Juazeiro,Juazeiro (Maria Gorete) - 291840703A,-9.42014,-40.49909,Norte,RPGA dos Rios Macururé e Curaçá,0.0,0.0,0.0,15.6,59.0,14.0,0.0,0.2,0.0,0.0,0.0,0.0,0.0,0.0,88.8
CODEVASF Salitre,MC-CL-01,Juazeiro,Juazeiro (CODEVASF Salitre) - MC-CL-01,-9.48778,-40.61333,Norte,RPGA dos Rios Macururé e Curaçá,0.0,0.0,0.0,0.4,51.4,5.2,0.0,2.6,0.0,0.0,0.0,0.0,0.0,0.0,59.6
João Paulo II,291840704A,Juazeiro,Juazeiro (João Paulo II) - 291840704A,-9.47067,-40.49805,Norte,RPGA dos Rios Macururé e Curaçá,0.0,0.0,0.0,5.8,12.0,9.4,0.0,3.4,0.0,0.0,3.8,0.0,0.0,0.0,34.4
Campo Formoso,IT-CL-02,Campo Formoso,Campo Formoso - IT-CL-02,-10.47062,-40.33412,Norte,RPGA do Rio Itapicuru,0.0,0.0,1.2,4.6,23.2,2.4,1.8,5.6,0.4,0.2,1.0,0.2,0.0,0.0,40.6
Sento Sé,SO-CL-01,Sento Sé,Sento Sé - SO-CL-01,-9.78228,-41.81872,Norte,RPGA do Lago de Sobradinho,0.0,0.0,0.0,13.2,0.0,1.2,0.0,11.8,0.0,0.0,0.0,0.0,0.0,0.0,26.2
Itaguaçu da Bahia,VJ-CL-03,Itaguaçu da Bahia,Itaguaçu da Bahia - VJ-CL-03,-10.9549,-42.3465,Norte,RPGA dos Rios Verde e Jacaré,0.0,0.0,0.0,0.0,4.0,10.0,0.2,0.0,0.0,0.0,0.0,0.0,3.6,0.0,17.8
Juazeiro,48020000,Juazeiro,Juazeiro - 48020000,-9.4064,-40.5036,Norte,RPGA dos Rios Macururé e Curaçá,0.0,0.0,0.0,13.0,31.8,12.2,0.0,0.6,0.0,0.0,0.0,0.0,0.0,0.0,57.6
Ibipeba,VJ-CL-02,Ibipeba,Ibipeba - VJ-CL-02,-11.62667,-42.06444,Norte,RPGA dos Rios Verde e Jacaré,0.0,0.0,0.0,0.0,0.2,3.8,0.8,0.2,0.0,0.0,0.0,0.0,0.0,0.0,5.0
Abreus,SA-FR-01,Campo Formoso,Campo Formoso (Abreus) - SA-FR-01,-10.01028,-40.695528,Norte,RPGA do Rio Salitre,4.0,0.0,0.0,0.0,0.0,0.0,0.0,0.0,0.0,0.0,6.8,0.0,3.6,7.2,21.6
Lapão,291915701A,Lapão,Lapão - 291915701A,-11.38,-41.83,Norte,RPGA dos Rios Verde e Jacaré,0.0,0.0,0.0,0.0,0.2,18.2,0.2,0.2,0.2,0.0,0.0,0.0,0.0,0.0,19.0
Mirangaba,IT-PR-29,Mirangaba,Mirangaba - IT-PR-29,-10.954784,-40.574527,Norte,RPGA do Rio Itapicuru,0.0,1.0,0.4,3.6,16.0,18.8,2.6,1.6,0.6,1.2,8.2,0.4,0.8,0.0,55.2
Irecê,A424,Irecê,Irecê - A424,-11.328998,-41.864504,Norte,RPGA dos Rios Verde e Jacaré,0.0,0.0,0.0,0.4,0.0,16.0,0.0,2.8,0.0,0.0,4.4,0.2,0.0,0.0,23.8
Correntina,45590000,Correntina,Correntina - 45590000,-13.3406,-44.6386,Oeste,"RPGA do Rio Corrente e Riachos do Ramalho, Serra Dourada e Brejo Velho",0.0,0.0,0.0,0.2,0.0,0.2,0.0,0.0,0.0,0.0,0.0,0.0,0.0,0.0,0.4
Fazenda Redenção,46543000,Barreiras,Barreiras (Fazenda Redenção) - 46543000,-12.1358,-45.1033,Oeste,RPGA do Rio Grande,0.0,0.0,0.0,1.0,0.4,18.6,0.0,35.2,2.2,0.0,0.0,0.0,0.0,0.0,57.41
Fazenda Decisão,GR-CL-05,São Desidério,São Desidério (Fazenda Decisão) - GR-CL-05,-12.76167,-45.28167,Oeste,RPGA do Rio Grande,0.0,0.0,9.6,0.6,0.0,2.0,0.0,2.6,0.0,0.0,0.0,2.4,0.0,0.0,17.2
Formosa do Rio Preto,A452,Formosa do Rio Preto,Formosa do Rio Preto - A452,-11.052163,-45.200769,Oeste,RPGA do Rio Grande,0.0,0.0,0.0,0.0,2.6,7.8,7.6,23.6,0.8,0.0,0.0,0.0,0.0,6.4,48.8
Fazenda Barcelona,GR-CL-03,Formosa do Rio Preto,Formosa do Rio Preto (Fazenda Barcelona) - GR-CL-03,-11.59139,-46.02194,Oeste,RPGA do Rio Grande,0.0,0.0,1.0,0.0,3.4,1.2,0.4,15.8,0.4,0.0,0.0,0.0,19.2,0.0,41.4
Correntina,A416,Correntina,Correntina - A416,-13.332386,-44.617376,Oeste,"RPGA do Rio Corrente e Riachos do Ramalho, Serra Dourada e Brejo Velho",0.0,0.2,0.0,0.2,14.0,0.0,0.0,0.0,0.0,0.0,0.0,0.2,0.0,0.0,14.6
Barreiras,83236,Barreiras,Barreiras - 83236,-12.155556,-45.007778,Oeste,RPGA do Rio Grande,0.0,0.0,0.0,0.0,5.9,5.2,6.4,18.5,13.2,0.0,0.0,0.0,0.0,3.0,52.2
Correntina,83286,Correntina,Correntina - 83286,-13.332222,-44.617222,Oeste,"RPGA do Rio Corrente e Riachos do Ramalho, Serra Dourada e Brejo Velho",0.0,0.0,0.0,0.0,14.6,0.0,0.0,0.0,0.0,0.0,0.0,0.0,0.0,0.0,14.6
PCH Pres. Goulart-J,45600000,Correntina,Correntina (PCH Pres. Goulart-J) - 45600000,-13.3344,-44.6208,Oeste,"RPGA do Rio Corrente e Riachos do Ramalho, Serra Dourada e Brejo Velho",0.0,0.0,0.0,0.6,12.8,0.0,0.0,0.0,0.0,0.0,0.0,0.0,0.0,0.0,13.4
PCH Pres. Goulart-M1,45588000,Correntina,Correntina (PCH Pres. Goulart-M1) - 45588000,-13.3408,-44.6414,Oeste,"RPGA do Rio Corrente e Riachos do Ramalho, Serra Dourada e Brejo Velho",0.0,0.0,0.0,0.2,10.6,0.0,0.0,0.0,0.0,0.0,0.0,0.0,0.0,0.0,10.8
PCH Sítio Grande-J,46453500,São Desidério,São Desidério (PCH Sítio Grande-J) - 46453500,-12.4286,-45.1528,Oeste,RPGA do Rio Grande,0.0,0.0,0.0,3.0,0.0,0.0,8.2,1.6,0.4,2.4,0.0,0.0,0.0,0.0,15.6
Derocal,46455000,São Desidério,São Desidério (Derocal) - 46455000,-12.412696,-45.121499,Oeste,RPGA do Rio Grande,0.0,0.2,0.0,2.2,0.0,2.0,7.4,3.8,3.0,2.6,0.0,0.0,0.0,0.0,21.21
Luís Eduardo Magalhães,A404,Luís Eduardo Magalhães,Luís Eduardo Magalhães - A404,-12.152394,-45.829745,Oeste,RPGA do Rio Grande,0.0,0.0,0.4,0.4,9.4,2.2,0.0,8.2,0.2,0.0,0.0,0.0,0.0,0.6,21.41
Ponte do Fortunato,CA-FR-01,Cocos,Cocos (Ponte do Fortunato) - CA-FR-01,-14.641237,-45.503601,Oeste,RPGA do Rio Carinhanha,0.0,0.0,0.0,43.0,0.0,0.0,4.0,6.6,0.0,0.0,0.0,0.0,0.0,0.0,53.6
Fazenda Morete,CT-FR-01,Correntina,Correntina (Fazenda Morete) - CT-FR-01,-13.223149,-45.154136,Oeste,"RPGA do Rio Corrente e Riachos do Ramalho, Serra Dourada e Brejo Velho",0.0,0.0,1.0,1.6,0.6,0.0,3.4,0.0,0.0,0.0,7.2,0.0,0.0,0.0,13.8
Fazenda Lagoa do Casamento,CT-FR-08,Cocos,Cocos (Fazenda Lagoa do Casamento) - CT-FR-08,-14.39901,-45.520267,Oeste,"RPGA do Rio Corrente e Riachos do Ramalho, Serra Dourada e Brejo Velho",0.0,0.0,0.0,19.6,0.0,0.0,1.4,0.2,0.0,0.0,0.0,0.0,1.6,0.0,22.8
Fazenda Vereda Nova,GR-FR-20,São Desidério,São Desidério (Fazenda Vereda Nova) - GR-FR-20,-12.833418,-45.307751,Oeste,RPGA do Rio Grande,0.0,0.0,2.4,8.2,0.0,9.4,3.8,1.0,0.4,0.0,6.0,0.0,0.0,0.0,31.2
Rio de Pedras,46520000,Barreiras,Barreiras (Rio de Pedras) - 46520000,-12.1944,-45.4897,Oeste,RPGA do Rio Grande,0.0,0.0,0.2,24.4,0.2,9.8,0.0,24.6,0.4,3.0,0.2,1.8,0.2,0.0,64.8
Fazenda Bom Jardim,46770000,Formosa do Rio Preto,Formosa do Rio Preto (Fazenda Bom Jardim) - 46770000,-10.9936,-45.5278,Oeste,RPGA do Rio Grande,0.0,0.0,0.6,0.0,0.8,3.0,0.0,31.4,0.0,0.0,0.0,0.0,0.6,0.4,36.8
Feira de Santana,PG-PR-13,Feira de Santana,Feira de Santana - PG-PR-13,-12.268161,-38.96642,Recôncavo,RPGA do Rio Paraguaçu,0.0,0.0,5.6,8.2,4.0,4.0,2.4,0.0,0.0,0.0,3.6,0.0,0.0,0.0,27.8
Centro,292740802A,Salvador,Salvador (Centro) - 292740802A,-12.97821,-38.515945,Recôncavo,RPGA do Recôncavo Norte,0.0,3.35,66.1,20.89,30.86,3.73,13.03,4.14,4.72,2.56,1.38,0.6,0.0,0.0,151.36
São tomé de Paripe,292740806A,Salvador,Salvador (São tomé de Paripe) - 292740806A,-12.795508,-38.489389,Recôncavo,RPGA do Recôncavo Norte,0.6,1.6,50.72,21.88,33.45,1.0,5.32,7.29,9.86,6.72,5.51,1.77,3.75,10.45,159.92
Federação,292740803A,Salvador,Salvador (Federação) - 292740803A,-13.000791,-38.511056,Recôncavo,RPGA do Recôncavo Norte,0.0,0.39,40.45,26.25,24.4,3.94,5.71,0.0,7.87,0.8,0.98,2.17,0.0,0.0,112.97
Cabula,292740810A,Salvador,Salvador (Cabula) - 292740810A,-12.961347,-38.460778,Recôncavo,RPGA do Recôncavo Norte,0.0,1.96,48.46,30.94,50.85,2.17,6.71,7.87,5.51,7.69,0.98,5.52,0.0,0.0,168.66
J. Zoológico,A401,Salvador,Salvador (J. Zoológico) - A401,-13.005515,-38.50576,Recôncavo,RPGA do Recôncavo Norte,0.2,0.6,36.4,37.6,25.6,7.8,7.4,0.0,10.8,0.6,3.6,4.0,0.0,0.0,134.6
Cruz das Almas,A406,Cruz das Almas,Cruz das Almas - A406,-12.675422,-39.08958,Recôncavo,RPGA do Rio Paraguaçu,0.0,0.0,9.0,9.0,8.2,1.4,8.2,2.0,18.8,6.6,5.6,1.4,0.0,1.2,71.4
Caminho das Árvores,292740815A,Salvador,Salvador (Caminho das Árvores) - 292740815A,-12.97718,-38.453834,Recôncavo,RPGA do Recôncavo Norte,0.0,2.17,41.66,24.13,41.17,0.8,10.27,0.2,10.04,6.3,1.18,5.91,0.0,3.55,147.39
Águas Claras,292740808A,Salvador,Salvador (Águas Claras) - 292740808A,-12.8944,-38.441889,Recôncavo,RPGA do Recôncavo Norte,0.0,0.0,56.12,23.23,28.14,0.6,0.6,2.56,4.33,3.35,7.5,1.19,0.0,0.59,128.21
Alto do Peru,292740812A,Salvador,Salvador (Alto do Peru) - 292740812A,-12.939122,-38.486334,Recôncavo,RPGA do Recôncavo Norte,0.0,0.0,56.0,33.53,40.75,0.79,4.73,6.69,15.55,4.32,3.36,1.39,0.0,0.2,167.31
CAB,292740811A,Salvador,Salvador (CAB) - 292740811A,-12.943354,-38.421264,Recôncavo,RPGA do Recôncavo Norte,0.0,0.0,42.26,25.55,29.96,21.19,5.58,10.57,2.96,0.6,2.75,0.99,0.0,0.0,142.42
Cosme de Farias,292740816A,Salvador,Salvador (Cosme de Farias) - 292740816A,-12.979402,-38.4855,Recôncavo,RPGA do Recôncavo Norte,0.0,1.18,47.03,22.73,33.47,4.92,8.48,0.79,5.53,3.34,6.5,2.55,0.0,0.0,136.53
São Caetano,292740814A,Salvador,Salvador (São Caetano) - 292740814A,-12.939678,-38.474667,Recôncavo,RPGA do Recôncavo Norte,0.0,0.0,53.56,30.53,41.17,0.59,5.31,5.71,17.96,3.75,5.92,0.79,0.59,0.0,165.88
Pirajá,292740801A,Salvador,Salvador (Pirajá) - 292740801A,-12.8994,-38.458833,Recôncavo,RPGA do Recôncavo Norte,2.56,0.2,55.21,31.55,36.62,3.16,6.53,4.15,8.91,2.2,5.34,1.39,0.0,0.2,158.02
Rio Sena,292740805A,Salvador,Salvador (Rio Sena) - 292740805A,-12.891344,-38.470778,Recôncavo,RPGA do Recôncavo Norte,0.2,0.0,73.49,26.1,30.8,2.17,2.96,6.48,3.55,4.53,5.52,2.17,0.0,0.2,158.17
Valéria,292740817A,Salvador,Salvador (Valéria) - 292740817A,-12.8644,-38.438276,Recôncavo,RPGA do Recôncavo Norte,0.0,0.0,75.56,37.74,30.92,0.59,1.18,0.0,1.58,2.56,4.13,0.0,0.0,0.0,154.27
Feira de Santana,A413,Feira de Santana,Feira de Santana - A413,-12.1962,-38.967384,Recôncavo,RPGA do Recôncavo Norte,0.0,0.0,7.8,32.6,8.6,6.8,1.4,0.0,0.8,1.4,6.8,1.4,0.0,0.0,67.6
Santa Terezinha,290650105A,Candeias,Candeias (Santa Terezinha) - 290650105A,-12.647172,-38.539112,Recôncavo,RPGA do Recôncavo Norte,0.0,0.0,31.16,12.62,14.45,0.2,4.74,3.55,2.99,28.79,11.82,0.2,0.2,2.56,113.28
Centro,290650101A,Candeias,Candeias (Centro) - 290650101A,-12.670229,-38.544112,Recôncavo,RPGA do Recôncavo Norte,0.0,3.35,29.12,12.47,31.77,3.15,8.65,3.35,2.75,24.42,3.16,1.78,1.97,0.0,125.94
Sarandi,290650104A,Candeias,Candeias (Sarandi) - 290650104A,-12.671341,-38.531056,Recôncavo,RPGA do Recôncavo Norte,0.0,0.59,29.32,9.87,24.5,0.2,2.97,3.74,1.38,30.77,6.12,3.16,4.72,0.0,117.34
Areia Branca,291920706A,Lauro de Freitas,Lauro de Freitas (Areia Branca) - 291920706A,-12.841,-38.337,Recôncavo,RPGA do Recôncavo Norte,0.0,0.2,62.61,44.18,25.19,23.26,9.05,5.12,7.91,3.35,2.17,3.16,0.0,0.98,187.18
Periperi,292740820A,Salvador,Salvador (Periperi) - 292740820A,-12.867344,-38.458111,Recôncavo,RPGA do Recôncavo Norte,0.0,0.0,77.8,34.2,23.2,1.8,1.4,1.4,2.0,2.6,4.6,0.2,0.0,0.0,149.2
Itinga 02,291920704A,Lauro de Freitas,Lauro de Freitas (Itinga 02) - 291920704A,-12.89,-38.353,Recôncavo,RPGA do Recôncavo Norte,0.0,0.2,84.58,47.71,35.05,11.03,6.3,0.59,8.89,1.19,0.98,0.99,0.0,0.2,197.71
Mussurunga,292740821A,Salvador,Salvador (Mussurunga) - 292740821A,-12.907733,-38.440111,Recôncavo,RPGA do Recôncavo Norte,0.0,0.2,70.0,37.6,48.0,4.2,0.6,1.0,6.2,2.4,10.8,0.2,0.2,0.0,181.4
Vila Praiana,291920702A,Lauro de Freitas,Lauro de Freitas (Vila Praiana) - 291920702A,-12.901,-38.308,Recôncavo,RPGA do Recôncavo Norte,0.6,0.81,49.9,0.4,0.0,0.0,0.0,0.0,0.0,0.0,0.0,0.0,0.0,0.0,51.71
Portão,291920701A,Lauro de Freitas,Lauro de Freitas (Portão) - 291920701A,-12.87,-38.305,Recôncavo,RPGA do Recôncavo Norte,0.0,1.57,51.79,73.59,29.95,7.56,1.2,0.4,0.4,0.2,0.2,0.0,0.0,0.0,166.86
Itapuã,292740819A,Salvador,Salvador (Itapuã) - 292740819A,-12.947736,-38.370136,Recôncavo,RPGA do Recôncavo Norte,0.8,0.0,34.4,23.2,42.8,3.2,4.2,0.0,4.0,0.4,5.0,0.0,0.0,0.0,118.0
Rua 02 de Julho,291920705A,Lauro de Freitas,Lauro de Freitas (Rua 02 de Julho) - 291920705A,-12.839,-38.35,Recôncavo,RPGA do Recôncavo Norte,0.0,0.0,75.24,47.66,33.55,21.27,9.25,6.49,7.68,1.58,1.58,3.35,0.0,0.0,207.66
Tancredo Neves,292740823A,Salvador,Salvador (Tancredo Neves) - 292740823A,-12.945347,-38.453472,Recôncavo,RPGA do Recôncavo Norte,0.0,0.0,48.4,31.4,40.2,0.8,7.4,6.8,5.2,3.2,1.0,3.8,0.0,0.0,148.2
Muritiba,PG-PR-12,Muritiba,Muritiba - PG-PR-12,-12.617895,-39.005591,Recôncavo,RPGA do Rio Paraguaçu,0.0,0.0,23.0,8.2,13.0,2.6,0.4,0.0,0.2,0.6,0.8,0.2,0.0,0.0,49.01
Dois de Julho,291120401A,Gandú,Gandú (Dois de Julho) - 291120401A,-13.741357,-39.48303,Recôncavo,RPGA do Recôncavo Sul,13.0,0.0,41.54,27.21,37.65,2.17,4.75,4.94,10.84,15.6,2.77,4.32,0.0,0.79,165.58
Estação Rádio Marinha,A456,Salvador,Salvador (Estação Rádio Marinha) - A456,-12.808222,-38.495944,Recôncavo,RPGA do Recôncavo Norte,0.0,0.0,74.6,19.8,60.2,6.6,5.4,13.4,4.8,0.2,2.8,0.0,0.0,24.2,212.0
Cachoeira,290490201A,Cachoeira,Cachoeira - 290490201A,-12.607725,-38.960655,Recôncavo,RPGA do Rio Paraguaçu,0.0,0.0,34.6,17.2,30.4,5.2,5.0,0.0,5.2,10.4,0.6,0.6,0.0,0.0,109.2
Centro,291345701A,Igrapiúna,Igrapiúna (Centro) - 291345701A,-13.819025,-39.141885,Recôncavo,RPGA do Recôncavo Sul,5.2,0.0,35.0,32.4,67.0,8.4,12.4,9.0,19.4,2.2,18.4,2.0,0.6,5.8,217.8
Rua São Roque,293290301A,Valença,Valença (Rua São Roque) - 293290301A,-13.363,-39.078,Recôncavo,RPGA do Recôncavo Sul,0.4,3.34,135.38,28.77,70.11,13.78,15.98,11.43,30.4,3.35,7.49,0.4,1.41,0.79,323.04
São Félix,292900801A,São Félix,São Félix - 292900801A,-12.606591,-38.969939,Recôncavo,RPGA do Rio Paraguaçu,0.0,0.0,32.8,14.8,24.8,4.6,3.4,0.0,4.2,6.8,0.8,1.6,0.0,0.0,93.8
Góes Calmon,293070901A,Simões Filho,Simões Filho (Góes Calmon) - 293070901A,-12.780101,-38.353331,Recôncavo,RPGA do Recôncavo Norte,0.0,0.0,61.6,27.4,25.8,0.6,3.2,0.6,5.6,19.2,7.6,1.0,1.0,0.2,153.8
Centro,293070903A,Simões Filho,Simões Filho (Centro) - 293070903A,-12.788344,-38.396864,Recôncavo,RPGA do Recôncavo Norte,0.0,0.0,46.2,26.4,33.2,4.0,3.6,1.2,4.2,17.0,7.2,0.4,0.2,0.0,143.6
CIA,293070902A,Simões Filho,Simões Filho (CIA) - 293070902A,-12.825461,-38.409051,Recôncavo,RPGA do Recôncavo Norte,0.0,0.0,82.0,54.8,52.4,6.8,5.8,3.0,3.0,10.0,4.8,0.2,0.0,0.0,222.81
Milagres,RS-CL-02,Milagres,Milagres - RS-CL-02,-12.91389,-39.74351,Recôncavo,RPGA do Recôncavo Sul,0.2,0.0,9.2,4.8,20.0,1.4,8.0,0.4,0.0,0.0,1.6,0.6,0.0,0.0,46.2
PC Argoim,51351000,Rafael Jambeiro,Rafael Jambeiro (PC Argoim) - 51351000,-12.5867,-39.5217,Recôncavo,RPGA do Rio Paraguaçu,0.0,0.0,1.0,1.4,2.0,8.6,1.6,0.2,1.4,0.2,2.4,1.4,0.0,1.2,21.4
PC Rio Paratigi,51370000,Santo Estevão,Santo Estevão (PC Rio Paratigi) - 51370000,-12.51503,-39.38272,Recôncavo,RPGA do Rio Paraguaçu,0.0,0.0,4.4,8.4,6.4,12.4,14.0,1.6,6.6,0.8,5.8,0.8,0.4,0.0,61.6
Ondina,83229,Salvador,Salvador (Ondina) - 83229,-13.005278,-38.505833,Recôncavo,RPGA do Recôncavo Norte,0.3,0.5,38.1,39.8,27.0,8.4,7.6,0.0,11.7,0.6,3.4,4.0,0.0,0.0,141.4
Cândido Sales,53620000,Cândido Sales,Cândido Sales - 53620000,-15.512891,-41.236629,Sudoeste,RPGA do Rio Pardo,0.0,0.0,0.0,0.0,0.0,0.0,0.0,0.0,0.0,2.2,0.0,0.0,0.0,0.0,2.2
Itiruçu,A407,Itiruçu,Itiruçu - A407,-13.52629,-40.12055,Sudoeste,RPGA do Recôncavo Sul,0.0,0.0,11.4,3.0,12.0,5.6,22.4,1.2,2.2,1.2,2.2,1.4,0.0,0.0,62.61
Vitória da Conquista,A414,Vitória da Conquista,Vitória da Conquista - A414,-14.886428,-40.80133,Sudoeste,RPGA do Rio Pardo,0.0,0.2,0.0,0.0,6.2,1.4,5.0,1.0,0.2,13.8,0.4,0.0,0.0,0.0,28.2
Lagoa,291760701A,Jaguaquara,Jaguaquara (Lagoa) - 291760701A,-13.523228,-39.968685,Sudoeste,RPGA do Recôncavo Sul,0.0,0.0,24.4,8.8,8.4,7.4,4.6,1.0,3.8,0.4,1.2,0.4,0.0,0.0,60.4
Entroncamento,291760702A,Jaguaquara,Jaguaquara (Entroncamento) - 291760702A,-13.509869,-40.05461,Sudoeste,RPGA do Recôncavo Sul,0.2,0.0,16.2,4.8,8.0,6.2,5.4,2.2,2.6,3.8,0.4,1.0,0.0,0.0,50.8
Clerolândia,291640101A,Itapetinga,Itapetinga (Clerolândia) - 291640101A,-15.243,-40.221,Sudoeste,RPGA do Rio Pardo,0.2,1.38,0.6,1.18,10.57,1.43,1.97,0.0,0.0,23.29,4.13,2.57,0.0,0.0,47.32
Recreio,293330702A,Vitória da Conquista,Vitória da Conquista (Recreio) - 293330702A,-14.861,-40.841,Sudoeste,RPGA do Rio Pardo,0.0,0.0,0.0,0.0,2.96,0.0,3.54,0.0,0.0,0.0,0.0,0.0,0.0,0.0,6.5
Patagônia,293330704A,Vitória da Conquista,Vitória da Conquista (Patagônia) - 293330704A,-14.87,-40.863,Sudoeste,RPGA do Rio Pardo,0.0,0.0,0.0,0.0,1.38,0.2,2.2,0.0,0.0,1.01,0.0,0.0,0.0,0.0,4.79
Vitória da Conquista,83344,Vitória da Conquista,Vitória da Conquista - 83344,-14.883333,-40.8,Sudoeste,RPGA do Rio Pardo,0.0,0.0,0.0,0.0,6.8,1.9,5.1,0.8,0.2,14.6,0.2,0.0,0.0,0.0,29.6
Barcelar,293330705A,Vitória da Conquista,Vitória da Conquista (Barcelar) - 293330705A,-14.838,-40.856,Sudoeste,RPGA do Rio Pardo,0.0,0.0,0.0,0.0,4.33,0.4,2.78,0.0,0.0,2.76,0.0,0.0,0.0,0.0,10.27
Lomantão,293330703A,Vitória da Conquista,Vitória da Conquista (Lomantão) - 293330703A,-14.87,-40.827,Sudoeste,RPGA do Rio Pardo,0.0,0.0,0.0,0.0,6.1,0.2,4.54,0.2,0.0,5.32,0.0,0.0,0.0,0.0,16.36
Mascote,53950000,Mascote,Mascote - 53950000,-15.565561,-39.302756,Sul,RPGA do Rio Pardo,2.6,7.0,14.4,3.4,6.0,1.4,1.6,1.2,5.8,22.4,4.2,0.8,4.2,3.6,78.6
Fz Nanci,53880000,Camacã,Camacã (Fz Nanci) - 53880000,-15.581395,-39.521095,Sul,RPGA do Rio Pardo,3.6,7.4,12.4,0.8,1.0,4.6,15.6,1.6,0.8,7.4,0.2,0.6,0.0,1.8,57.8
PCH Cach. da Lixa M,55354000,Jucuruçu,Jucuruçu (PCH Cach. da Lixa M) - 55354000,-17.06703,-40.068619,Sul,"RPGA dos Rios Peruípe, Itanhém e Jucuruçu",2.0,0.0,7.8,0.2,1.6,11.8,0.6,0.2,1.4,13.6,2.6,0.0,0.2,0.0,42.0
PCH Colino II M,55355600,Vereda,Vereda (PCH Colino II M) - 55355600,-17.07126,-40.15474,Sul,"RPGA dos Rios Peruípe, Itanhém e Jucuruçu",0.25,0.0,8.0,0.0,13.25,14.25,1.0,0.25,2.25,25.5,5.25,0.0,0.0,0.0,70.0
PCH Colino I J,55357000,Jucuruçu,Jucuruçu (PCH Colino I J) - 55357000,-17.0822,-40.0772,Sul,"RPGA dos Rios Peruípe, Itanhém e Jucuruçu",2.25,0.0,1.0,3.25,7.5,33.75,3.5,0.0,3.5,18.0,12.75,0.0,0.0,0.0,85.5
Centro,290560201A,Camacan,Camacan (Centro) - 290560201A,-15.422225,-39.494984,Sul,RPGA do Rio Pardo,0.0,0.0,0.0,0.0,0.0,0.0,0.0,0.0,0.0,0.0,0.0,0.0,0.0,0.0,0.0
Itajuípe,,Itajuípe,Itajuípe,-14.6744,-39.3769,Sul,RPGA do Leste,0.8,0.2,1.6,14.0,6.2,6.4,9.8,3.8,6.6,24.8,0.4,0.0,0.2,0.2,75.01
Centro,290340901A,Belmonte,Belmonte (Centro) - 290340901A,-15.859179,-38.878025,Sul,RPGA do Rio Jequitinhonha,0.99,5.32,8.09,17.38,0.79,0.99,7.3,5.73,9.05,36.96,3.74,1.77,0.4,7.89,106.4
São João do Panelinha,290560202A,Camacan,Camacan (São João do Panelinha) - 290560202A,-15.375278,-39.489984,Sul,RPGA do Rio Pardo,0.59,1.58,8.09,8.85,1.37,24.37,10.66,0.2,15.96,19.0,5.91,3.14,0.0,0.0,99.73
Conquista,291360601A,Ilhéus,Ilhéus (Conquista) - 291360601A,-14.797213,-39.04608,Sul,RPGA do Leste,4.72,4.52,50.87,35.84,30.21,6.52,15.8,0.98,13.97,5.35,4.14,1.38,1.38,5.89,181.57
Malhado,291360602A,Ilhéus,Ilhéus (Malhado) - 291360602A,-14.789158,-39.048858,Sul,RPGA do Leste,2.39,2.37,40.08,32.31,22.26,2.17,15.8,0.0,21.46,8.27,5.11,1.38,2.0,5.9,161.51
São Caetano,291480202A,Itabuna,Itabuna (São Caetano) - 291480202A,-14.80638,-39.27803,Sul,RPGA do Leste,4.92,0.2,35.06,7.87,15.89,4.15,2.37,1.01,26.02,0.6,4.17,2.18,1.79,5.14,111.38
Barra do Rocha,290310201A,Barra do Rocha,Barra do Rocha - 290310201A,-14.208644,-39.598562,Sul,RPGA do Rio de Contas,4.0,0.0,44.8,28.4,3.4,5.8,11.8,6.2,7.8,6.6,35.6,9.2,0.0,1.2,164.8
Nova Ferradas,291480203A,Itabuna,Itabuna (Nova Ferradas) - 291480203A,-14.857213,-39.346922,Sul,RPGA do Leste,6.11,0.2,40.07,3.15,45.29,4.53,2.99,0.4,5.96,2.19,6.12,3.95,0.0,4.13,125.09
Guaratinga,83446,Guaratinga,Guaratinga - 83446,-16.58,-39.78,Sul,"RPGA dos Rios dos Frades, Buranhém e Santo Antônio",2.6,1.6,8.4,7.9,0.7,3.2,5.8,5.2,0.0,14.1,5.4,2.4,0.0,0.0,57.3
Novo Horizonte,291180801A,Guaratinga,Guaratinga (Novo Horizonte) - 291180801A,-16.582916,-39.780555,Sul,"RPGA dos Rios dos Frades, Buranhém e Santo Antônio",3.2,2.4,10.0,2.6,0.8,2.6,5.8,6.2,0.0,16.0,6.0,3.2,0.0,0.0,58.81
CPLAC,LE-CL-02,Jussari,Jussari (CPLAC) - LE-CL-02,-15.18683,-39.48713,Sul,RPGA do Leste,4.2,2.8,7.4,2.2,0.0,0.6,3.8,0.8,1.0,8.6,1.2,2.8,3.4,0.6,39.41
Centro,292300102A,Nova Viçosa,Nova Viçosa (Centro) - 292300102A,-17.893,-39.372,Sul,"RPGA dos Rios Peruípe, Itanhém e Jucuruçu",0.0,0.0,5.32,3.35,0.0,1.79,0.0,9.44,18.98,2.18,1.18,0.0,0.0,17.51,59.75
Posto da Mata,292300103A,Nova Viçosa,Nova Viçosa (Posto da Mata) - 292300103A,-17.896,-39.37,Sul,"RPGA dos Rios Peruípe, Itanhém e Jucuruçu",0.0,0.0,4.33,1.96,0.0,1.19,0.0,10.44,23.19,2.78,4.33,0.0,0.0,20.67,68.89
Centro,291560101A,Itamaraju,Itamaraju (Centro) - 291560101A,-17.027541,-39.534994,Sul,"RPGA dos Rios Peruípe, Itanhém e Jucuruçu",7.2,0.0,31.2,0.0,4.2,3.2,1.2,0.4,36.4,10.2,16.2,6.6,0.0,0.0,116.81
Areião,292530301A,Porto Seguro,Porto Seguro (Areião) - 292530301A,-16.441,-39.076,Sul,"RPGA dos Rios dos Frades, Buranhém e Santo Antônio",0.0,0.0,8.91,5.9,0.2,0.0,4.14,0.0,0.0,0.79,0.0,0.0,0.79,0.0,20.73
Pau Brasil,292390201A,Pau Brasil,Pau Brasil - 292390201A,-15.46122,-39.65225,Sul,RPGA do Rio Pardo,0.2,0.0,1.0,1.8,0.8,6.4,8.0,0.2,0.4,14.2,1.2,3.4,0.0,0.4,38.0
Centro,292805901A,Santa Luzia,Santa Luzia (Centro) - 292805901A,-15.42976,-39.332759,Sul,RPGA do Leste,2.6,8.6,8.6,3.4,2.0,8.2,5.8,0.6,4.0,43.0,2.6,1.6,0.2,1.8,93.0
Centro,291480201A,Itabuna,Itabuna (Centro) - 291480201A,-14.79,-39.274,Sul,RPGA do Leste,1.18,0.79,31.91,9.26,13.21,1.99,7.3,2.77,11.34,1.6,6.4,5.8,2.17,4.55,100.27
Estádio Municipal,291530401A,Itagimirim,Itagimirim (Estádio Municipal) - 291530401A,-16.089181,-39.615546,Sul,RPGA do Rio Jequitinhonha,0.2,8.89,33.71,3.75,0.0,0.79,3.56,7.51,18.52,2.96,0.4,4.93,0.0,0.4,85.62
Jusante,54945000,Itapebi,Itapebi (Jusante) - 54945000,-15.949206,-39.5225,Sul,RPGA do Rio Jequitinhonha,1.2,0.0,10.4,7.6,0.0,0.8,3.6,6.2,17.2,10.8,8.8,2.8,0.0,1.0,70.4
Faz. Macambira,46675000,Cotegipe,Cotegipe (Faz. Macambira) - 46675000,-11.6106,-44.1567,São Francisco,RPGA do Rio Grande,0.0,0.0,0.0,0.0,1.6,14.0,0.2,0.0,0.0,0.0,0.0,0.0,15.2,0.0,31.0
Santa Maria da Vitória,45910001,Santa Maria da Vitória,Santa Maria da Vitória - 45910001,-13.4006,-44.1989,São Francisco,"RPGA do Rio Corrente e Riachos do Ramalho, Serra Dourada e Brejo Velho",0.0,0.0,0.0,0.0,0.0,0.0,0.0,0.0,0.0,0.0,0.0,0.0,0.0,0.0,0.0
Bom Jesus da Lapa,45480000,Bom Jesus da Lapa,Bom Jesus da Lapa - 45480000,-13.2572,-43.435,São Francisco,"RPGA do Rio Corrente e Riachos do Ramalho, Serra Dourada e Brejo Velho",0.0,0.0,0.4,0.2,1.6,1.4,0.0,0.6,0.0,0.0,0.0,0.4,0.0,0.0,4.61
Boqueirão,46902000,Mansidão,Mansidão (Boqueirão) - 46902000,-11.345255,-43.826056,São Francisco,RPGA do Rio Grande,0.0,0.0,0.0,0.0,0.2,16.8,0.6,0.0,0.0,0.0,0.0,0.0,0.4,0.0,18.0
Bom Jesus da Lapa,83288,Bom Jesus da Lapa,Bom Jesus da Lapa - 83288,-13.251389,-43.405278,São Francisco,RPGA do Rio Carnaíba de Dentro,0.0,0.0,0.0,0.0,5.0,0.0,0.0,0.0,0.0,0.0,0.0,0.0,0.0,0.0,5.0
Ibotirama,A439,Ibotirama,Ibotirama - A439,-12.19306,-43.21342,São Francisco,RPGA dos Rios Paramirim e Santo Onofre,0.0,0.0,0.0,0.0,0.6,1.8,0.8,0.0,0.0,0.0,0.0,0.0,0.0,0.0,3.2
Xique-Xique,PM-CL-05,Xique-Xique,Xique-Xique - PM-CL-05,-10.82519,-42.68914,São Francisco,RPGA dos Rios Paramirim e Santo Onofre,0.0,0.0,0.0,0.0,8.8,13.2,0.0,1.2,0.0,3.0,0.0,0.0,0.2,0.0,26.4
