nome_estacao,codigo,municipio,estacao,latitude,longitude,regiao,rpga,01_02_16,02_02_16,03_02_16,04_02_16,05_02_16,06_02_16,07_02_16,08_02_16,09_02_16,10_02_16,11_02_16,12_02_16,13_02_16,14_02_16,15_02_16,16_02_16,17_02_16,18_02_16,19_02_16,20_02_16,21_02_16,22_02_16,23_02_16,24_02_16,25_02_16,26_02_16,27_02_16,28_02_16,29_02_16,total
Itaberaba,A408,Itaberaba,Itaberaba - A408,-12.524062,-40.299714,Chapada Diamantina,RPGA do Rio Paraguaçu,0.0,0.2,0.0,0.0,0.0,0.0,0.0,0.0,0.0,0.0,0.0,0.0,0.0,0.0,0.0,0.0,0.0,0.0,0.0,0.0,0.0,0.0,0.8,0.0,0.0,0.0,0.2,0.0,0.6,1.8
Macajuba,A412,Macajuba,Macajuba - A412,-12.131694,-40.354222,Chapada Diamantina,RPGA do Rio Paraguaçu,0.0,0.0,2.4,0.6,0.0,0.0,0.0,0.0,0.0,0.0,0.0,0.0,0.0,0.0,0.0,0.0,0.0,0.0,0.2,1.2,0.2,0.0,0.0,0.0,0.0,0.0,0.0,0.0,0.0,4.61
Itaberaba,83244,Itaberaba,Itaberaba - 83244,-12.516667,-40.283333,Chapada Diamantina,RPGA do Rio Paraguaçu,0.2,0.0,0.0,0.0,0.0,0.0,0.0,0.0,0.0,0.0,0.0,0.0,0.0,0.0,0.0,0.0,0.0,0.0,0.0,0.0,0.0,0.0,0.8,0.0,0.0,0.0,0.0,0.0,0.5,1.5
Lençóis,83242,Lençóis,Lençóis - 83242,-12.5575,-41.388889,Chapada Diamantina,RPGA do Rio Paraguaçu,0.0,0.2,0.0,0.0,0.0,0.0,0.0,0.0,0.0,0.0,0.0,0.0,0.0,0.0,0.0,0.0,0.0,0.0,0.1,0.0,0.0,0.0,0.0,0.0,0.0,0.0,0.0,0.0,0.0,0.31
Morro do Chapéu,83184,Morro do Chapéu,Morro do Chapéu - 83184,-11.216667,-41.216667,Chapada Diamantina,RPGA do Rio Salitre,5.6,0.0,3.4,0.0,0.0,0.0,0.0,0.0,0.0,0.0,0.0,0.0,7.4,0.0,0.0,0.0,0.0,0.2,1.2,0.8,0.0,0.0,0.0,0.0,0.0,0.0,0.0,0.0,0.0,18.6
Lençóis,A425,Lençóis,Lençóis - A425,-12.557854,-41.388808,Chapada Diamantina,RPGA do Rio Paraguaçu,0.0,0.0,0.0,0.0,0.0,0.0,0.0,0.0,0.0,0.0,0.0,0.0,0.0,0.0,0.0,0.0,0.0,0.0,0.0,0.0,0.0,0.0,0.0,0.0,0.0,0.0,0.0,0.0,0.0,0.0
Itaetê,,Itaetê,Itaetê,-12.991944,-40.960833,Chapada Diamantina,RPGA do Rio Paraguaçu,0.0,0.0,0.0,0.0,0.0,0.2,0.0,0.0,0.0,0.0,0.0,0.0,0.0,0.0,0.0,0.0,0.0,0.0,0.2,0.2,0.0,0.0,0.0,0.0,0.0,0.0,0.0,0.0,0.0,0.61
Lagoa Bonita,PG-PR-15,Iacú,Iacú (Lagoa Bonita) - PG-PR-15,-12.931506,-40.226468,Chapada Diamantina,RPGA do Rio Paraguaçu,0.25,0.25,0.25,0.0,22.75,0.0,0.0,0.0,0.0,0.0,0.0,0.0,0.0,0.0,0.0,0.0,0.0,0.25,0.75,0.0,0.0,0.0,0.0,0.0,0.0,0.0,0.0,0.25,0.0,24.75
João Amaro,PG-PR-16,Iaçu,Iaçu (João Amaro) - PG-PR-16,-12.800391,-40.363139,Chapada Diamantina,RPGA do Rio Paraguaçu,0.0,0.0,0.0,0.0,2.25,0.0,0.0,0.0,0.0,0.0,0.0,0.0,0.0,0.0,0.0,0.0,0.0,0.0,0.5,0.0,0.0,0.0,2.0,0.0,0.0,0.0,0.25,0.25,0.0,5.25
Boa Vista Tupim,PG-PR-17,Boa Vista Tupim,Boa Vista Tupim - PG-PR-17,-12.65622,-40.589813,Chapada Diamantina,RPGA do Rio Paraguaçu,0.0,0.0,0.0,0.0,0.0,0.0,0.0,0.0,0.0,0.0,0.0,0.0,0.0,0.0,0.0,0.0,0.0,0.0,0.0,0.0,0.0,0.0,0.0,0.0,0.0,0.0,0.0,0.0,0.0,0.0
Fazenda Cruz,PG-PR-20,Piatã,Piatã (Fazenda Cruz) - PG-PR-20,-12.90705,-41.86708,Chapada Diamantina,RPGA do Rio Paraguaçu,4.5,0.0,0.0,0.0,0.0,0.0,25.5,0.0,0.0,0.0,0.0,0.0,0.0,0.0,0.0,0.0,0.0,0.0,0.0,0.0,0.0,0.0,0.0,0.0,0.0,0.0,0.0,0.0,0.0,30.0
Wagner,PG-PR-22,Wagner,Wagner - PG-PR-22,-12.289538,-41.161774,Chapada Diamantina,RPGA do Rio Paraguaçu,0.0,0.0,0.0,0.0,0.0,0.0,0.0,0.0,0.0,0.0,0.0,0.0,0.0,0.0,0.0,0.0,0.0,0.0,0.0,0.75,0.0,0.0,0.0,0.0,0.0,0.0,0.0,0.0,0.0,0.75
Mulungu do Morro,,Mulungu do Morro,Mulungu do Morro,-11.980363,-41.619012,Chapada Diamantina,RPGA do Rio Paraguaçu,0.0,0.0,0.0,0.0,0.0,0.0,0.0,0.0,0.0,0.0,0.0,0.0,0.0,4.6,0.0,0.0,0.0,0.0,0.0,0.0,0.0,0.0,0.0,0.0,0.0,0.0,0.0,0.0,0.0,4.6
Barro Alto,,Barro Alto,Barro Alto,-11.769188,-41.909464,Chapada Diamantina,RPGA dos Rios Verde e Jacaré,0.0,0.0,0.0,0.0,0.0,0.0,0.0,0.0,0.0,0.0,0.0,0.0,1.6,0.0,0.0,0.0,0.0,0.0,0.0,0.0,0.0,0.0,0.0,0.0,0.0,0.0,0.0,0.0,0.0,1.6
Canarana,,Canarana,Canarana,-11.69541,-41.78921,Chapada Diamantina,RPGA dos Rios Verde e Jacaré,0.0,0.0,0.0,0.0,0.0,0.0,0.0,0.0,0.0,0.0,0.0,0.0,2.2,0.0,0.0,0.0,0.0,0.0,0.0,0.0,0.0,0.0,0.0,0.0,0.0,0.0,0.0,0.0,0.0,2.2
Barra dos Mendes,,Barra dos Mendes,Barra dos Mendes,-11.805077,-42.05708,Chapada Diamantina,RPGA dos Rios Verde e Jacaré,0.0,0.0,0.0,0.2,0.0,0.0,0.0,0.0,0.0,0.0,0.0,0.0,0.2,8.0,0.2,0.0,0.0,0.0,0.0,0.0,0.0,0.0,0.0,0.0,0.0,0.0,0.0,0.0,0.0,8.6
Olho D'Água do Francisco,,Olho D'Água do Francisco,Olho D'Água do Francisco,-12.307034,-42.079028,Chapada Diamantina,RPGA dos Rios Verde e Jacaré,0.0,0.0,0.2,0.0,0.0,0.0,0.0,0.0,0.0,0.0,0.0,0.0,0.0,0.2,0.2,0.0,0.0,0.0,0.0,0.0,0.0,0.0,0.0,0.0,0.0,0.0,0.0,0.0,0.0,0.61
América Dourada,,América Dourada,América Dourada,-11.464848,-41.442615,Chapada Diamantina,RPGA dos Rios Verde e Jacaré,0.0,0.0,0.0,0.0,0.0,0.0,0.0,0.0,0.0,0.0,0.0,0.0,0.0,35.4,0.2,0.0,0.0,0.0,1.0,0.0,0.0,0.0,0.0,0.0,0.0,0.0,0.0,0.0,0.0,36.6
Cafarnaum,,Cafarnaum,Cafarnaum,-11.676688,-41.470143,Chapada Diamantina,RPGA dos Rios Verde e Jacaré,0.2,0.0,0.0,0.0,0.0,0.0,0.0,0.0,0.0,0.0,0.0,0.0,0.0,0.2,0.0,0.0,0.0,0.0,0.0,0.0,0.0,0.0,0.0,0.0,0.0,0.0,0.0,0.0,0.0,0.4
Ibiaporã,PG-CL-01,Mundo Novo,Mundo Novo (Ibiaporã) - PG-CL-01,-12.05379,-40.83722,Chapada Diamantina,RPGA do Rio Paraguaçu,0.0,0.0,2.75,0.25,0.0,0.0,0.0,0.0,0.0,0.0,0.0,0.0,0.0,0.0,0.0,2.5,0.25,0.25,1.5,0.5,0.0,0.0,0.0,0.0,0.0,0.0,0.0,0.5,0.0,8.5
Marcionílio Souza,PG-CL-03,Marcionílio Souza,Marcionílio Souza - PG-CL-03,-13.00021,-40.537783,Chapada Diamantina,RPGA do Rio Paraguaçu,0.0,1.0,0.0,0.0,0.0,0.0,0.0,0.0,0.0,0.0,0.0,0.0,0.0,0.0,0.0,0.0,0.0,0.0,2.0,0.0,0.0,0.0,1.5,0.0,0.0,0.0,0.0,0.25,0.0,4.75
Iraquara,PG-PR-02,Iraquara,Iraquara - PG-PR-02,-12.255093,-41.61679,Chapada Diamantina,RPGA do Rio Paraguaçu,0.25,0.0,0.0,0.0,0.0,0.0,0.0,0.0,0.0,0.0,0.0,0.0,0.0,0.0,0.0,0.0,0.0,0.0,0.0,0.0,0.0,0.25,0.0,0.0,0.0,0.0,0.0,0.0,0.0,0.5
Ventura,PG-PR-10,Morro do Chapéu,Morro do Chapéu (Ventura) - PG-PR-10,-11.650911,-40.951765,Chapada Diamantina,RPGA do Rio Paraguaçu,0.75,0.0,0.25,0.25,0.0,0.0,0.0,0.0,0.0,0.0,0.0,0.0,0.0,0.0,0.0,0.0,0.0,0.25,0.25,0.25,0.25,0.0,0.0,0.0,0.0,0.0,0.0,0.0,0.0,2.25
Bonito,PG-PR-11,Bonito,Bonito - PG-PR-11,-11.98993,-41.25429,Chapada Diamantina,RPGA do Rio Paraguaçu,0.75,0.0,1.25,0.25,0.0,0.25,0.0,0.0,0.0,0.0,0.0,0.0,0.0,0.0,0.0,0.0,0.0,0.0,0.25,1.5,0.0,0.0,0.0,0.0,2.5,36.5,0.25,1.0,0.0,44.5
Piatã,CO-CL-04,Piatã,Piatã - CO-CL-04,-13.164166,-41.770833,Chapada Diamantina,RPGA do Rio de Contas,0.0,0.0,0.0,0.25,1.5,0.0,0.0,0.0,0.0,0.0,0.0,0.0,0.0,0.0,0.0,0.0,0.0,0.0,2.0,0.0,0.0,0.0,0.0,0.0,0.0,0.0,0.0,3.0,0.0,6.75
PC Ponte Rio Capivari,51326200,Itaberaba,Itaberaba (PC Ponte Rio Capivari) - 51326200,-12.51429,-39.93422,Chapada Diamantina,RPGA do Rio Paraguaçu,0.3,0.0,5.4,0.0,0.0,1.3,0.0,0.0,0.0,0.0,0.0,0.0,0.0,0.0,0.0,0.0,0.0,0.0,0.0,0.9,0.0,0.0,0.0,0.0,0.0,0.0,0.5,0.0,0.0,8.4
Palmeiras,EBDA,Palmeiras,Palmeiras - EBDA,-12.46799,-41.617801,Chapada Diamantina,RPGA do Rio Paraguaçu,0.0,0.0,0.0,0.0,0.0,0.0,0.0,0.0,0.0,0.0,0.0,0.0,0.0,0.0,0.0,0.0,0.0,0.0,0.0,0.0,0.0,0.0,0.0,0.0,0.0,0.0,0.0,0.0,0.0,0.0
Curaçá,A448,Curaçá,Curaçá - A448,-9.0013,-39.9124,Nordeste,RPGA dos Rios Macururé e Curaçá,13.4,5.2,0.2,0.0,0.0,0.0,0.0,0.0,0.0,0.0,0.0,0.0,0.0,1.2,8.2,12.8,0.0,0.0,0.0,0.0,0.0,0.0,0.0,0.0,0.0,0.0,0.0,0.0,0.0,41.0
Paulo Afonso,A411,Paulo Afonso,Paulo Afonso - A411,-9.379325,-38.227424,Nordeste,RPGA dos Rios Macururé e Curaçá,17.2,46.8,0.0,0.0,0.0,0.0,0.0,0.0,0.0,0.0,0.0,0.0,0.0,0.0,1.6,0.0,0.0,0.0,0.0,0.0,0.0,0.0,0.0,0.0,0.0,0.0,0.0,0.0,0.0,65.6
Cipó,83192,Cipó,Cipó - 83192,-11.083333,-38.516667,Nordeste,RPGA do Rio Itapicuru,3.0,7.7,0.0,0.0,0.0,0.0,0.0,0.0,0.0,0.0,0.0,0.0,0.0,0.0,0.0,1.2,0.0,0.0,0.0,7.1,0.0,2.7,0.0,0.0,0.0,0.0,1.2,0.0,0.0,22.9
Jacobina,83186,Jacobina,Jacobina - 83186,-11.172778,-40.534167,Nordeste,RPGA do Rio Itapicuru,17.9,0.0,0.4,0.0,0.0,0.0,0.0,0.0,0.0,0.0,0.0,0.0,0.0,0.0,0.0,0.0,0.0,1.0,1.0,1.7,0.3,0.0,0.0,0.0,18.0,0.0,0.1,0.2,0.0,40.6
Monte Santo,83090,Monte Santo,Monte Santo - 83090,-10.4425,-39.331111,Nordeste,RPGA do Rio Itapicuru,3.3,15.6,1.0,0.0,0.0,0.0,0.0,0.0,0.0,0.0,0.0,0.0,0.0,0.0,5.0,1.1,0.0,0.0,0.0,9.2,1.0,0.5,0.0,0.0,0.0,0.0,0.0,0.0,0.2,36.91
Serrinha,83190,Serrinha,Serrinha - 83190,-11.633333,-38.966667,Nordeste,RPGA do Recôncavo Norte,5.5,0.0,0.0,0.1,0.0,0.0,0.0,0.0,0.0,0.0,0.0,0.0,0.0,0.0,31.0,0.0,0.0,2.9,1.0,0.8,0.0,3.6,0.0,1.4,4.0,0.0,0.2,0.0,0.0,50.5
Uauá,A435,Uauá,Uauá - A435,-9.833617,-39.495631,Nordeste,RPGA do Rio Vaza-Barris,14.2,20.6,0.0,0.0,0.4,0.0,0.0,0.0,0.0,0.0,0.0,0.0,0.0,0.2,10.0,15.8,0.0,0.0,0.0,7.8,0.0,0.0,1.8,0.0,0.0,0.0,0.0,0.0,0.0,70.8
Euclides da Cunha,A442,Euclides da Cunha,Euclides da Cunha - A442,-10.537233,-38.996605,Nordeste,RPGA do Rio Itapicuru,0.4,5.6,0.4,0.0,0.0,0.0,0.0,0.0,0.0,0.0,0.0,0.0,0.0,0.0,0.0,1.4,0.0,0.0,0.0,21.0,0.0,0.0,0.0,0.0,0.0,0.0,0.0,0.0,5.4,34.2
Queimadas,A436,Queimadas,Queimadas - A436,-10.984645,-39.617009,Nordeste,RPGA do Rio Itapicuru,8.4,0.0,0.2,0.0,0.0,0.0,0.0,0.0,0.0,0.0,0.0,0.0,0.0,0.0,0.0,0.0,0.0,0.0,0.0,8.2,0.2,2.6,0.0,0.0,0.0,0.0,0.0,0.2,0.0,19.8
Serrinha,A441,Serrinha,Serrinha - A441,-11.664586,-39.022946,Nordeste,RPGA do Rio Paraguaçu,2.2,0.0,0.0,0.0,0.0,0.0,0.0,0.0,0.0,0.0,0.0,0.0,0.0,0.0,31.0,0.0,0.0,2.0,1.2,3.8,0.0,3.4,0.0,3.8,10.2,0.0,0.2,0.0,0.0,57.8
Pedras Altas,50430000,Capim Grosso,Capim Grosso (Pedras Altas) - 50430000,-11.18288,-40.04725,Nordeste,RPGA do Rio Itapicuru,0.8,0.0,0.0,0.0,0.0,0.0,0.0,0.0,0.0,0.0,0.0,0.0,0.0,0.0,0.0,0.0,0.0,0.0,0.0,8.6,0.8,0.0,0.0,0.0,3.2,0.0,0.0,0.0,0.0,13.41
Ponto Novo,50380000,Ponto Novo,Ponto Novo - 50380000,-10.845,-40.1128,Nordeste,RPGA do Rio Itapicuru,21.6,0.0,1.0,0.4,0.0,0.0,0.0,0.0,0.0,0.0,0.0,0.0,0.0,0.0,0.0,0.0,0.0,0.0,0.0,6.2,0.2,0.2,0.0,0.0,0.0,0.0,0.0,0.0,0.0,29.6
Ponto Novo,IT-PR-41,Ponto Novo,Ponto Novo - IT-PR-41,-10.847006,-40.112286,Nordeste,RPGA do Rio Itapicuru,37.25,0.5,1.0,1.5,1.5,0.0,0.0,0.0,0.0,0.0,0.0,0.0,1.0,0.25,0.25,4.25,1.25,1.0,0.0,1.5,7.5,0.75,1.0,0.0,0.0,0.0,0.0,0.5,0.0,61.0
Ipirá,PG-CL-02,Ipirá,Ipirá - PG-CL-02,-12.14986,-39.76454,Nordeste,RPGA do Rio Paraguaçu,0.75,0.0,1.25,0.0,0.0,0.0,0.0,0.0,0.0,0.0,0.0,0.0,0.0,0.0,0.0,0.0,0.0,1.75,0.0,0.0,0.0,0.0,0.0,0.0,0.0,0.0,0.5,0.0,0.0,4.25
Serrinha,RN-CL-02,Serrinha,Serrinha - RN-CL-02,-11.648333,-38.982777,Nordeste,RPGA do Recôncavo Norte,1.25,0.0,3.75,0.0,0.0,0.0,1.5,0.75,0.0,0.0,0.0,0.0,0.0,0.0,7.0,1.5,0.75,0.5,0.0,0.25,0.0,2.5,0.0,0.0,2.5,1.0,0.25,0.0,0.0,23.5
Pé de Serra,PG-PR-06,Pé de Serra,Pé de Serra - PG-PR-06,-11.833423,-39.623663,Nordeste,RPGA do Rio Paraguaçu,0.0,0.0,0.0,0.0,0.0,0.0,0.0,0.0,0.0,0.0,0.0,0.0,0.0,0.0,0.0,0.0,0.0,3.25,0.0,7.5,0.0,0.0,0.0,0.0,0.0,0.0,0.0,0.0,0.0,10.75
Centro,293010501A,Senhor do Bonfim,Senhor do Bonfim (Centro) - 293010501A,-10.464,-40.19,Nordeste,RPGA do Rio Itapicuru,11.6,0.0,0.0,0.0,0.0,0.0,0.0,0.0,0.0,0.0,0.0,0.0,0.0,0.0,23.5,0.0,0.0,0.0,0.0,25.6,6.5,0.0,0.0,0.0,0.0,0.0,0.0,0.0,0.0,67.2
Itapeipu,IT-PR-34,Jacobina,Jacobina (Itapeipu) - IT-PR-34,-11.315629,-40.356742,Nordeste,RPGA do Rio Itapicuru,1.75,0.0,1.25,0.0,0.0,0.0,0.0,0.0,0.0,0.0,0.0,0.0,0.0,0.0,0.25,0.0,0.0,0.25,0.0,6.25,0.0,0.0,0.5,0.0,0.25,0.0,0.0,0.25,0.0,10.75
Tombador Araújo,IT-PR-36,Jacobina,Jacobina (Tombador Araújo) - IT-PR-36,-11.168677,-40.670642,Nordeste,RPGA do Rio Itapicuru,1.75,0.0,0.75,0.25,0.0,0.0,0.0,0.0,0.0,0.0,0.0,0.0,0.0,0.0,0.0,2.75,0.0,2.25,2.25,2.0,0.0,0.0,0.25,0.0,6.0,0.0,0.5,0.25,0.0,19.0
Conceição do Coité,IT-PR-14,Conceição do Coité,Conceição do Coité - IT-PR-14,-11.526752,-39.313095,Nordeste,RPGA do Rio Itapicuru,0.5,0.0,0.0,0.0,0.0,0.0,0.0,0.0,0.0,0.0,0.0,0.0,0.0,0.0,2.75,0.0,0.0,2.75,0.0,0.0,0.0,6.5,0.0,0.0,0.0,0.0,0.0,0.0,0.0,12.5
Riacho da Onça,IT-PR-15,Queimadas,Queimadas (Riacho da Onça) - IT-PR-15,-11.24424,-39.790055,Nordeste,RPGA do Rio Itapicuru,0.0,0.0,0.0,0.0,0.0,0.0,0.0,0.0,0.0,0.0,0.0,0.0,0.0,0.0,0.0,0.0,0.0,0.0,0.0,0.75,0.0,0.0,0.0,0.0,0.0,0.0,0.0,0.25,0.0,1.0
Povoado Rio do Peixe,IT-PR-16,Queimadas,Queimadas (Povoado Rio do Peixe) - IT-PR-16,-11.097292,-39.524491,Nordeste,RPGA do Rio Itapicuru,2.5,0.0,0.0,0.0,0.0,0.0,0.0,0.0,0.0,0.0,0.0,0.0,0.0,0.0,0.0,0.0,0.0,0.0,0.0,9.5,0.0,0.5,0.0,0.0,0.0,0.0,0.75,0.0,0.0,13.25
Santaluz,IT-PR-17,Santaluz,Santaluz - IT-PR-17,-11.24831,-39.37563,Nordeste,RPGA do Rio Itapicuru,0.0,0.0,22.25,0.0,0.0,0.0,0.0,0.0,0.0,0.0,0.0,0.0,0.0,0.0,0.0,0.25,0.0,0.0,0.0,1.25,0.0,0.25,0.0,0.0,8.5,0.0,0.75,0.0,0.0,33.25
Açude Monteiro,IT-PR-23,Nordestina,Nordestina (Açude Monteiro) - IT-PR-23,-10.77645,-39.559491,Nordeste,RPGA do Rio Itapicuru,7.75,0.0,0.0,0.0,0.0,0.0,0.0,0.0,0.0,0.0,0.0,0.0,0.0,0.0,0.25,2.25,0.0,0.0,0.0,14.0,4.75,0.25,0.0,0.0,0.0,0.0,0.0,0.0,0.0,29.25
Pedra Vermelha,IT-PR-24,Monte Santo,Monte Santo (Pedra Vermelha) - IT-PR-24,-10.454497,-39.559488,Nordeste,RPGA do Rio Itapicuru,1.25,0.0,0.0,0.0,0.0,0.0,0.0,0.0,0.0,0.0,0.0,0.0,0.0,0.0,9.5,0.0,0.0,0.0,0.0,21.25,0.0,0.0,0.0,0.0,0.0,0.0,0.0,0.0,0.0,32.0
Quijingue,IT-PR-25,Quijingue,Quijingue - IT-PR-25,-10.783951,-39.20809,Nordeste,RPGA do Rio Itapicuru,0.0,12.5,0.0,0.0,0.0,0.0,0.0,0.0,0.0,0.0,0.0,0.0,0.0,0.0,23.75,3.0,0.0,0.0,0.0,3.5,2.0,0.0,0.0,0.0,0.0,0.0,0.0,0.0,0.0,44.75
Curral Falso,IT-PR-01,Ribeira do Pombal,Ribeira do Pombal (Curral Falso) - IT-PR-01,-10.697843,-38.5714,Nordeste,RPGA do Rio Itapicuru,8.0,0.75,0.0,0.0,0.0,0.0,0.0,0.0,0.0,0.0,0.0,0.0,0.0,0.0,6.0,0.0,0.0,0.0,0.0,11.25,1.0,0.0,0.0,0.0,0.0,1.0,0.0,0.5,2.0,30.5
Ribeira do Pombal,IT-PR-04,Ribeira do Pombal,Ribeira do Pombal - IT-PR-04,-10.823399,-38.545844,Nordeste,RPGA do Rio Itapicuru,0.5,6.75,0.0,0.0,0.0,0.0,0.0,0.0,0.0,0.0,0.0,0.0,0.0,0.0,17.5,0.0,0.0,0.0,0.0,17.25,0.0,0.0,0.0,0.0,0.0,0.0,0.0,0.75,3.0,45.75
BR 116 E. Cunha / Tucano,IT-PR-05,Quijingue,Quijingue (BR 116 E. Cunha / Tucano) - IT-PR-05,-10.7105,-38.9227,Nordeste,RPGA do Rio Itapicuru,0.0,1.0,0.25,0.0,0.0,0.0,0.0,0.0,0.0,0.0,0.0,0.0,0.0,0.0,0.0,0.0,0.0,0.0,0.0,10.0,1.25,0.0,0.0,0.0,0.0,0.0,0.0,0.0,3.0,15.5
Crisópolis,IT-PR-08,Crisópolis,Crisópolis - IT-PR-08,-11.510923,-38.120832,Nordeste,RPGA do Rio Itapicuru,28.75,2.25,0.25,0.0,0.0,0.0,0.0,0.0,0.0,1.0,0.0,0.0,0.0,0.0,0.0,0.0,0.0,3.0,2.25,7.75,0.0,1.5,0.0,0.0,0.0,0.0,1.0,0.0,0.0,47.75
Fazenda Laranjeiras III,IT-PR-09,Araci,Araci (Fazenda Laranjeiras III) - IT-PR-09,-11.334248,-38.968638,Nordeste,RPGA do Rio Itapicuru,2.5,0.0,6.5,0.0,0.0,0.0,0.0,0.0,0.0,0.0,0.0,0.0,0.0,0.0,0.0,0.0,0.0,2.25,0.0,1.5,0.0,1.5,0.0,0.0,0.0,0.0,0.25,0.0,0.0,14.5
Olindina,IT-PR-11,Olindina,Olindina - IT-PR-11,-11.343693,-38.318892,Nordeste,RPGA do Rio Itapicuru,3.75,2.5,0.0,0.0,0.0,0.0,0.0,0.0,0.0,0.0,0.0,0.0,0.0,0.0,0.0,0.0,0.0,2.75,0.0,13.75,0.0,3.25,0.0,0.0,0.0,0.0,3.5,0.0,0.0,29.5
Itapicuru,IT-PR-12,Itapicuru,Itapicuru - IT-PR-12,-11.321193,-38.225003,Nordeste,RPGA do Rio Itapicuru,6.25,5.25,0.0,0.0,0.0,0.0,0.0,0.0,0.0,0.25,0.0,0.0,0.0,0.0,0.0,0.0,0.0,3.75,0.0,16.0,0.0,1.0,0.0,0.0,0.0,0.0,2.5,0.25,0.0,35.25
Boa Hora,IT-PR-13,Ribeira do Amparo,Ribeira do Amparo (Boa Hora) - IT-PR-13,-10.965,-38.5234,Nordeste,RPGA do Rio Itapicuru,1.0,15.5,0.0,0.0,0.0,0.0,0.0,0.0,0.0,0.0,0.0,0.0,0.0,0.0,0.0,0.0,0.0,0.0,0.0,8.0,0.0,0.0,0.0,0.25,0.25,0.25,0.0,0.0,0.0,25.25
Jeremoabo,A450,Jeremoabo,Jeremoabo - A450,-10.0807,-38.3459,Nordeste,RPGA do Rio Vaza-Barris,0.0,5.6,0.2,0.0,0.0,0.0,0.0,0.0,0.0,0.0,0.0,0.0,0.0,0.0,22.4,1.6,0.0,0.0,0.0,6.4,0.2,0.0,0.0,0.0,0.0,0.0,0.0,0.4,0.0,36.81
Malhada da Areia,291840702A,Juazeiro,Juazeiro (Malhada da Areia) - 291840702A,-9.44181,-40.51381,Norte,RPGA dos Rios Macururé e Curaçá,5.2,0.2,0.0,0.0,0.0,0.0,0.0,0.0,0.0,0.0,0.0,0.0,0.0,6.4,17.2,0.8,0.2,0.0,0.0,0.0,0.0,0.0,0.0,0.0,0.0,0.0,0.0,0.0,0.0,30.0
Maria Gorete,291840703A,Juazeiro,Juazeiro (Maria Gorete) - 291840703A,-9.42014,-40.49909,Norte,RPGA dos Rios Macururé e Curaçá,7.2,1.6,0.2,0.0,0.0,0.0,0.0,0.0,0.0,0.0,0.0,0.0,0.0,1.4,12.4,0.6,0.0,0.0,0.0,0.2,0.0,0.0,0.0,0.0,0.0,0.0,0.0,0.0,0.0,23.6
João Paulo II,291840704A,Juazeiro,Juazeiro (João Paulo II) - 291840704A,-9.47067,-40.49805,Norte,RPGA dos Rios Macururé e Curaçá,6.4,0.2,0.2,0.0,0.0,0.0,0.0,0.0,0.0,0.0,0.0,0.0,0.0,8.8,9.4,0.8,0.2,0.0,0.0,0.0,0.0,0.0,0.0,0.0,0.0,0.0,0.0,0.0,0.0,26.0
Lapão,291915701A,Lapão,Lapão - 291915701A,-11.38,-41.83,Norte,RPGA dos Rios Verde e Jacaré,0.0,0.0,0.0,0.0,0.0,0.0,0.0,0.0,0.0,0.0,0.0,0.0,4.4,2.4,0.0,0.0,0.0,0.0,0.0,0.0,0.0,0.0,0.0,0.0,0.0,0.0,0.0,0.0,0.0,6.81
Irecê,83182,Irecê,Irecê - 83182,-11.3,-41.866667,Norte,RPGA dos Rios Verde e Jacaré,0.0,0.0,0.0,0.0,0.0,0.0,0.0,0.0,0.0,0.0,0.0,0.0,1.1,0.3,0.0,0.0,0.0,0.0,0.0,0.0,0.0,0.0,0.0,0.0,0.0,0.0,0.0,0.0,0.0,1.41
Remanso,82979,Remanso,Remanso - 82979,-9.633333,-42.1,Norte,RPGA do Lago de Sobradinho,0.0,0.0,0.0,0.0,0.0,0.0,0.0,0.0,0.0,0.0,0.0,0.0,29.2,0.0,15.8,0.0,0.0,0.0,0.0,0.0,0.0,0.0,0.0,0.0,0.0,0.0,0.0,0.0,0.0,45.0
Delfino,A443,Umburanas,Umburanas (Delfino) - A443,-10.45492,-41.206996,Norte,RPGA do Rio Salitre,2.6,0.0,0.2,0.4,0.0,0.0,0.0,0.0,0.0,0.0,0.0,2.8,2.0,0.0,24.8,0.0,0.0,0.0,0.0,10.2,0.2,0.0,0.0,0.0,0.0,0.0,0.0,0.0,0.0,43.2
Irecê,A424,Irecê,Irecê - A424,-11.328998,-41.864504,Norte,RPGA dos Rios Verde e Jacaré,0.2,0.2,0.0,0.0,0.0,0.2,0.0,0.0,0.0,0.0,0.0,0.0,0.4,0.0,0.4,0.0,0.0,0.0,0.0,0.2,0.0,0.0,0.0,0.0,0.0,0.0,0.0,0.0,0.0,1.6
Casa Nova,Faz. Santa Felicidade,Casa Nova,Casa Nova - Faz. Santa Felicidade,-9.333333,-40.8,Norte,RPGA do Lago de Sobradinho,4.1,3.8,1.0,0.0,0.0,0.0,0.0,0.0,0.0,0.0,0.0,0.0,0.0,0.0,7.1,0.3,0.3,0.0,0.0,0.0,0.0,0.0,0.0,0.0,0.0,0.0,0.0,0.0,0.0,16.6
Juazeiro,Fazenda Brasil Uvas,Juazeiro,Juazeiro - Fazenda Brasil Uvas,-9.316666,-40.183333,Norte,RPGA dos Rios Macururé e Curaçá,3.6,0.8,0.0,0.3,0.0,0.0,0.0,0.0,0.0,0.0,0.0,0.0,0.0,0.0,9.4,0.5,0.25,0.0,0.0,11.2,0.0,0.0,0.0,0.0,0.0,0.0,0.0,0.0,0.0,26.05
Jaguarari,Pilar,Jaguarari,Jaguarari - Pilar,-9.85,-39.933333,Norte,RPGA dos Rios Macururé e Curaçá,12.9,1.3,0.2,2.3,0.0,0.0,0.0,0.0,0.0,0.0,0.0,0.0,2.2,3.5,4.3,0.1,0.0,0.0,0.3,0.1,0.0,0.0,0.0,0.0,0.0,0.0,0.0,0.0,0.0,27.21
Juazeiro,Salitre,Juazeiro,Juazeiro - Salitre,-9.5,-40.633333,Norte,RPGA dos Rios Macururé e Curaçá,0.4,0.0,0.0,0.0,0.0,0.0,0.0,0.0,0.0,0.0,0.0,0.0,0.0,22.2,0.1,0.4,0.0,0.0,0.0,0.0,0.0,0.0,0.0,0.0,0.0,0.0,0.0,0.0,0.0,23.1
Ibitibá,,Ibitibá,Ibitibá,-11.551736,-41.968187,Norte,RPGA dos Rios Verde e Jacaré,0.0,0.0,0.0,0.0,0.0,0.0,0.0,0.0,0.0,0.0,0.0,0.0,9.0,7.8,0.0,0.0,0.0,0.0,0.0,0.0,0.0,0.0,0.0,0.0,0.0,0.0,0.0,0.0,0.0,16.8
Jussara,Arrecife,Jussara,Jussara - Arrecife,-11.065335,-41.974853,Norte,RPGA dos Rios Verde e Jacaré,0.0,0.2,0.0,0.0,0.0,0.0,0.0,0.0,0.0,0.0,0.0,0.0,6.0,7.8,0.2,0.0,0.0,0.0,0.0,0.0,0.0,0.0,0.0,0.0,0.0,0.0,0.0,0.0,0.0,14.2
Ibipeba,,Ibipeba,Ibipeba,-11.673962,-42.010413,Norte,RPGA dos Rios Verde e Jacaré,0.0,0.0,0.0,0.0,0.0,0.0,0.0,0.0,0.0,0.0,0.0,0.0,8.2,0.2,0.0,0.0,0.0,0.0,0.0,0.0,0.0,0.0,0.0,0.0,0.0,0.0,0.0,0.0,0.0,8.4
Central,,Central,Central,-11.135391,-42.093468,Norte,RPGA dos Rios Verde e Jacaré,0.0,0.0,0.0,2.0,1.2,0.2,0.0,0.0,0.0,0.0,0.0,0.0,13.2,0.4,0.8,0.0,0.0,0.0,0.0,0.0,3.4,0.4,0.0,0.0,0.0,0.0,0.0,0.0,0.0,21.6
Uibai,,Uibai,Uibai,-11.294784,-42.14208,Norte,RPGA dos Rios Verde e Jacaré,0.0,0.0,0.0,8.2,0.2,0.0,0.0,0.0,0.0,0.0,0.0,0.0,16.2,31.0,2.2,0.0,0.0,0.0,0.0,0.0,0.0,0.0,0.0,0.0,0.0,0.0,0.0,0.0,0.0,57.8
Irecê,VJ-CL-01,Irecê,Irecê - VJ-CL-01,-11.289166,-41.894166,Norte,RPGA dos Rios Verde e Jacaré,0.0,0.0,0.0,0.0,10.75,0.0,0.0,0.0,0.0,0.0,0.0,0.0,13.25,0.75,0.0,0.0,0.0,0.0,0.0,0.0,0.0,0.0,0.0,0.0,0.0,0.0,0.0,0.0,0.0,24.75
Santa Rosa,SM-PR-01,Jaguarari,Jaguarari (Santa Rosa) - SM-PR-01,-10.098374,-39.869774,Norte,RPGA dos Rios Macururé e Curaçá,5.25,0.25,1.25,0.75,0.0,0.0,0.0,0.0,0.0,0.0,0.0,0.0,0.0,0.5,0.5,2.25,0.0,0.0,0.0,38.5,0.0,0.0,0.0,0.0,0.0,0.0,0.0,0.0,0.0,49.25
Juazeiro,Mandacaru,Juazeiro,Juazeiro - Mandacaru,-9.4,-40.433333,Norte,RPGA dos Rios Macururé e Curaçá,1.3,0.0,0.0,0.0,0.0,0.0,0.0,0.0,0.0,0.0,0.0,0.0,0.0,4.3,0.0,1.8,0.0,0.0,0.0,0.0,0.0,0.0,0.0,0.0,0.0,0.0,0.0,0.0,0.0,7.4
Campo Formoso,IT-PR-27,Campo Formoso,Campo Formoso - IT-PR-27,-10.510327,-40.332849,Norte,RPGA do Rio Itapicuru,13.0,0.0,0.0,0.0,0.0,0.0,0.0,0.0,0.0,0.0,0.0,0.0,0.0,0.0,0.0,0.25,0.0,1.0,0.0,22.75,6.0,0.0,0.0,0.0,0.0,0.0,0.0,0.0,0.0,43.0
Jaguarari,IT-PR-28,Jaguarari,Jaguarari - IT-PR-28,-10.269489,-40.200344,Norte,RPGA do Rio Itapicuru,26.75,0.0,0.0,0.25,0.0,0.0,0.0,0.0,0.0,0.0,0.0,0.0,0.0,0.0,8.25,0.25,0.0,0.0,0.0,33.25,14.75,0.0,0.0,0.0,0.0,0.0,0.0,0.0,0.0,83.5
Olho D'Água,,Olho D'Água,Olho D'Água,-10.700331,-40.601468,Norte,RPGA do Rio Salitre,1.4,0.0,0.0,1.0,0.0,0.0,0.0,0.0,0.0,0.0,0.0,0.0,0.0,0.0,0.0,0.4,0.0,0.2,0.4,4.4,0.0,0.0,0.0,0.0,0.0,0.0,0.0,0.0,0.0,7.81
Taquarendi,,Taquarendi,Taquarendi,-10.893669,-40.687028,Norte,RPGA do Rio Salitre,0.6,0.2,0.0,0.0,0.0,0.0,0.0,0.0,0.0,0.0,0.0,0.0,0.0,0.0,0.0,0.0,0.0,0.0,0.0,1.0,0.2,0.0,0.0,0.0,1.4,0.0,0.0,0.0,0.0,3.4
Fazenda Novo Horizonte,GR-PR-13,Barreiras,Barreiras (Fazenda Novo Horizonte) - GR-PR-13,-12.064787,-45.560529,Oeste,RPGA do Rio Grande,0.0,11.0,0.0,0.2,1.6,0.2,9.8,0.0,0.0,0.0,0.0,0.0,16.6,0.6,9.2,0.0,0.0,0.0,0.0,0.0,0.0,0.0,0.0,0.0,0.0,0.0,0.0,0.0,0.0,49.2
Fazenda Catarinense,,Fazenda Catarinense,Fazenda Catarinense,-13.286201,-46.028331,Oeste,RPGA do Rio Grande,0.0,3.2,2.8,16.2,1.4,1.2,0.2,0.0,0.0,0.0,0.0,0.0,0.0,23.4,18.8,0.2,0.0,0.0,0.0,0.0,0.4,0.0,0.0,0.0,0.0,0.0,0.0,0.0,0.0,67.8
Arrojolândia,,Arrojolândia,Arrojolândia,-13.741772,-45.466093,Oeste,"RPGA do Rio Corrente e Riachos do Ramalho, Serra Dourada e Brejo Velho",0.0,0.2,0.0,19.0,0.8,2.6,0.2,0.0,0.0,0.0,0.0,0.0,0.0,8.4,5.2,10.4,0.0,0.0,0.0,0.0,0.0,0.0,0.0,0.0,0.0,0.0,0.0,0.0,0.0,46.81
Rosário,CT-PR-03,Correntina,Correntina (Rosário) - CT-PR-03,-13.940105,-46.188064,Oeste,"RPGA do Rio Corrente e Riachos do Ramalho, Serra Dourada e Brejo Velho",0.0,0.0,22.4,8.0,0.2,0.4,0.2,29.0,0.0,0.0,0.0,0.0,1.4,3.0,0.4,0.2,0.0,0.0,0.0,0.0,0.0,0.0,0.0,0.0,0.0,0.0,12.6,0.0,0.0,77.8
Fazenda Nova Esperança,,Fazenda Nova Esperança,Fazenda Nova Esperança,-13.987891,-45.389148,Oeste,"RPGA do Rio Corrente e Riachos do Ramalho, Serra Dourada e Brejo Velho",0.0,0.0,0.6,0.0,0.0,0.0,0.0,0.0,0.0,0.0,0.0,0.0,0.0,0.8,15.8,0.2,0.2,0.0,0.0,0.0,0.0,0.0,0.0,0.0,0.0,0.0,0.0,0.0,0.0,17.6
Fazenda Cachoeirinha,,Fazenda Cachoeirinha,Fazenda Cachoeirinha,-14.389284,-45.840279,Oeste,"RPGA do Rio Corrente e Riachos do Ramalho, Serra Dourada e Brejo Velho",0.0,0.0,0.2,1.6,1.8,0.0,0.0,0.0,0.0,0.0,0.0,0.0,9.2,27.0,41.4,0.0,0.0,0.0,0.0,0.0,14.8,0.8,0.0,0.0,0.0,0.0,0.0,0.0,0.0,96.8
Ponte do Itaguari,CA-PR-02,Cocos,Cocos (Ponte do Itaguari) - CA-PR-02,-14.234011,-44.626902,Oeste,RPGA do Rio Carinhanha,0.0,0.0,0.0,0.0,0.0,0.0,0.0,0.0,0.0,0.0,0.0,0.0,0.0,0.8,54.2,0.0,0.0,0.0,0.0,0.0,0.0,0.0,0.0,0.0,0.0,0.0,0.0,0.0,0.0,55.0
Correntina,A416,Correntina,Correntina - A416,-13.332386,-44.617376,Oeste,"RPGA do Rio Corrente e Riachos do Ramalho, Serra Dourada e Brejo Velho",0.0,0.0,0.0,0.0,0.0,0.0,0.0,0.0,0.0,0.0,0.0,0.0,0.0,0.4,0.2,0.0,0.0,0.0,0.0,0.0,0.0,0.6,0.2,0.0,0.0,0.0,0.0,0.0,0.0,1.41
Barreiras,83236,Barreiras,Barreiras - 83236,-12.155556,-45.007778,Oeste,RPGA do Rio Grande,0.0,0.0,0.1,0.0,0.0,0.0,0.0,0.0,0.0,0.0,0.0,0.0,0.0,0.3,5.2,0.0,4.2,0.0,0.0,0.0,0.0,0.0,0.0,0.0,0.0,0.0,0.0,0.0,0.0,9.8
Form. Rio Preto,46550000,Barreiras,Barreiras (Form. Rio Preto) - 46550000,-11.154444,-45.009166,Oeste,RPGA do Rio Grande,0.0,0.0,0.7,0.0,0.0,0.0,0.0,0.0,0.0,0.0,0.0,0.0,0.0,0.0,5.4,0.0,4.8,0.0,0.0,0.0,0.0,0.0,0.0,0.0,0.0,0.0,0.0,0.0,0.0,10.9
PCH Pres. Goulart-J,45600000,Correntina,Correntina (PCH Pres. Goulart-J) - 45600000,-13.3344,-44.6208,Oeste,"RPGA do Rio Corrente e Riachos do Ramalho, Serra Dourada e Brejo Velho",0.0,0.0,0.0,0.0,0.0,0.0,0.0,0.0,0.0,0.0,0.0,0.0,0.0,0.6,0.0,0.0,0.0,0.0,0.0,0.0,0.0,0.8,0.0,0.0,0.0,0.0,0.0,0.0,0.0,1.4
COACERAL,GR-CL-02,Formosa do Rio Preto,Formosa do Rio Preto (COACERAL) - GR-CL-02,-10.561944,-45.693333,Oeste,RPGA do Rio Grande,0.0,2.25,0.0,0.0,0.0,0.0,0.0,0.0,0.0,0.0,0.0,0.0,0.0,13.5,0.0,0.0,0.0,0.0,0.0,0.0,0.0,0.0,0.0,0.0,0.0,0.0,0.0,0.0,0.0,15.75
Barreiras,A402,Barreiras,Barreiras - A402,-12.124715,-45.027049,Oeste,RPGA do Rio Grande,0.4,0.0,0.2,0.0,0.0,0.0,0.0,0.0,0.0,0.0,0.0,0.0,0.0,0.2,6.0,0.0,0.0,0.0,0.0,0.0,0.0,0.0,0.0,0.0,0.0,0.0,0.0,0.0,0.0,6.8
Luís Eduardo Magalhães,A404,Luís Eduardo Magalhães,Luís Eduardo Magalhães - A404,-12.152394,-45.829745,Oeste,RPGA do Rio Grande,3.0,11.6,9.2,0.0,0.6,0.2,0.0,0.0,0.0,0.0,0.0,0.0,9.4,12.6,0.6,0.6,0.2,0.2,0.4,0.0,0.0,0.0,0.0,0.0,0.0,0.0,0.0,0.0,0.0,48.61
São Desidério,R. Velha - GR-CL-01,São Desidério,São Desidério - R. Velha - GR-CL-01,-12.898055,-46.157222,Oeste,RPGA do Rio Grande,0.0,3.5,13.75,0.25,0.75,7.25,0.0,0.0,3.0,0.0,0.0,0.0,0.0,0.0,1.25,0.0,0.0,0.0,0.0,0.0,0.0,0.0,0.0,0.0,0.0,0.0,0.0,0.0,0.0,29.75
J. Zoológico,A401,Salvador,Salvador (J. Zoológico) - A401,-13.005515,-38.50576,Recôncavo,RPGA do Recôncavo Norte,0.2,0.6,4.0,0.2,0.0,0.2,0.0,0.0,0.0,0.0,0.0,0.0,0.0,0.0,0.0,0.0,0.0,0.6,24.4,8.2,0.0,0.0,1.2,0.0,0.0,0.4,1.2,0.2,0.0,41.41
Cruz das Almas,A406,Cruz das Almas,Cruz das Almas - A406,-12.675422,-39.08958,Recôncavo,RPGA do Rio Paraguaçu,0.2,0.0,5.0,0.0,0.2,0.0,0.0,0.0,0.2,0.0,0.0,0.0,0.0,0.0,0.0,0.0,0.0,1.8,0.0,35.2,0.2,0.2,0.4,0.6,1.2,0.2,2.4,0.0,0.2,48.01
Salvador,Canabrava,Salvador,Salvador - Canabrava,-12.924122,-38.429942,Recôncavo,RPGA do Recôncavo Norte,1.1,0.2,3.8,0.3,0.3,0.1,0.2,0.1,0.0,0.1,1.3,0.5,0.0,0.0,0.0,0.0,0.0,4.1,8.3,27.5,15.7,4.1,2.9,2.1,0.2,0.2,3.2,0.1,0.0,76.4
Feira de Santana,A413,Feira de Santana,Feira de Santana - A413,-12.1962,-38.967384,Recôncavo,RPGA do Recôncavo Norte,21.6,0.0,1.4,0.2,0.0,0.0,0.0,0.0,0.0,0.0,0.0,0.0,0.0,0.0,0.0,0.2,0.0,1.2,1.8,15.8,0.0,3.2,0.0,0.6,1.0,0.0,0.0,0.0,0.0,47.01
Alagoinhas,83249,Alagoinhas,Alagoinhas - 83249,-12.148333,-38.425556,Recôncavo,RPGA do Recôncavo Norte,1.1,0.0,1.5,1.5,0.0,0.2,0.0,0.0,0.0,0.0,0.0,0.0,0.0,0.0,0.0,0.0,0.0,3.7,0.0,5.4,0.0,1.7,0.0,0.0,0.0,0.0,0.0,0.0,0.0,15.1
Cruz das Almas,83222,Cruz das Almas,Cruz das Almas - 83222,-12.666667,-39.083333,Recôncavo,RPGA do Rio Paraguaçu,0.0,0.0,4.8,0.0,0.0,0.0,0.0,0.0,0.0,0.0,0.0,0.0,0.0,0.0,0.0,0.0,0.0,1.8,0.0,40.0,0.0,0.3,0.1,0.4,0.0,0.0,2.6,0.0,0.0,50.0
Feira de Santana,83221,Feira de Santana,Feira de Santana - 83221,-12.196111,-38.967222,Recôncavo,RPGA do Recôncavo Norte,21.6,0.0,2.0,0.0,0.0,0.0,0.0,0.0,0.0,0.0,0.0,0.0,0.0,0.0,0.0,0.0,0.0,1.0,0.0,15.8,0.0,2.6,0.0,0.0,0.0,0.0,0.0,0.0,0.0,43.01
Amargosa,A434,Amargosa,Amargosa - A434,-13.009468,-39.616881,Recôncavo,RPGA do Recôncavo Sul,0.4,0.6,1.8,0.4,0.2,0.0,0.0,0.0,0.4,0.0,0.0,0.0,0.0,0.0,0.0,0.0,0.0,1.4,1.8,4.0,0.0,3.4,0.4,0.8,0.4,0.0,2.2,0.0,0.0,18.2
Valença,A444,Valença,Valença - A444,-13.34361,-39.12667,Recôncavo,RPGA do Recôncavo Sul,8.6,4.2,6.2,3.6,0.2,0.4,1.6,0.4,1.8,0.0,0.0,0.0,0.0,0.0,0.0,0.0,0.2,1.6,12.2,17.2,5.6,0.2,2.4,5.6,2.2,0.0,5.0,1.2,0.2,80.61
Mata de São João,ETA - Embasa,Mata de São João,Mata de São João - ETA - Embasa,-12.394946,-37.934649,Recôncavo,RPGA do Recôncavo Norte,3.8,0.0,2.4,0.0,0.0,0.0,0.0,0.0,0.0,0.2,0.0,0.0,0.0,0.0,0.0,0.0,0.0,0.0,7.5,21.7,0.0,0.0,0.0,0.0,0.0,0.0,0.0,5.1,0.0,40.7
Candeias,EMBASA,Candeias,Candeias - EMBASA,-12.663561,-38.533,Recôncavo,RPGA do Recôncavo Norte,0.0,0.0,0.0,0.0,0.0,0.0,0.0,0.0,0.0,0.0,0.0,0.0,0.0,0.0,0.0,0.0,0.0,1.2,1.9,0.0,0.0,0.0,0.0,0.1,0.3,0.1,0.3,0.0,0.1,4.0
Dias D´Ávila,EMBASA,Dias D´Ávila,Dias D´Ávila - EMBASA,-12.620505,-38.315217,Recôncavo,RPGA do Recôncavo Norte,0.0,0.0,0.0,0.0,0.0,0.0,0.0,0.0,0.0,0.0,0.0,0.0,0.0,0.0,0.0,0.0,0.0,1.4,1.5,27.5,0.0,3.0,0.0,0.0,2.9,4.2,1.9,0.0,0.0,42.4
São Sebastião do Passé-EMBASA,,São Sebastião do Passé-EMBASA,São Sebastião do Passé-EMBASA,-12.517449,-38.492165,Recôncavo,RPGA do Recôncavo Norte,0.0,0.0,0.0,0.0,0.0,0.0,0.0,0.0,0.0,0.0,0.0,0.0,0.0,0.0,0.0,0.0,0.0,0.0,0.0,31.3,0.0,0.0,0.0,0.0,0.0,0.0,0.0,0.0,0.0,31.3
Joanes II,322,Simões Filho,Simões Filho (Joanes II) - 322,-12.674147,-38.376254,Recôncavo,RPGA do Recôncavo Norte,0.0,0.0,0.0,0.0,0.0,0.0,0.0,0.0,0.0,0.0,0.0,0.0,0.0,0.0,1.2,0.0,0.0,0.7,6.0,24.4,0.0,0.0,1.3,0.0,0.0,1.4,0.0,0.0,0.0,35.0
Santa Helena,323,Camaçari,Camaçari (Santa Helena) - 323,-12.56202,-38.1606,Recôncavo,RPGA do Recôncavo Norte,0.0,0.0,0.0,1.5,0.0,0.0,0.0,0.0,0.0,0.0,0.0,0.0,0.0,0.0,0.0,0.0,0.0,9.5,2.7,60.5,0.0,0.4,0.0,0.4,0.5,0.7,3.4,1.6,0.0,81.21
Salvador,(MONT SERRAT - PCD),Salvador,Salvador - (MONT SERRAT - PCD),-12.930959,-38.516964,Recôncavo,RPGA do Recôncavo Norte,0.8,0.6,0.6,0.4,0.2,2.0,69.8,0.0,0.0,0.0,0.0,0.0,0.0,0.0,0.0,0.0,0.0,2.8,5.0,10.8,0.0,3.0,0.8,0.4,0.0,0.0,4.2,0.0,0.0,101.4
Ondina,83229,Salvador,Salvador (Ondina) - 83229,-13.005278,-38.505833,Recôncavo,RPGA do Recôncavo Norte,0.0,0.4,3.5,0.3,0.0,0.0,0.0,0.0,0.0,0.0,0.0,0.0,0.0,0.0,0.0,0.0,0.0,0.4,25.6,8.0,0.0,0.0,1.0,0.0,0.0,0.0,1.2,0.1,0.0,40.51
Feira de Santana,PG-PR-13,Feira de Santana,Feira de Santana - PG-PR-13,-12.268161,-38.96642,Recôncavo,RPGA do Rio Paraguaçu,15.0,0.0,3.25,0.0,0.0,0.0,0.0,0.0,0.0,0.0,0.0,0.0,0.0,0.0,0.0,0.5,0.0,3.25,0.5,9.75,0.0,0.25,0.25,0.0,0.0,0.0,0.0,0.0,0.0,32.75
Itatim,PG-PR-14,Itatim,Itatim - PG-PR-14,-12.720391,-39.700059,Recôncavo,RPGA do Rio Paraguaçu,0.0,0.0,0.25,0.0,0.0,0.0,0.0,0.0,0.0,0.0,0.0,0.0,0.0,0.0,0.0,0.0,0.0,0.0,3.75,8.25,0.0,0.0,0.25,0.0,0.0,0.25,1.25,0.75,0.0,14.75
Centro,292740802A,Salvador,Salvador (Centro) - 292740802A,-12.97821,-38.515945,Recôncavo,RPGA do Recôncavo Norte,0.4,3.0,2.8,0.0,0.0,0.0,0.0,0.0,0.0,0.0,16.0,0.0,0.0,0.0,0.0,0.0,0.0,0.0,16.6,6.9,0.0,0.0,0.0,0.0,1.0,0.0,3.0,0.4,0.0,50.1
São tomé de Paripe,292740806A,Salvador,Salvador (São tomé de Paripe) - 292740806A,-12.795508,-38.489389,Recôncavo,RPGA do Recôncavo Norte,0.2,0.0,2.2,2.4,0.4,0.2,0.8,0.0,0.0,0.0,0.0,0.0,0.0,0.0,0.0,0.0,0.0,0.2,0.4,2.0,2.0,0.2,0.4,0.4,0.2,0.2,5.0,0.0,0.0,17.2
Federação,292740803A,Salvador,Salvador (Federação) - 292740803A,-13.000791,-38.511056,Recôncavo,RPGA do Recôncavo Norte,1.6,0.2,2.8,2.4,0.0,0.0,0.0,0.0,0.0,0.0,0.2,0.0,0.0,0.0,0.0,0.0,0.0,0.0,13.6,6.1,0.0,0.0,2.0,0.0,0.0,0.0,1.0,0.0,0.0,29.9
Nova Esperança,292740818A,Salvador,Salvador (Nova Esperança) - 292740818A,-12.861,-38.368,Recôncavo,RPGA do Recôncavo Norte,0.4,0.0,6.5,0.0,0.0,0.0,0.0,0.0,0.0,0.4,0.4,0.0,0.0,0.0,0.0,0.0,0.0,0.4,10.8,25.4,0.0,0.4,1.0,3.4,0.0,0.0,1.8,0.2,0.0,51.1
Águas Claras,292740808A,Salvador,Salvador (Águas Claras) - 292740808A,-12.8944,-38.441889,Recôncavo,RPGA do Recôncavo Norte,0.0,0.2,12.4,0.0,0.0,0.0,0.0,0.0,0.0,0.4,0.6,0.0,0.0,0.0,0.0,0.0,0.0,2.4,12.0,20.9,0.0,4.3,0.0,0.0,0.0,0.0,2.8,0.0,0.0,56.0
Alto do Peru,292740812A,Salvador,Salvador (Alto do Peru) - 292740812A,-12.939122,-38.486334,Recôncavo,RPGA do Recôncavo Norte,1.8,0.4,1.0,0.6,0.6,0.2,0.4,0.2,0.0,0.0,2.4,1.0,0.0,0.0,0.0,0.0,0.0,3.4,1.0,19.4,4.6,6.2,4.4,1.2,0.4,0.4,4.7,0.0,0.0,54.31
Cosme de Farias,292740816A,Salvador,Salvador (Cosme de Farias) - 292740816A,-12.979402,-38.4855,Recôncavo,RPGA do Recôncavo Norte,0.6,0.0,3.0,6.5,0.0,0.0,0.0,0.0,0.0,0.0,3.7,0.0,0.0,0.0,0.0,0.0,0.0,0.0,15.2,7.7,0.0,0.2,0.0,0.2,0.4,0.0,1.8,0.8,0.0,40.1
Pirajá,292740801A,Salvador,Salvador (Pirajá) - 292740801A,-12.8994,-38.458833,Recôncavo,RPGA do Recôncavo Norte,0.2,0.0,0.8,0.2,0.0,0.0,0.0,0.0,0.0,0.0,3.4,0.0,0.0,0.0,0.0,0.0,0.0,3.6,2.4,2.0,0.4,0.2,0.4,0.2,0.0,0.2,0.0,0.0,0.0,14.0
Rio Sena,292740805A,Salvador,Salvador (Rio Sena) - 292740805A,-12.891344,-38.470778,Recôncavo,RPGA do Recôncavo Norte,0.0,0.4,2.0,0.4,3.4,0.0,0.0,0.0,0.0,0.0,3.2,0.6,0.2,0.4,0.0,0.0,0.0,1.0,0.8,0.4,0.4,1.4,0.6,0.2,0.8,0.6,2.6,0.0,0.0,19.41
Valéria,292740817A,Salvador,Salvador (Valéria) - 292740817A,-12.8644,-38.438276,Recôncavo,RPGA do Recôncavo Norte,0.0,0.0,10.3,0.0,0.0,0.0,0.0,0.0,0.0,0.4,2.0,0.0,0.0,0.0,0.0,0.0,0.0,0.4,11.6,17.0,0.2,1.8,0.4,3.6,0.0,0.0,6.9,0.0,0.0,54.6
Malemba,290650102A,Candeias,Candeias (Malemba) - 290650102A,-12.678285,-38.544112,Recôncavo,RPGA do Recôncavo Norte,0.0,0.0,0.0,0.0,0.0,0.0,0.0,0.0,0.0,0.0,0.0,0.0,0.0,0.0,0.0,0.0,0.0,2.6,0.2,19.5,0.0,0.6,0.0,0.0,0.6,2.0,2.2,0.0,0.0,27.71
Salvador,Itapuã - RN-CL-01,Salvador,Salvador - Itapuã - RN-CL-01,-12.931388,-38.361111,Recôncavo,RPGA do Recôncavo Norte,1.1,0.3,3.8,0.3,0.4,0.1,0.3,0.1,0.0,0.0,1.2,0.5,0.0,0.0,0.0,0.0,0.0,0.5,13.0,37.8,2.3,7.6,2.2,1.7,0.2,0.2,3.0,0.0,0.1,76.7
Santo Antônio,290650103A,Candeias,Candeias (Santo Antônio) - 290650103A,-12.678285,-38.536056,Recôncavo,RPGA do Recôncavo Norte,0.0,0.0,0.0,0.0,0.0,0.0,0.0,0.0,0.0,0.0,0.0,0.0,0.0,0.0,0.0,0.0,0.0,3.6,0.6,14.4,2.2,1.6,0.4,0.0,0.0,2.6,2.6,0.0,0.0,28.01
Areia Branca,291920706A,Lauro de Freitas,Lauro de Freitas (Areia Branca) - 291920706A,-12.841,-38.337,Recôncavo,RPGA do Recôncavo Norte,1.2,0.4,1.8,0.0,0.0,0.0,0.0,0.0,0.0,0.4,0.0,0.0,0.0,0.0,0.0,0.0,0.0,1.6,21.3,29.3,0.0,0.4,0.0,1.6,0.0,0.0,1.6,3.1,0.0,62.7
Itinga,291920703A,Lauro de Freitas,Lauro de Freitas (Itinga) - 291920703A,-12.892,-38.336,Recôncavo,RPGA do Recôncavo Norte,0.0,0.0,9.4,0.2,0.0,0.0,0.0,0.0,0.0,0.0,0.0,0.0,0.0,0.0,0.0,0.0,0.0,4.5,35.6,46.5,0.0,7.7,1.6,5.7,0.0,0.0,6.1,0.0,0.0,117.3
Vila Praiana,291920702A,Lauro de Freitas,Lauro de Freitas (Vila Praiana) - 291920702A,-12.901,-38.308,Recôncavo,RPGA do Recôncavo Norte,0.0,0.0,7.5,0.0,0.0,0.0,0.0,0.0,0.0,0.0,0.0,0.0,0.0,0.0,0.0,0.0,0.0,7.1,29.5,54.6,0.0,10.1,1.0,4.3,0.0,0.0,5.3,0.8,0.0,120.2
Rua 02 de Julho,291920705A,Lauro de Freitas,Lauro de Freitas (Rua 02 de Julho) - 291920705A,-12.839,-38.35,Recôncavo,RPGA do Recôncavo Norte,0.4,0.4,1.6,0.0,0.0,0.0,0.0,0.0,0.0,0.4,0.0,0.0,0.0,0.0,0.0,0.0,0.0,2.7,18.5,21.8,0.0,0.2,0.4,1.2,0.0,0.0,2.2,2.0,0.2,52.01
Muritiba,PG-PR-12,Muritiba,Muritiba - PG-PR-12,-12.617895,-39.005591,Recôncavo,RPGA do Rio Paraguaçu,0.0,0.0,1.25,0.25,0.0,0.0,0.0,0.0,0.0,0.0,0.0,0.0,0.0,0.0,8.5,0.0,0.0,0.0,0.0,25.25,0.0,1.0,0.5,6.75,0.0,0.5,0.5,0.0,0.0,44.5
Dois de Julho,291120401A,Gandú,Gandú (Dois de Julho) - 291120401A,-13.741357,-39.48303,Recôncavo,RPGA do Recôncavo Sul,3.4,0.4,0.0,3.2,0.2,0.0,0.0,1.0,2.6,0.2,0.0,0.0,0.0,0.0,0.0,0.0,0.0,0.2,8.9,7.2,0.2,0.2,0.2,0.0,0.2,0.0,3.8,0.0,0.0,31.9
Centro,292250801A,Nazaré,Nazaré (Centro) - 292250801A,-13.032,-39.015,Recôncavo,RPGA do Recôncavo Sul,1.4,0.0,7.1,6.9,0.0,0.0,0.0,0.0,0.0,0.0,0.0,0.0,0.0,0.0,0.0,0.0,0.0,0.6,12.5,16.4,0.4,6.9,3.2,0.2,0.2,0.0,1.0,0.0,0.0,56.81
Rua São Roque,293290301A,Valença,Valença (Rua São Roque) - 293290301A,-13.363,-39.078,Recôncavo,RPGA do Recôncavo Sul,10.4,0.2,11.4,2.6,0.2,0.0,0.9,0.0,2.4,0.0,0.0,0.0,0.0,0.0,0.0,0.0,0.0,1.2,33.3,9.0,8.9,0.0,2.0,4.5,0.8,0.0,5.3,0.8,0.2,94.1
PC Fazenda Jurema,51346050,Rafael Jambeiro,Rafael Jambeiro (PC Fazenda Jurema) - 51346050,-12.4881,-39.6981,Recôncavo,RPGA do Rio Paraguaçu,0.0,0.0,3.9,0.0,0.0,4.8,0.0,0.0,0.0,0.0,0.0,0.0,0.0,0.0,0.0,0.0,0.0,0.0,0.0,1.6,0.0,0.0,0.0,0.0,0.0,0.0,0.6,0.0,0.0,10.9
PC Argoim,51351000,Rafael Jambeiro,Rafael Jambeiro (PC Argoim) - 51351000,-12.5867,-39.5217,Recôncavo,RPGA do Rio Paraguaçu,0.0,0.0,1.6,0.0,0.0,0.0,0.0,0.0,0.0,0.0,1.3,0.0,0.0,0.0,0.0,0.0,0.0,0.3,0.0,1.3,0.0,0.0,0.0,0.3,0.3,0.3,1.8,0.0,0.0,7.2
PC Rio Paratigi,51370000,Santo Estevão,Santo Estevão (PC Rio Paratigi) - 51370000,-12.51503,-39.38272,Recôncavo,RPGA do Rio Paraguaçu,0.0,0.0,5.8,0.0,0.0,0.0,0.0,0.0,0.0,0.0,0.0,0.0,0.0,0.0,0.0,0.0,0.0,0.0,0.0,0.0,0.0,0.0,0.0,0.0,0.0,0.3,1.3,0.0,0.0,7.4
Feira de Santana,PC Rio Branco,Feira de Santana,Feira de Santana - PC Rio Branco,-12.2331,-39.0461,Recôncavo,RPGA do Rio Paraguaçu,27.7,0.0,4.1,0.0,0.0,0.0,0.0,0.0,0.3,0.0,0.0,0.0,0.0,0.0,0.0,3.6,0.0,2.3,3.1,4.6,0.0,1.5,0.0,0.0,0.0,0.0,0.0,0.0,0.0,47.2
Abaeté,RN-PR-01,Salvador,Salvador (Abaeté) - RN-PR-01,-12.945407,-38.361404,Recôncavo,RPGA do Recôncavo Norte,0.0,0.1,0.0,0.0,0.9,0.0,0.9,0.0,0.3,0.0,0.0,0.0,0.0,0.0,0.0,0.0,0.0,0.0,25.0,56.2,0.0,9.0,0.0,2.2,0.0,0.0,1.3,0.0,0.2,96.11
Espinheira,,Espinheira,Espinheira,-14.283478,-41.75792,Sudoeste,RPGA do Rio de Contas,0.0,0.0,0.0,0.0,0.0,0.0,0.0,0.0,0.0,0.0,0.0,0.0,0.0,0.0,0.0,0.0,0.0,0.0,0.0,0.0,0.0,0.0,0.0,0.0,0.0,0.0,0.0,0.0,0.0,0.0
Itiruçu,A407,Itiruçu,Itiruçu - A407,-13.52629,-40.12055,Sudoeste,RPGA do Recôncavo Sul,0.6,0.0,0.0,0.0,1.0,0.6,0.0,0.2,0.0,0.0,0.2,0.0,0.0,0.0,0.0,0.0,0.2,0.0,0.0,12.4,0.2,0.8,1.0,0.4,0.0,0.2,0.6,0.2,0.0,18.6
Vitória da Conquista,A414,Vitória da Conquista,Vitória da Conquista - A414,-14.886428,-40.80133,Sudoeste,RPGA do Rio Pardo,0.4,0.0,0.0,0.0,0.0,0.2,0.0,0.0,0.2,0.0,0.2,0.0,0.0,1.6,0.4,0.0,0.2,0.0,0.2,0.0,0.0,0.0,0.2,0.0,0.0,0.0,0.0,0.0,0.2,3.81
Ituaçu,83292,Ituaçu,Ituaçu - 83292,-13.812778,-41.3,Sudoeste,RPGA do Rio de Contas,0.0,0.0,13.7,0.0,0.0,0.0,0.0,0.0,0.0,0.0,0.0,0.0,0.0,0.0,0.0,0.0,0.0,0.0,0.0,0.0,0.0,0.0,0.0,0.0,0.0,0.0,0.0,0.0,0.0,13.7
Vitória da Conquista,83344,Vitória da Conquista,Vitória da Conquista - 83344,-14.883333,-40.8,Sudoeste,RPGA do Rio Pardo,0.6,0.0,0.0,0.0,0.0,0.0,0.0,0.0,0.0,0.0,0.0,0.0,0.0,1.0,0.1,0.0,0.0,0.0,0.0,0.0,0.0,0.0,0.2,0.0,0.0,0.0,0.0,0.0,0.0,1.91
Brumado,A433,Brumado,Brumado - A433,-14.181886,-41.672281,Sudoeste,RPGA do Rio de Contas,0.0,0.0,0.0,0.0,0.0,4.0,0.0,0.0,0.0,0.0,0.0,0.0,0.0,0.0,0.0,0.0,0.0,0.0,0.0,0.0,0.0,0.0,0.0,0.0,0.0,0.0,0.0,0.0,0.0,4.0
Ipiaú,A445,Ipiaú,Ipiaú - A445,-14.171304,-39.692502,Sudoeste,RPGA do Rio de Contas,5.0,0.0,0.0,1.4,0.0,0.2,0.0,0.0,0.2,0.0,0.0,0.0,0.0,0.0,0.0,0.0,0.0,0.0,5.2,0.0,0.2,0.2,0.4,0.0,0.0,0.0,0.2,0.0,0.0,13.0
Itapetinga,A446,Itapetinga,Itapetinga - A446,-15.24462,-40.22955,Sudoeste,RPGA do Rio Pardo,1.0,0.0,0.0,0.0,0.0,0.0,0.0,0.0,0.0,0.0,0.0,0.0,0.0,0.6,0.0,0.0,0.0,0.0,0.0,0.0,0.0,0.0,0.0,0.0,0.0,0.0,0.0,0.0,0.0,1.6
Anagé,CO-CL-01,Anagé,Anagé - CO-CL-01,-14.618055,-41.149722,Sudoeste,RPGA do Rio de Contas,0.25,5.5,0.0,0.0,0.0,4.75,0.0,0.0,0.0,0.0,0.0,0.0,0.0,0.0,0.0,0.0,0.0,0.0,0.5,0.0,0.0,0.0,0.0,0.25,0.0,0.0,0.0,0.0,0.0,11.25
Planaltino,PG-PR-03,Planaltino,Planaltino - PG-PR-03,-13.259292,-40.373976,Sudoeste,RPGA do Recôncavo Sul,0.0,0.0,0.0,1.5,11.0,0.0,0.0,0.0,0.0,0.0,0.0,0.0,0.0,0.0,0.0,0.0,0.0,0.0,0.0,0.75,6.0,0.25,0.0,0.0,0.0,0.0,0.0,0.25,0.0,19.75
Centro,293330701A,Vitória da Conquista,Vitória da Conquista (Centro) - 293330701A,-14.852,-40.839,Sudoeste,RPGA do Rio Pardo,0.0,0.0,0.0,0.0,0.0,15.9,0.0,0.0,0.0,0.0,0.0,0.0,12.0,3.8,4.3,0.0,0.0,0.0,0.0,0.0,0.0,0.0,0.0,0.0,0.0,0.0,0.0,0.0,0.0,36.0
Centro,291710201A,Itororó,Itororó (Centro) - 291710201A,-15.119,-40.065,Sudoeste,RPGA do Leste,0.0,0.0,0.0,0.0,0.0,0.0,0.0,0.0,0.0,0.0,0.0,0.0,0.0,0.0,0.0,0.0,0.0,0.0,0.0,0.0,0.0,0.0,0.0,0.0,0.0,0.0,0.0,0.0,0.0,0.0
Clerolândia,291640101A,Itapetinga,Itapetinga (Clerolândia) - 291640101A,-15.243,-40.221,Sudoeste,RPGA do Rio Pardo,2.2,0.0,0.0,0.0,0.0,0.0,0.0,0.0,0.0,0.0,0.0,0.0,0.0,0.2,0.0,0.0,0.0,0.0,0.0,0.0,0.0,0.0,0.0,0.0,0.0,0.0,0.0,0.0,0.0,2.41
Patagônia,293330704A,Vitória da Conquista,Vitória da Conquista (Patagônia) - 293330704A,-14.87,-40.863,Sudoeste,RPGA do Rio Pardo,0.0,0.0,0.0,0.0,0.0,3.5,0.0,0.0,0.0,0.0,0.0,0.0,1.6,3.4,4.9,0.0,0.0,0.0,0.0,0.0,0.0,0.0,0.0,0.0,0.0,0.0,0.0,0.0,0.0,13.4
Lomantão,293330703A,Vitória da Conquista,Vitória da Conquista (Lomantão) - 293330703A,-14.87,-40.827,Sudoeste,RPGA do Rio Pardo,0.0,0.0,0.0,0.0,0.0,5.5,0.0,0.0,0.0,0.0,0.0,0.0,4.9,2.6,0.6,0.0,0.0,0.0,0.0,0.0,0.0,0.0,0.0,0.0,0.0,0.0,0.0,0.0,0.0,13.6
Jaguaquara,RS-CL-01,Jaguaquara,Jaguaquara - RS-CL-01,-13.573055,-39.940833,Sudoeste,RPGA do Recôncavo Sul,1.5,0.0,0.0,0.0,0.0,0.0,0.0,0.0,0.25,0.0,0.0,0.0,0.0,0.0,0.0,0.0,0.0,0.0,2.5,3.75,0.0,1.0,3.0,0.25,0.0,0.0,0.75,0.0,0.0,13.0
Jequié,CO-CL-03,Jequié,Jequié - CO-CL-03,-13.873055,-40.071944,Sudoeste,RPGA do Rio de Contas,3.25,0.0,0.0,0.0,0.0,0.0,0.0,0.0,1.25,0.0,0.0,0.0,0.0,0.0,0.0,0.0,0.0,0.0,0.5,0.5,0.0,0.0,0.0,0.25,0.0,0.0,0.0,0.0,0.0,5.75
PCH Cach. da Lixa M,55354000,Jucuruçu,Jucuruçu (PCH Cach. da Lixa M) - 55354000,-17.06703,-40.068619,Sul,"RPGA dos Rios Peruípe, Itanhém e Jucuruçu",5.0,0.0,0.0,0.0,0.0,0.0,0.0,0.0,0.0,0.5,0.0,0.0,0.0,0.0,0.0,0.0,0.0,0.0,0.0,0.0,0.0,0.0,0.0,0.0,0.0,0.0,0.0,0.0,0.0,5.5
Caravelas,A405,Caravelas,Caravelas - A405,-17.739413,-39.258617,Sul,"RPGA dos Rios Peruípe, Itanhém e Jucuruçu",0.0,0.0,0.0,0.0,0.0,0.0,0.0,0.0,0.0,0.0,0.2,0.0,0.0,0.0,0.0,0.0,0.0,0.0,0.0,0.0,0.0,0.0,0.0,0.4,0.6,0.0,0.0,0.0,0.0,1.21
Ilhéus,A410,Ilhéus,Ilhéus - A410,-14.658803,-39.181438,Sul,RPGA do Leste,3.4,0.0,0.4,0.0,2.8,0.2,0.0,0.0,4.2,1.2,0.0,0.0,0.0,0.0,0.0,0.0,0.0,2.2,0.2,7.0,8.2,0.0,5.4,0.0,0.0,0.2,5.8,0.0,0.0,41.2
Canavieiras,83398,Canavieiras,Canavieiras - 83398,-15.666667,-38.95,Sul,RPGA do Rio Pardo,18.7,0.0,0.0,11.3,1.1,0.0,0.0,0.0,2.7,0.0,0.0,0.0,0.0,0.0,1.1,0.0,0.0,18.8,0.0,1.1,0.0,0.0,27.7,0.0,0.0,0.0,0.0,0.0,0.0,82.5
Caravelas,83498,Caravelas,Caravelas - 83498,-17.739167,-39.258333,Sul,"RPGA dos Rios Peruípe, Itanhém e Jucuruçu",0.0,0.0,0.0,0.0,0.0,0.0,0.0,0.0,0.0,0.0,0.0,0.0,0.0,0.0,0.0,0.0,0.0,0.0,0.0,0.0,0.0,0.0,0.0,0.0,0.4,0.0,0.0,0.0,0.0,0.4
Guaratinga,83446,Guaratinga,Guaratinga - 83446,-16.58,-39.78,Sul,"RPGA dos Rios dos Frades, Buranhém e Santo Antônio",0.0,0.0,0.0,0.0,0.0,0.0,0.0,0.0,0.0,0.0,0.0,0.0,0.0,0.0,0.0,0.0,0.0,0.0,0.0,0.0,0.0,0.0,0.0,0.0,0.0,0.0,0.0,0.0,0.0,0.0
Maraú,A438,Maraú,Maraú - A438,-13.90694,-38.97222,Sul,RPGA do Recôncavo Sul,0.2,6.0,0.0,23.4,3.4,0.8,2.8,0.0,3.6,0.2,0.0,0.0,1.8,0.0,0.0,0.0,0.0,0.4,6.8,20.0,1.8,0.2,0.6,0.0,0.8,0.4,5.2,0.0,0.0,78.4
Una,A437,Una,Una - A437,-15.280215,-39.09127,Sul,RPGA do Leste,0.0,0.4,0.0,1.0,0.4,0.0,0.4,0.0,0.0,0.0,0.0,0.0,0.0,0.0,0.0,0.0,0.0,3.6,0.2,0.0,0.0,0.4,0.0,0.0,0.0,0.0,0.0,0.0,0.0,6.4
Porto Seguro,A427,Porto Seguro,Porto Seguro - A427,-16.388977,-39.182389,Sul,"RPGA dos Rios dos Frades, Buranhém e Santo Antônio",0.0,0.0,0.0,5.2,0.0,1.4,0.0,0.0,0.0,0.0,0.0,0.0,0.0,0.0,0.0,0.0,0.0,0.0,0.0,0.0,0.2,1.4,0.0,0.0,0.0,0.0,0.0,0.0,0.0,8.2
Abrolhos,A422,Caravelas,Caravelas (Abrolhos) - A422,-17.79052,-39.22789,Sul,"RPGA dos Rios Peruípe, Itanhém e Jucuruçu",0.4,0.0,0.0,0.0,0.0,0.0,0.0,0.0,0.0,0.0,0.0,0.0,0.0,0.0,1.0,1.6,0.0,0.0,0.0,0.0,0.0,0.0,0.0,0.0,0.0,0.0,0.0,0.0,0.0,3.0
Belmonte,A447,Belmonte,Belmonte - A447,-16.08487,-39.21726,Sul,"RPGA dos Rios dos Frades, Buranhém e Santo Antônio",11.4,8.0,0.0,0.0,4.0,5.4,0.0,0.0,0.0,0.0,0.0,0.0,0.0,0.0,1.2,0.0,0.0,5.6,4.6,0.0,0.6,1.6,0.0,0.2,0.0,0.0,0.0,0.0,0.0,42.6
CPLAC,LE-CL-01,Ilhéus,Ilhéus (CPLAC) - LE-CL-01,-14.80184,-39.181444,Sul,RPGA do Leste,4.6,0.0,2.9,2.1,4.6,3.8,0.7,5.9,0.1,1.6,3.1,0.0,6.3,0.0,2.7,0.0,0.0,3.2,1.0,7.7,1.7,0.1,13.2,0.0,0.0,4.4,0.0,0.7,0.3,70.71
Teixeira de Freitas,PJ-CL-01,Teixeira de Freitas,Teixeira de Freitas - PJ-CL-01,-17.575555,-39.732777,Sul,"RPGA dos Rios Peruípe, Itanhém e Jucuruçu",0.25,0.0,0.0,0.0,0.0,0.0,0.0,0.0,0.0,0.0,0.0,0.0,0.0,0.0,0.0,0.0,0.0,0.0,0.0,0.0,0.0,0.0,0.0,3.0,0.0,0.0,0.0,0.0,0.0,3.25
Centro,290340901A,Belmonte,Belmonte (Centro) - 290340901A,-15.859179,-38.878025,Sul,RPGA do Rio Jequitinhonha,8.5,0.0,0.0,5.3,0.2,0.2,0.2,0.0,0.2,4.3,0.0,0.0,0.0,0.0,0.0,0.0,0.0,4.9,0.2,0.0,0.0,0.0,7.2,0.0,0.0,0.0,0.0,0.0,2.0,33.2
São João do Panelinha,290560202A,Camacan,Camacan (São João do Panelinha) - 290560202A,-15.375278,-39.489984,Sul,RPGA do Rio Pardo,0.2,0.8,0.0,0.0,0.0,10.3,0.2,0.0,0.0,0.0,0.0,0.0,0.0,0.0,0.0,0.0,0.2,0.0,0.0,0.0,0.0,0.6,2.8,0.0,0.0,0.0,0.0,0.0,0.0,15.1
Centro,290560203A,Camacan,Camacan (Centro) - 290560203A,-15.416389,-39.493873,Sul,RPGA do Rio Pardo,0.0,0.0,0.0,1.8,0.2,3.1,0.0,0.0,0.0,0.0,0.0,0.0,0.8,0.0,0.0,0.0,0.0,0.6,0.0,0.0,0.0,0.0,2.0,0.0,0.0,0.0,0.0,0.0,0.0,8.5
Malhado,291360602A,Ilhéus,Ilhéus (Malhado) - 291360602A,-14.789158,-39.048858,Sul,RPGA do Leste,0.0,0.6,0.2,0.0,15.9,1.2,0.4,0.2,3.4,0.0,0.0,0.0,0.0,9.2,0.2,0.0,0.0,8.9,0.2,4.5,0.4,0.2,6.3,0.6,0.0,0.0,3.8,0.0,0.0,56.2
São Caetano,291480202A,Itabuna,Itabuna (São Caetano) - 291480202A,-14.80638,-39.27803,Sul,RPGA do Leste,0.0,0.0,0.0,1.4,1.4,0.0,0.0,0.0,0.0,0.0,0.0,0.0,0.0,0.0,0.0,0.0,0.0,2.2,0.0,0.0,0.8,0.0,12.7,0.2,0.0,0.0,2.2,0.0,0.0,20.9
Nova Ferradas,291480203A,Itabuna,Itabuna (Nova Ferradas) - 291480203A,-14.857213,-39.346922,Sul,RPGA do Leste,0.0,0.0,0.0,0.4,0.0,0.0,0.0,0.0,0.0,0.6,0.0,0.0,0.0,0.0,0.0,0.0,0.0,7.9,0.0,0.0,0.4,0.2,0.6,0.2,0.0,0.0,2.8,0.0,0.0,13.1
Centro,292300102A,Nova Viçosa,Nova Viçosa (Centro) - 292300102A,-17.893,-39.372,Sul,"RPGA dos Rios Peruípe, Itanhém e Jucuruçu",0.0,0.0,0.4,0.0,0.0,8.9,0.0,0.0,0.0,0.0,0.0,0.0,0.0,0.0,0.0,0.0,0.0,0.0,0.0,0.0,0.0,0.0,0.0,0.0,0.0,0.0,0.0,0.0,0.0,9.3
Posto da Mata,292300103A,Nova Viçosa,Nova Viçosa (Posto da Mata) - 292300103A,-17.896,-39.37,Sul,"RPGA dos Rios Peruípe, Itanhém e Jucuruçu",0.0,0.0,0.6,0.0,0.0,6.3,0.0,0.0,0.0,0.0,0.0,0.0,0.0,0.0,0.0,0.0,0.0,0.0,0.0,0.0,0.0,0.0,0.0,0.0,0.0,0.0,0.0,0.0,0.0,6.9
Areião,292530301A,Porto Seguro,Porto Seguro (Areião) - 292530301A,-16.441,-39.076,Sul,"RPGA dos Rios dos Frades, Buranhém e Santo Antônio",0.0,0.0,0.0,0.0,0.0,0.0,0.0,0.0,0.6,0.0,0.0,0.0,0.0,0.0,0.0,0.0,0.0,0.0,0.0,0.0,2.6,1.6,0.0,0.0,0.0,0.0,0.0,0.0,0.0,4.81
Paraguai,292530302A,Porto Seguro,Porto Seguro (Paraguai) - 292530302A,-16.41,-39.08,Sul,"RPGA dos Rios dos Frades, Buranhém e Santo Antônio",0.2,0.0,0.0,0.0,0.2,0.0,0.6,0.0,1.8,0.0,0.0,0.2,0.2,0.2,0.0,0.0,0.0,0.0,0.0,0.0,0.0,0.0,0.0,0.0,0.0,0.0,0.0,0.0,0.0,3.41
Trancoso,292530303A,Porto Seguro,Porto Seguro (Trancoso) - 292530303A,-16.595,-39.109,Sul,"RPGA dos Rios dos Frades, Buranhém e Santo Antônio",0.0,0.2,0.0,5.2,0.0,0.0,0.0,0.0,0.0,0.0,0.0,0.0,0.0,0.0,0.0,0.0,0.0,0.0,0.0,0.0,0.0,0.0,0.0,0.0,0.0,0.0,0.0,0.0,0.0,5.4
BR367km4,292770501A,Santa Cruz Cabrália,Santa Cruz Cabrália (BR367km4) - 292770501A,-16.321,-39.023,Sul,"RPGA dos Rios dos Frades, Buranhém e Santo Antônio",0.0,0.0,0.0,0.4,0.0,0.0,0.0,0.0,0.0,0.0,0.0,0.0,0.0,0.0,0.0,0.0,0.0,0.0,0.0,0.0,0.2,0.2,0.0,0.2,0.0,0.0,0.0,0.0,0.0,1.0
Estádio Municipal,291530401A,Itagimirim,Itagimirim (Estádio Municipal) - 291530401A,-16.089181,-39.615546,Sul,RPGA do Rio Jequitinhonha,5.3,2.6,0.0,0.0,0.0,0.0,0.0,0.0,0.0,0.0,0.0,0.0,0.0,0.0,0.0,0.0,0.0,0.0,0.0,0.0,0.0,0.0,0.0,0.0,0.0,0.0,0.0,0.0,0.0,7.9
Jusante,54945000,Itapebi,Itapebi (Jusante) - 54945000,-15.949206,-39.5225,Sul,RPGA do Rio Jequitinhonha,2.5,0.3,0.0,0.3,2.3,0.0,0.0,0.0,0.0,0.0,0.0,0.0,0.0,0.0,0.0,0.0,0.0,0.0,0.0,0.0,0.0,0.0,0.0,0.0,0.0,0.0,0.0,0.0,0.0,5.4
Santa Rita de Cássia,A415,Santa Rita de Cássia,Santa Rita de Cássia - A415,-11.002768,-44.524965,São Francisco,RPGA do Rio Grande,0.0,21.4,0.2,0.8,0.2,0.0,0.0,0.0,0.0,0.0,0.0,0.0,0.0,0.2,7.2,0.0,0.2,0.0,0.0,0.0,0.0,0.0,0.0,0.0,0.0,0.0,0.0,0.0,0.0,30.2
Bom Jesus da Lapa,A418,Bom Jesus da Lapa,Bom Jesus da Lapa - A418,-13.251094,-43.405365,São Francisco,RPGA do Rio Carnaíba de Dentro,0.4,6.0,0.0,0.0,0.0,0.2,0.0,0.0,0.0,0.0,0.0,0.0,0.0,0.8,0.2,0.0,0.0,0.0,0.0,0.0,0.8,0.0,0.0,0.0,0.0,0.0,0.0,0.0,0.0,8.4
Barra,83179,Barra,Barra - 83179,-11.083333,-43.166667,São Francisco,RPGA do Rio Grande,5.0,0.0,0.0,0.0,3.4,0.0,0.0,0.0,0.0,0.0,0.0,0.0,11.2,0.0,0.0,0.0,0.0,0.0,0.0,0.0,0.0,0.0,0.0,0.0,0.0,0.0,0.0,0.0,0.0,19.6
Bom Jesus da Lapa,83288,Bom Jesus da Lapa,Bom Jesus da Lapa - 83288,-13.251389,-43.405278,São Francisco,RPGA do Rio Carnaíba de Dentro,0.5,5.8,0.0,0.0,0.0,0.0,0.0,0.0,0.0,0.0,0.0,0.0,0.0,1.2,0.0,0.0,0.0,0.0,0.0,0.0,1.2,0.0,0.0,0.0,0.0,0.0,0.0,0.0,0.0,8.7
Caetité,83339,Caetité,Caetité - 83339,-14.066667,-42.483333,São Francisco,RPGA do Rio de Contas,0.0,0.0,0.0,0.0,0.0,0.0,0.0,0.0,0.0,0.0,0.0,0.0,0.0,10.4,3.6,0.0,0.0,0.0,0.0,0.0,0.0,0.0,0.0,0.0,0.0,0.0,0.0,0.0,0.0,14.0
Carinhanha,83408,Carinhanha,Carinhanha - 83408,-14.283333,-43.766667,São Francisco,"RPGA do Rio Corrente e Riachos do Ramalho, Serra Dourada e Brejo Velho",0.0,0.0,0.0,0.0,0.0,0.0,20.6,0.0,0.0,0.0,0.0,0.0,0.0,5.3,0.0,0.0,0.0,0.0,0.0,0.0,0.0,0.0,0.0,0.0,0.0,0.0,0.0,0.0,0.0,25.91
Santa Rita de Cássia,83076,Santa Rita de Cássia,Santa Rita de Cássia - 83076,-11.016667,-44.516667,São Francisco,RPGA do Rio Grande,0.0,24.4,0.0,0.8,0.8,0.0,0.0,0.0,0.0,0.0,0.0,0.0,0.0,0.2,7.6,0.0,0.0,0.0,0.0,0.0,0.0,0.0,0.0,0.0,0.0,0.0,0.0,0.0,0.0,33.8
Guanambí,A426,Guanambí,Guanambí - A426,-14.208123,-42.749647,São Francisco,RPGA do Rio Carnaíba de Dentro,0.0,0.0,0.0,0.0,0.0,0.0,0.0,0.0,0.0,0.0,0.0,0.0,0.0,9.0,0.6,0.0,0.0,0.0,0.0,0.0,0.0,0.0,0.0,0.0,0.0,0.0,0.0,0.0,0.0,9.6
Buritirama,A432,Buritirama,Buritirama - A432,-10.722925,-43.651203,São Francisco,RPGA do Rio Grande,2.2,2.0,0.0,2.6,0.0,0.0,0.0,0.0,0.0,0.0,0.0,0.0,2.0,8.6,0.2,0.0,0.0,0.0,0.0,0.0,0.8,0.0,0.0,0.0,0.0,0.0,0.0,0.0,0.0,18.4
Barra,A429,Barra,Barra - A429,-11.084858,-43.138998,São Francisco,RPGA do Rio Grande,6.2,0.0,0.0,0.0,4.0,0.0,0.0,0.0,0.0,0.0,0.0,0.0,13.8,0.0,0.0,0.0,0.0,0.0,0.0,0.0,0.0,0.0,0.0,0.0,0.0,0.0,0.0,0.0,0.0,24.0
Zabumbão,PM-PR-02,Paramirim,Paramirim (Zabumbão) - PM-PR-02,-13.43836,-42.21638,São Francisco,RPGA dos Rios Paramirim e Santo Onofre,0.0,0.75,0.0,0.0,0.0,0.0,0.0,0.0,0.0,0.0,0.0,0.0,0.0,0.0,0.0,0.0,0.0,0.0,0.0,0.0,0.0,0.0,0.0,0.0,0.25,0.0,0.0,8.25,0.0,9.25
Gentio do Ouro,,Gentio do Ouro,Gentio do Ouro,-11.42951,-42.513484,São Francisco,RPGA dos Rios Verde e Jacaré,0.2,0.0,0.0,1.0,4.6,0.0,0.0,0.0,0.0,0.0,0.0,9.8,2.8,1.0,0.2,0.0,0.0,0.0,0.0,0.0,0.0,0.0,0.0,0.0,0.0,0.0,0.0,0.0,0.0,19.6
Fazenda Caraíbas,,Fazenda Caraíbas,Fazenda Caraíbas,-12.571486,-42.074028,São Francisco,RPGA dos Rios Paramirim e Santo Onofre,0.0,0.0,0.2,0.0,0.0,0.0,0.0,0.0,0.0,0.0,0.0,0.0,0.0,0.0,0.0,0.0,0.0,0.0,0.0,0.0,0.0,0.0,0.0,0.0,0.0,0.0,0.0,0.0,0.0,0.2
